county,adm1_modern,lon,lat,roc_1946,prc_1949,prc_1953
Fengnan District,Tianjin Municipality,118.04,39.41,Hebei,Hebei,Hebei
Hongxing District,Heilongjiang Province,129.37,48.26,Heilongjiang,Heilongjiang,Heilongjiang
Wangqing County,Jilin Province,129.91,43.58,Jilin,Jilin,Jilin
Panshan County,Liaoning Province,121.73,41.13,Liaoning,Liaoxi,Liaoxi
Jarud Banner,Inner Mongolia Autonomous Region,120.79,44.69,Rehe,IMAR,IMAR
Jining District,Inner Mongolia Autonomous Region,113.11,41.02,Suiyuan,Suiyuan,Suiyuan
Jinzhou District,Liaoning Province,121.87,39.16,Luda,Luda,Luda
Qinghe District,Liaoning Province,124.26,42.5,Liaoning,Liaoxi,Liaoxi
Xinxiang County,Henan Province,113.79,35.23,Henan,Pingyuan,Henan
Xiqing District,Tianjin Municipality,117.16,39.0,Hebei,Hebei,Hebei
Funing County,Hebei Province,119.38,40.03,Hebei,Hebei,Hebei
Yindu District,Henan Province,114.28,36.13,Henan,Pingyuan,Henan
Holingol City,Inner Mongolia Autonomous Region,119.54,45.51,Rehe,IMAR,IMAR
Jiangyuan District,Jilin Province,126.82,42.01,Andong,Liaodong,Liaodong
Mingshan District,Liaoning Province,123.88,41.3,Liaoning,Liaodong,Liaodong
Nanfen District,Liaoning Province,123.8,41.1,Liaoning,Liaodong,Liaodong
Chengzihe District,Heilongjiang Province,131.01,45.38,Hejiang,Songjiang,Songjiang
Donggang City,Liaoning Province,123.81,39.98,Andong,Liaodong,Liaodong
Fengning Manchu Autonomous County,Hebei Province,116.58,41.45,Rehe,Rehe,Rehe
Ulanhot City,Inner Mongolia Autonomous Region,122.11,46.11,Liaobei,IMAR,IMAR
Taonan City,Jilin Province,122.26,45.53,Liaobei,Liaoxi,Liaoxi
雙臺子區 (Shuāngtáizi Qū),Liaoning Province,122.04,41.2,Liaoning,Liaoxi,Liaoxi
Raohe County,Heilongjiang Province,133.67,47.05,Hejiang,Songjiang,Songjiang
Linjiang City,Jilin Province,127.29,41.79,Andong,Liaodong,Liaodong
Anci District,Hebei Province,116.75,39.34,Hebei,Hebei,Hebei
Ang'angxi District,Heilongjiang Province,123.94,47.12,Nenjiang,Heilongjiang,Heilongjiang
Baarin Right Banner,Inner Mongolia Autonomous Region,118.68,43.83,Rehe,IMAR,IMAR
Bayan County,Heilongjiang Province,127.32,46.29,Songjiang,Songjiang,Songjiang
Bayan Obo Mining District,Inner Mongolia Autonomous Region,109.96,41.79,Suiyuan,Suiyuan,Suiyuan
Changyi District,Jilin Province,126.28,44.01,Jilin,Jilin,Jilin
Dadong District,Liaoning Province,123.52,41.86,Liaoning,Shenyang,Shenyang
Dongfeng District,Heilongjiang Province,130.51,46.87,Hejiang,Songjiang,Songjiang
Fengquan District,Henan Province,113.91,35.39,Henan,Pingyuan,Henan
Fujin City,Heilongjiang Province,132.49,47.19,Hejiang,Songjiang,Songjiang
Fushun County,Liaoning Province,124.14,41.69,Liaoning,Liaodong,Liaodong
Gongnong District,Heilongjiang Province,130.27,47.32,Hejiang,Songjiang,Songjiang
Guta District,Liaoning Province,121.06,41.15,Liaoning,Liaoxi,Liaoxi
Abag Banner,Inner Mongolia Autonomous Region,114.75,44.26,Chahar,IMAR,IMAR
Acheng District,Heilongjiang Province,127.16,45.5,Songjiang,Songjiang,Songjiang
Aihui District,Heilongjiang Province,126.71,50.19,Heilongjiang,Heilongjiang,Heilongjiang
Alxa Left Banner,Inner Mongolia Autonomous Region,105.45,39.65,Ningxia,Ningxia,Ningxia
Antu,Jilin Province,128.21,42.7,Jilin,Jilin,Jilin
Anyang County,Henan Province,114.12,36.16,Henan,Pingyuan,Henan
Baodi District,Tianjin Municipality,117.41,39.59,Hebei,Hebei,Hebei
Baoqing County,Heilongjiang Province,132.24,46.35,Hejiang,Songjiang,Songjiang
Baoshan District,Heilongjiang Province,131.47,46.49,Hejiang,Songjiang,Songjiang
Bei'an City,Heilongjiang Province,127.2,48.06,Heilongjiang,Heilongjiang,Heilongjiang
Beiguan District,Henan Province,114.37,36.13,Henan,Pingyuan,Henan
Benxi Manchu Autonomous County,Liaoning Province,124.35,41.19,Andong,Liaodong,Liaodong
Bin County,Heilongjiang Province,127.7,45.78,Songjiang,Songjiang,Songjiang
Boli County,Heilongjiang Province,131.04,45.96,Hejiang,Songjiang,Songjiang
Botou City,Hebei Province,116.36,38.07,Hebei,Hebei,Hebei
Cang County,Hebei Province,116.62,38.31,Hebei,Hebei,Hebei
Cao County,Shandong Province,115.63,34.81,Shandong,Pingyuan,Shandong
Caofeidian District,Hebei Province,118.34,39.2,Hebei,Hebei,Hebei
Changbai Korean Autonomous County,Jilin Province,127.93,41.66,Andong,Liaodong,Liaodong
Changhai County,Liaoning Province,122.98,39.53,Andong,Liaodong,Liaodong
Changping District,Beijing Municipality,116.17,40.21,Hebei,Hebei,Hebei
Changtu County,Liaoning Province,123.97,43.02,Liaobei,Liaoxi,Liaoxi
Chaoyang County,Liaoning Province,120.3,41.42,Rehe,Rehe,Rehe
Chaoyang District,Beijing Municipality,116.53,39.95,Hebei,Hebei,Hebei
Chaoyang District,Jilin Province,125.31,43.67,Jilin,Jilin,Jilin
Chengde County,Hebei Province,118.17,41.03,Rehe,Rehe,Rehe
Chicheng County,Hebei Province,115.92,40.95,Chahar,Chahar,Hebei
Chongli,Hebei Province,115.15,41.03,Chahar,Chahar,Hebei
Chuanying District,Jilin Province,126.24,43.91,Jilin,Jilin,Jilin
Da'an City,Jilin Province,123.69,45.35,Liaobei,Liaoxi,Liaoxi
Dalad Banner,Inner Mongolia Autonomous Region,109.89,40.18,Suiyuan,Suiyuan,Suiyuan
Daowai District,Heilongjiang Province,126.88,45.86,Songjiang,Songjiang,Songjiang
Darhan Muminggan United Banner,Inner Mongolia Autonomous Region,110.15,41.99,Suiyuan,Suiyuan,Suiyuan
Dashiqiao City,Liaoning Province,122.54,40.63,Liaoning,Liaodong,Liaodong
Dawa,Liaoning Province,122.08,40.91,Liaoning,Liaoxi,Liaoxi
Daxing District,Beijing Municipality,116.46,39.63,Hebei,Hebei,Hebei
Dehui City,Jilin Province,125.89,44.55,Jilin,Jilin,Jilin
Didao District,Heilongjiang Province,130.72,45.34,Hejiang,Songjiang,Songjiang
Dongchangfu District,Shandong Province,115.97,36.49,Shandong,Pingyuan,Shandong
Dongcheng District,Beijing Municipality,116.41,39.92,Hebei,Hebei,Hebei
Dongguang County,Hebei Province,116.68,37.88,Hebei,Hebei,Hebei
Dongning County,Heilongjiang Province,130.86,44.12,Songjiang,Songjiang,Songjiang
Dongshan District,Heilongjiang Province,130.06,47.69,Hejiang,Songjiang,Songjiang
East Ujimqin Banner,Inner Mongolia Autonomous Region,117.98,45.72,Chahar,IMAR,IMAR
Ejin Horo Banner,Inner Mongolia Autonomous Region,109.72,39.37,Suiyuan,Suiyuan,Suiyuan
Erdao District,Jilin Province,125.62,43.98,Jilin,Jilin,Jilin
Ergun,Inner Mongolia Autonomous Region,120.81,51.67,Xingan,IMAR,IMAR
Evenk Autonomous Banner,Inner Mongolia Autonomous Region,120.02,48.42,Xingan,IMAR,IMAR
Fan County,Henan Province,115.53,35.78,Shandong,Pingyuan,Henan
Fangshan District,Beijing Municipality,115.86,39.71,Hebei,Hebei,Hebei
Fangzheng County,Heilongjiang Province,128.89,45.86,Songjiang,Songjiang,Songjiang
Fengcheng City,Liaoning Province,124.05,40.56,Andong,Liaodong,Liaodong
Fengrun District,Hebei Province,118.1,39.8,Hebei,Hebei,Hebei
Fengtai District,Beijing Municipality,116.25,39.83,Hebei,Hebei,Hebei
Fularji District,Heilongjiang Province,123.62,47.18,Nenjiang,Heilongjiang,Heilongjiang
Fuyu,Jilin Province,125.59,45.14,Jilin,Jilin,Jilin
Fuyuan,Heilongjiang Province,134.15,47.93,Hejiang,Songjiang,Songjiang
Gaizhou City,Liaoning Province,122.47,40.24,Liaoning,Liaodong,Liaodong
Ganjingzi District,Liaoning Province,121.45,38.95,Luda,Luda,Luda
Genhe,Inner Mongolia Autonomous Region,122.05,51.44,Xingan,IMAR,IMAR
Gongzhuling City,Jilin Province,124.97,43.67,Liaobei,Liaoxi,Liaoxi
Guyang County,Inner Mongolia Autonomous Region,110.17,41.11,Suiyuan,Suiyuan,Suiyuan
Haicheng City,Liaoning Province,122.81,40.83,Liaoning,Liaodong,Liaodong
Haidian District,Beijing Municipality,116.24,40.02,Hebei,Hebei,Hebei
Haigang District,Hebei Province,119.62,39.95,Hebei,Hebei,Hebei
Hailin City,Heilongjiang Province,129.37,44.91,Songjiang,Songjiang,Songjiang
Helong City,Jilin Province,128.98,42.48,Jilin,Jilin,Jilin
Jianchang County,Liaoning Province,119.88,40.76,Rehe,Rehe,Rehe
Jing County,Hebei Province,116.18,37.67,Hebei,Hebei,Hebei
Kharchin Banner,Inner Mongolia Autonomous Region,118.81,41.9,Rehe,Rehe,Rehe
Liaoyang County,Liaoning Province,123.41,40.99,Liaoning,Liaodong,Liaodong
Nanpiao District,Liaoning Province,120.75,41.1,Liaoning,Liaoxi,Liaoxi
Oroqen Autonomous Banner,Inner Mongolia Autonomous Region,123.63,50.24,Nenjiang,IMAR,IMAR
Meihekou City,Jilin Province,125.85,42.57,Andong,Liaodong,Liaodong
Morin Dawa Daur,Inner Mongolia Autonomous Region,124.19,48.95,Nenjiang,IMAR,IMAR
Muling City,Heilongjiang Province,130.31,44.48,Songjiang,Songjiang,Songjiang
Nanpi County,Hebei Province,116.85,38.01,Hebei,Hebei,Hebei
Nehe City,Heilongjiang Province,125.04,48.43,Nenjiang,Heilongjiang,Heilongjiang
Ningcheng County,Inner Mongolia Autonomous Region,118.92,41.58,Rehe,Rehe,Rehe
Qianxi County,Hebei Province,118.39,40.21,Hebei,Hebei,Hebei
Baita District,Liaoning Province,123.18,41.26,Liaoning,Liaodong,Liaodong
Diaobingshan City,Liaoning Province,123.55,42.45,Liaoning,Liaoxi,Liaoxi
Yi County,Hebei Province,115.29,39.32,Hebei,Hebei,Hebei
Yilan County,Heilongjiang Province,129.74,46.25,Hejiang,Songjiang,Songjiang
Yanshou County,Heilongjiang Province,128.33,45.46,Songjiang,Songjiang,Songjiang
Zhalantun,Inner Mongolia Autonomous Region,122.25,47.85,Nenjiang,IMAR,IMAR
Yitong Manchu Autonomous County,Jilin Province,125.22,43.35,Jilin,Jilin,Jilin
Jalaid Banner,Inner Mongolia Autonomous Region,122.54,46.71,Liaobei,IMAR,IMAR
Mengzhou City,Henan Province,112.74,34.93,Henan,Pingyuan,Henan
Ninghe County,Tianjin Municipality,117.82,39.38,Hebei,Hebei,Hebei
Otog Banner,Inner Mongolia Autonomous Region,107.88,39.29,Suiyuan,Suiyuan,Suiyuan
Taihe District,Liaoning Province,121.14,41.0,Liaoning,Liaoxi,Liaoxi
Tieling County,Liaoning Province,123.79,42.26,Liaoning,Liaoxi,Liaoxi
Tonghua County,Jilin Province,125.59,41.74,Andong,Liaodong,Liaodong
Tongjiang City,Heilongjiang Province,133.19,47.87,Hejiang,Songjiang,Songjiang
Tumed Right Banner,Inner Mongolia Autonomous Region,110.63,40.55,Suiyuan,Suiyuan,Suiyuan
Wei County,Hebei Province,115.4,37.07,Hebei,Hebei,Hebei
Wen County,Henan Province,113.05,34.94,Henan,Pingyuan,Henan
Xingcheng City,Liaoning Province,120.46,40.55,Liaoning,Liaoxi,Liaoxi
Xinglong County,Hebei Province,117.72,40.45,Rehe,Rehe,Rehe
Xingtai County,Hebei Province,114.15,37.17,Hebei,Hebei,Hebei
Xinhua District,Hebei Province,114.43,38.1,Hebei,Hebei,Hebei
Zhenlai County,Jilin Province,123.47,45.88,Liaobei,Liaoxi,Liaoxi
Zhenxing District,Liaoning Province,124.25,40.06,Andong,Liaodong,Liaodong
Longgang District,Liaoning Province,120.91,40.74,Liaoning,Liaoxi,Liaoxi
Nianzishan District,Heilongjiang Province,122.89,47.56,Nenjiang,Heilongjiang,Heilongjiang
Hua County,Henan Province,114.69,35.45,Henan,Pingyuan,Henan
Kaiyuan City,Liaoning Province,123.94,42.5,Liaoning,Liaoxi,Liaoxi
Longcheng District,Liaoning Province,120.36,41.63,Rehe,Rehe,Rehe
Longhua County,Hebei Province,117.7,41.49,Rehe,Rehe,Rehe
Mudan District,Shandong Province,115.52,35.26,Shandong,Pingyuan,Shandong
Nanjiao District,Shanxi Province,113.04,40.09,Shanxi,Chahar,Shanxi
Nanshan District,Heilongjiang Province,130.29,47.28,Hejiang,Songjiang,Songjiang
Pinggu District,Beijing Municipality,117.15,40.2,Hebei,Hebei,Hebei
Plain Blue Banner,Inner Mongolia Autonomous Region,116.02,42.53,Chahar,IMAR,IMAR
Sartu District,Heilongjiang Province,125.08,46.61,Nenjiang,Heilongjiang,Heilongjiang
Shangganling District,Heilongjiang Province,128.95,48.05,Heilongjiang,Heilongjiang,Heilongjiang
Xinmin City,Liaoning Province,122.83,42.0,Liaoning,Liaoxi,Liaoxi
Dongli District,Tianjin Municipality,117.36,39.12,Hebei,Hebei,Hebei
Urat Middle Banner,Inner Mongolia Autonomous Region,108.46,41.8,Suiyuan,Suiyuan,Suiyuan
Yanjin County,Henan Province,114.25,35.3,Henan,Pingyuan,Henan
Jiutai District,Jilin Province,126.02,44.18,Jilin,Jilin,Jilin
Tangyin County,Henan Province,114.45,35.89,Henan,Pingyuan,Henan
Tangyuan County,Heilongjiang Province,129.79,46.94,Hejiang,Songjiang,Songjiang
Mancheng District,Hebei Province,115.28,38.93,Hebei,Hebei,Hebei
Yinzhou District,Liaoning Province,123.79,42.32,Liaoning,Liaoxi,Liaoxi
Xinbin Manchu Autonomous County,Liaoning Province,124.92,41.61,Andong,Liaodong,Liaodong
Shangzhi City,Heilongjiang Province,128.32,45.04,Songjiang,Songjiang,Songjiang
Shenhe District,Liaoning Province,123.53,41.79,Liaoning,Shenyang,Shenyang
Shuangta District,Liaoning Province,120.51,41.61,Rehe,Rehe,Rehe
Yanqing County,Beijing Municipality,116.1,40.53,Chahar,Chahar,Hebei
Suifenhe City,Heilongjiang Province,131.08,44.42,Songjiang,Songjiang,Songjiang
Naiman Banner,Inner Mongolia Autonomous Region,120.8,42.89,Rehe,IMAR,IMAR
Jili District,Henan Province,112.57,34.9,Henan,Henan,Henan
Hulan District,Heilongjiang Province,126.79,46.13,Songjiang,Songjiang,Songjiang
Hulin City,Heilongjiang Province,133.09,46.0,Hejiang,Songjiang,Songjiang
Horqin Left Back Banner,Inner Mongolia Autonomous Region,122.69,43.19,Liaobei,IMAR,IMAR
Hexigten Banner,Inner Mongolia Autonomous Region,117.31,43.3,Rehe,IMAR,IMAR
Harqin Left Wing Mongolian Autonomous County,Liaoning Province,119.8,41.17,Rehe,Rehe,Rehe
Yakeshi,Inner Mongolia Autonomous Region,121.23,49.26,Xingan,IMAR,IMAR
Mentougou District,Beijing Municipality,115.8,40.0,Hebei,Hebei,Hebei
Dongfeng County,Jilin Province,125.63,42.77,Liaobei,Liaoxi,Liaoxi
Zhuanghe City,Liaoning Province,123.01,39.84,Andong,Liaodong,Liaodong
Zhen'an District,Liaoning Province,124.29,40.23,Andong,Liaodong,Liaodong
Erenhot City,Inner Mongolia Autonomous Region,111.97,43.66,Chahar,IMAR,IMAR
Ar Khorchin Banner,Inner Mongolia Autonomous Region,119.99,44.29,Rehe,IMAR,IMAR
Arun Banner,Inner Mongolia Autonomous Region,123.04,48.62,Nenjiang,IMAR,IMAR
Arxan City,Inner Mongolia Autonomous Region,120.26,47.15,Xingan,IMAR,IMAR
Baarin Left Banner,Inner Mongolia Autonomous Region,119.2,44.2,Rehe,IMAR,IMAR
Zhangbei County,Hebei Province,114.69,41.25,Chahar,Chahar,Hebei
Laishui County,Hebei Province,115.28,39.63,Hebei,Hebei,Hebei
Ji'an City,Jilin Province,126.03,41.23,Andong,Liaodong,Liaodong
Lüshunkou District,Liaoning Province,121.28,38.84,Luda,Luda,Luda
Guangyang District,Hebei Province,116.73,39.54,Hebei,Hebei,Hebei
New Barga Left Banner,Inner Mongolia Autonomous Region,118.28,48.56,Xingan,IMAR,IMAR
Wudalianchi City,Heilongjiang Province,126.72,48.73,Heilongjiang,Heilongjiang,Heilongjiang
Wuqing District,Tianjin Municipality,117.09,39.42,Hebei,Hebei,Hebei
Fusong County,Jilin Province,127.56,42.26,Andong,Liaodong,Liaodong
Xingshan District,Heilongjiang Province,130.31,47.39,Hejiang,Songjiang,Songjiang
Tongzhou District,Beijing Municipality,116.73,39.81,Hebei,Hebei,Hebei
Tahe County,Heilongjiang Province,124.54,52.75,Heilongjiang,Heilongjiang,Heilongjiang
Plain and Bordered White Banner,Inner Mongolia Autonomous Region,114.99,42.58,Chahar,IMAR,IMAR
Nong'an County,Jilin Province,124.96,44.42,Jilin,Jilin,Jilin
Hexi District,Tianjin Municipality,117.21,39.08,Hebei,Hebei,Hebei
Yanji City,Jilin Province,129.38,43.1,Jilin,Jilin,Jilin
Nanguan District,Jilin Province,125.44,43.71,Jilin,Jilin,Jilin
Lunan District,Tianjin Municipality,117.65,39.37,Hebei,Hebei,Hebei
Xiangyang District,Heilongjiang Province,130.34,46.81,Hejiang,Songjiang,Songjiang
Suizhong County,Liaoning Province,120.03,40.3,Liaoning,Liaoxi,Liaoxi
Yutian County,Tianjin Municipality,117.71,39.77,Hebei,Hebei,Hebei
Yuncheng County,Shandong Province,115.91,35.62,Shandong,Pingyuan,Shandong
Xuanhua District,Hebei Province,114.96,40.48,Chahar,Chahar,Hebei
Shen County,Shandong Province,115.57,36.1,Shandong,Pingyuan,Shandong
Wuchang City,Heilongjiang Province,127.48,44.75,Songjiang,Songjiang,Songjiang
Weichang Manchu and Mongol Autonomous County,Hebei Province,117.48,42.1,Rehe,Rehe,Rehe
Hanggin Banner,Inner Mongolia Autonomous Region,108.05,40.13,Suiyuan,Suiyuan,Suiyuan
Laoting County,Hebei Province,118.95,39.35,Hebei,Hebei,Hebei
Shuangyang District,Jilin Province,125.65,43.53,Jilin,Jilin,Jilin
Lishu County,Liaoning Province,124.38,43.29,Liaobei,Liaoxi,Liaoxi
Kuandian Manchu Autonomous County,Liaoning Province,124.95,40.68,Andong,Liaodong,Liaodong
Huairou District,Beijing Municipality,116.62,40.64,Rehe,Hebei,Hebei
Nenjiang County,Heilongjiang Province,125.63,49.85,Heilongjiang,Heilongjiang,Heilongjiang
Haizhou District,Liaoning Province,121.62,41.97,Rehe,Liaoxi,Liaoxi
Xian County,Hebei Province,116.19,38.22,Hebei,Hebei,Hebei
Nangong City,Hebei Province,115.55,37.27,Hebei,Hebei,Hebei
Songshan District,Inner Mongolia Autonomous Region,118.62,42.37,Rehe,Rehe,Rehe
Hongqi District,Henan Province,113.98,35.28,Henan,Pingyuan,Henan
Jizhou City,Hebei Province,115.51,37.53,Hebei,Hebei,Hebei
Fuxin Mongol Autonomous County,Liaoning Province,121.75,42.13,Rehe,Liaoxi,Liaoxi
Kailu County,Inner Mongolia Autonomous Region,121.36,43.72,Rehe,IMAR,IMAR
Luanping County,Hebei Province,117.4,40.96,Rehe,Rehe,Rehe
Linxi County,Inner Mongolia Autonomous Region,118.05,43.77,Rehe,IMAR,IMAR
Horqin Right Front Banner,Inner Mongolia Autonomous Region,121.31,46.35,Liaobei,IMAR,IMAR
Tiefeng District,Heilongjiang Province,124.17,47.27,Nenjiang,Heilongjiang,Heilongjiang
Ji County,Tianjin Municipality,117.49,40.0,Hebei,Hebei,Hebei
Jinnan District,Tianjin Municipality,117.41,38.96,Hebei,Hebei,Hebei
Linghe District,Liaoning Province,121.19,41.13,Liaoning,Liaoxi,Liaoxi
Nankai District,Tianjin Municipality,117.15,39.11,Hebei,Hebei,Hebei
Puyang County,Henan Province,115.16,35.57,Hebei,Pingyuan,Henan
Wuyiling District,Heilongjiang Province,129.45,48.76,Heilongjiang,Heilongjiang,Heilongjiang
Qiaoxi District,Hebei Province,114.45,38.02,Hebei,Hebei,Hebei
Qing'an County,Heilongjiang Province,127.58,47.05,Heilongjiang,Heilongjiang,Heilongjiang
Horqin Left Middle Banner,Inner Mongolia Autonomous Region,122.43,44.03,Liaobei,IMAR,IMAR
Shunyi District,Beijing Municipality,116.72,40.16,Hebei,Hebei,Hebei
Urat Front Banner,Inner Mongolia Autonomous Region,109.03,40.87,Suiyuan,Suiyuan,Suiyuan
Dachang Hui Autonomous County,Beijing Municipality,116.94,39.9,Hebei,Hebei,Hebei
Uxin Banner,Inner Mongolia Autonomous Region,108.79,38.52,Suiyuan,Suiyuan,Suiyuan
Wafangdian District,Liaoning Province,121.76,39.72,Liaoning,Liaodong,Liaodong
Xi'an District,Jilin Province,125.15,42.93,Liaobei,Liaoxi,Liaoxi
New Barga Right Banner,Inner Mongolia Autonomous Region,116.85,48.74,Xingan,IMAR,IMAR
Shahe City,Hebei Province,114.46,36.94,Hebei,Hebei,Hebei
Jianping County,Liaoning Province,119.66,41.86,Rehe,Rehe,Rehe
West Ujimqin Banner,Inner Mongolia Autonomous Region,117.78,44.65,Chahar,IMAR,IMAR
Linkou County,Heilongjiang Province,130.2,45.32,Hejiang,Songjiang,Songjiang
Longjiang County,Heilongjiang Province,123.02,47.2,Nenjiang,Heilongjiang,Heilongjiang
Longjing City,Jilin Province,129.58,42.71,Jilin,Jilin,Jilin
Siziwang Banner,Inner Mongolia Autonomous Region,111.72,42.28,Suiyuan,Suiyuan,Suiyuan
Linghai City,Liaoning Province,121.41,41.14,Liaoning,Liaoxi,Liaoxi
Zunhua City,Hebei Province,117.92,40.14,Hebei,Hebei,Hebei
Yongji County,Jilin Province,126.26,43.6,Jilin,Jilin,Jilin
Jungar Banner,Inner Mongolia Autonomous Region,110.88,39.8,Suiyuan,Suiyuan,Suiyuan
Ongniud Banner,Inner Mongolia Autonomous Region,119.11,42.94,Rehe,IMAR,IMAR
Jidong County,Heilongjiang Province,131.32,45.27,Hejiang,Songjiang,Songjiang
Jianhua District,Heilongjiang Province,124.0,47.4,Nenjiang,Heilongjiang,Heilongjiang
Sanhe City,Hebei Province,117.05,39.95,Hebei,Hebei,Hebei
Sonid Left Banner,Inner Mongolia Autonomous Region,113.08,43.92,Chahar,IMAR,IMAR
Jiaxiang County,Shandong Province,116.33,35.41,Shandong,Shandong,Shandong
Tieli City,Heilongjiang Province,128.31,46.97,Heilongjiang,Heilongjiang,Heilongjiang
Huailai County,Hebei Province,115.7,40.33,Chahar,Chahar,Hebei
Jiao District,Heilongjiang Province,130.24,46.76,Hejiang,Songjiang,Songjiang
Jiguan District,Heilongjiang Province,130.94,45.3,Hejiang,Songjiang,Songjiang
Sonid Right Banner,Inner Mongolia Autonomous Region,112.95,42.85,Chahar,IMAR,IMAR
Longsha District,Heilongjiang Province,123.93,47.29,Nenjiang,Heilongjiang,Heilongjiang
Luobei County,Heilongjiang Province,130.58,47.77,Hejiang,Songjiang,Songjiang
Pulandian City,Liaoning Province,122.32,39.65,Liaoning,Liaodong,Liaodong
矿区,Shanxi Province,112.93,40.09,Shanxi,Chahar,Shanxi
Zhaoyuan County,Heilongjiang Province,124.6,45.68,Nenjiang,Heilongjiang,Heilongjiang
Xi'an District,Heilongjiang Province,129.48,44.52,Songjiang,Songjiang,Songjiang
Horqin Right Middle Banner,Inner Mongolia Autonomous Region,121.53,45.13,Liaobei,IMAR,IMAR
Xunke County,Heilongjiang Province,128.32,48.82,Heilongjiang,Heilongjiang,Heilongjiang
Hunchun City,Jilin Province,130.63,42.96,Jilin,Jilin,Jilin
Heishan County,Liaoning Province,122.18,41.8,Liaoning,Liaoxi,Liaoxi
Huma County,Heilongjiang Province,125.94,51.9,Heilongjiang,Heilongjiang,Heilongjiang
Dailing District,Heilongjiang Province,128.87,47.1,Heilongjiang,Heilongjiang,Heilongjiang
Fengman District,Jilin Province,126.71,43.65,Jilin,Jilin,Jilin
Pingyin County,Shandong Province,116.36,36.21,Shandong,Shandong,Shandong
Jiayin County,Heilongjiang Province,130.12,48.79,Heilongjiang,Heilongjiang,Heilongjiang
Zhanqian District,Liaoning Province,122.28,40.69,Liaoning,Liaodong,Liaodong
Binhai New Area,Tianjin Municipality,117.66,38.94,Hebei,Hebei,Hebei
Zhangwu County,Liaoning Province,122.43,42.49,Liaoning,Liaoxi,Liaoxi
Hebei District,Tianjin Municipality,117.21,39.16,Hebei,Hebei,Hebei
兴隆台区 (Xīnglóngtái Qū),Liaoning Province,122.03,41.14,Liaoning,Liaoxi,Liaoxi
Tiexi District,Liaoning Province,124.34,43.19,Liaobei,Liaoxi,Liaoxi
Heping District,Liaoning Province,123.4,41.75,Liaoning,Shenyang,Shenyang
Huanggu District,Liaoning Province,123.44,41.87,Liaoning,Shenyang,Shenyang
Huiji District,Henan Province,113.64,34.88,Henan,Henan,Henan
Huojia County,Henan Province,113.62,35.19,Henan,Pingyuan,Henan
Longfeng District,Heilongjiang Province,125.14,46.49,Nenjiang,Heilongjiang,Heilongjiang
Mishan City,Heilongjiang Province,132.0,45.47,Hejiang,Songjiang,Songjiang
Nangang District,Heilongjiang Province,126.56,45.66,Songjiang,Songjiang,Songjiang
Nanle County,Henan Province,115.16,36.1,Hebei,Pingyuan,Henan
Pingfang District,Heilongjiang Province,126.65,45.58,Songjiang,Songjiang,Songjiang
Shuangqiao District,Hebei Province,117.96,40.96,Rehe,Rehe,Rehe
Hejian City,Hebei Province,116.2,38.49,Hebei,Hebei,Hebei
Shenze County,Hebei Province,115.22,38.2,Hebei,Hebei,Hebei
Shuangcheng City,Heilongjiang Province,126.16,45.42,Songjiang,Songjiang,Songjiang
Aimin District,Heilongjiang Province,129.53,44.69,Songjiang,Songjiang,Songjiang
Hengshan District,Heilongjiang Province,130.93,45.15,Hejiang,Songjiang,Songjiang
Huanan County,Heilongjiang Province,130.63,46.28,Hejiang,Songjiang,Songjiang
Xiangyang District,Heilongjiang Province,130.29,47.34,Hejiang,Songjiang,Songjiang
Xilinhot City,Inner Mongolia Autonomous Region,116.07,43.99,Chahar,IMAR,IMAR
Xinhua District,Hebei Province,116.9,38.31,Hebei,Hebei,Hebei
Wuda District,Inner Mongolia Autonomous Region,106.68,39.53,Ningxia,Ningxia,Ningxia
Wuchuan County,Inner Mongolia Autonomous Region,111.22,41.08,Suiyuan,Suiyuan,Suiyuan
Wu'an City,Hebei Province,114.12,36.75,Hebei,Hebei,Hebei
Wensheng District,Liaoning Province,123.34,41.27,Liaoning,Liaodong,Liaodong
Wenshang County,Shandong Province,116.48,35.72,Shandong,Shandong,Shandong
Tonghe County,Heilongjiang Province,128.82,46.24,Songjiang,Songjiang,Songjiang
Togtoh County,Inner Mongolia Autonomous Region,111.3,40.34,Suiyuan,Suiyuan,Suiyuan
Tiexi District,Liaoning Province,122.92,41.13,Liaoning,Liaoxi,Liaoxi
Tiexi District,Liaoning Province,123.15,41.72,Liaoning,Liaoxi,Liaoxi
Tiedong District,Liaoning Province,123.06,41.05,Liaoning,Liaoxi,Liaoxi
Tianzhen County,Shanxi Province,114.12,40.47,Shanxi,Chahar,Shanxi
Taocheng District,Hebei Province,115.65,37.72,Hebei,Hebei,Hebei
Taobei District,Jilin Province,122.75,45.64,Liaobei,Liaoxi,Liaoxi
Tangwanghe District,Heilongjiang Province,129.41,48.53,Heilongjiang,Heilongjiang,Heilongjiang
Tang County,Hebei Province,114.82,38.89,Hebei,Hebei,Hebei
Taizihe District,Liaoning Province,123.08,41.3,Liaoning,Liaodong,Liaodong
Taiqian County,Henan Province,115.88,35.97,Shandong,Pingyuan,Henan
Taiping District,Liaoning Province,121.73,41.99,Rehe,Liaoxi,Liaoxi
Tailai County,Heilongjiang Province,123.57,46.67,Nenjiang,Heilongjiang,Heilongjiang
Taibus Banner,Inner Mongolia Autonomous Region,115.32,41.87,Chahar,Chahar,IMAR
Tai'an County,Liaoning Province,122.42,41.29,Liaoning,Liaoxi,Liaoxi
Sunwu County,Heilongjiang Province,127.24,49.33,Heilongjiang,Heilongjiang,Heilongjiang
Suning County,Hebei Province,115.88,38.4,Hebei,Hebei,Hebei
Sujiatun District,Liaoning Province,123.45,41.59,Liaoning,Liaoxi,Liaoxi
Muye District,Henan Province,113.9,35.35,Henan,Pingyuan,Henan
Zhuozhou City,Hebei Province,115.94,39.48,Hebei,Hebei,Hebei
Miyun District,Beijing Municipality,116.95,40.51,Hebei,Hebei,Hebei
Old Barga Banner,Inner Mongolia Autonomous Region,119.48,49.47,Xingan,IMAR,IMAR
Yichun District,Heilongjiang Province,128.88,47.72,Heilongjiang,Heilongjiang,Heilongjiang
Fuxing District,Hebei Province,114.12,36.62,Henan,Henan,Henan
Yuhua District,Hebei Province,114.57,38.01,Hebei,Hebei,Hebei
Heping District,Tianjin Municipality,117.19,39.12,Hebei,Hebei,Hebei
Tiedong District,Liaoning Province,124.43,43.1,Jilin,Jilin,Jilin
康巴什区,Inner Mongolia Autonomous Region,109.85,39.64,Suiyuan,Suiyuan,Suiyuan
Zuoyun County,Shanxi Province,112.79,40.0,Shanxi,Chahar,Shanxi
Zhuozi County,Inner Mongolia Autonomous Region,112.53,40.95,Suiyuan,Suiyuan,Suiyuan
Zhuolu County,Hebei Province,115.25,40.08,Chahar,Chahar,Hebei
Zhongzhan District,Henan Province,113.13,35.27,Henan,Pingyuan,Henan
Zhengding County,Hebei Province,114.54,38.23,Hebei,Hebei,Hebei
Zhaozhou County,Heilongjiang Province,125.2,45.9,Nenjiang,Heilongjiang,Heilongjiang
Zhaodong City,Heilongjiang Province,125.81,45.96,Nenjiang,Heilongjiang,Heilongjiang
Zhao County,Hebei Province,114.81,37.75,Hebei,Hebei,Hebei
Zaoqiang County,Hebei Province,115.72,37.44,Hebei,Hebei,Hebei
Zanhuang County,Hebei Province,114.3,37.61,Hebei,Hebei,Hebei
Yutai County,Shandong Province,116.55,35.03,Shandong,Pingyuan,Shandong
Yushu City,Jilin Province,126.53,44.88,Jilin,Jilin,Jilin
Yunhe District,Hebei Province,116.82,38.31,Hebei,Hebei,Hebei
Yuhong District,Liaoning Province,123.24,41.91,Liaoning,Shenyang,Shenyang
Yu County,Hebei Province,114.65,39.87,Chahar,Chahar,Hebei
Yucheng City,Shandong Province,116.59,36.93,Shandong,Shandong,Shandong
Yuanyang County,Henan Province,113.94,35.03,Henan,Pingyuan,Henan
Yuanshi County,Hebei Province,114.41,37.8,Hebei,Hebei,Hebei
Yuanbaoshan District,Inner Mongolia Autonomous Region,119.19,42.18,Rehe,Rehe,Rehe
Yuanbao District,Liaoning Province,124.31,40.18,Andong,Liaodong,Liaodong
Jingxing County,Hebei Province,114.1,37.96,Hebei,Hebei,Hebei
Youyu County,Shanxi Province,112.37,39.99,Shanxi,Chahar,Shanxi
Youyi County,Heilongjiang Province,131.8,46.74,Hejiang,Songjiang,Songjiang
Youhao District,Heilongjiang Province,128.48,48.09,Heilongjiang,Heilongjiang,Heilongjiang
Yongqing County,Hebei Province,116.53,39.3,Hebei,Hebei,Hebei
Yongnian County,Hebei Province,114.62,36.76,Hebei,Hebei,Hebei
Yingshouyingzi Mining District,Hebei Province,117.67,40.52,Rehe,Rehe,Rehe
Ying County,Shanxi Province,113.24,39.51,Shanxi,Chahar,Shanxi
Yi County,Liaoning Province,121.26,41.55,Liaoning,Liaoxi,Liaoxi
Yi'an County,Heilongjiang Province,125.24,47.67,Heilongjiang,Heilongjiang,Heilongjiang
Yanshan County,Hebei Province,117.31,37.98,Hebei,Hebei,Hebei
Yangyuan County,Hebei Province,114.37,40.14,Chahar,Chahar,Hebei
Yangming District,Heilongjiang Province,129.87,44.69,Songjiang,Songjiang,Songjiang
Yanggu County,Shandong Province,115.88,36.11,Shandong,Pingyuan,Shandong
Yanggao County,Shanxi Province,113.8,40.17,Shanxi,Chahar,Shanxi
Xinqing District,Heilongjiang Province,129.67,48.2,Heilongjiang,Heilongjiang,Heilongjiang
Xinlin District,Heilongjiang Province,124.73,51.82,Heilongjiang,Heilongjiang,Heilongjiang
Xinle City,Hebei Province,114.78,38.38,Hebei,Hebei,Hebei
Xinji City,Hebei Province,115.25,37.88,Hebei,Hebei,Hebei
Xinhe County,Hebei Province,115.25,37.49,Hebei,Hebei,Hebei
Xingtang County,Hebei Province,114.47,38.53,Hebei,Hebei,Hebei
Xinghe County,Inner Mongolia Autonomous Region,113.8,40.94,Suiyuan,Suiyuan,Suiyuan
Xing'an District,Heilongjiang Province,130.13,47.24,Hejiang,Songjiang,Songjiang
Xinfu District,Liaoning Province,123.94,41.8,Liaoning,Liaodong,Liaodong
Xihe District,Liaoning Province,121.64,42.03,Rehe,Liaoxi,Liaoxi
Xifeng County,Liaoning Province,124.7,42.75,Liaobei,Liaoxi,Liaoxi
Xicheng District,Beijing Municipality,116.36,39.92,Hebei,Hebei,Hebei
Xianghe County,Tianjin Municipality,117.03,39.74,Hebei,Hebei,Hebei
Xiangfang District,Heilongjiang Province,126.78,45.7,Songjiang,Songjiang,Songjiang
Xiahuayuan District,Hebei Province,115.31,40.53,Chahar,Chahar,Hebei
Wuzhi County,Henan Province,113.39,35.04,Henan,Pingyuan,Henan
Wuyuan County,Inner Mongolia Autonomous Region,108.12,41.03,Suiyuan,Suiyuan,Suiyuan
Wuyi County,Hebei Province,115.94,37.82,Hebei,Hebei,Hebei
Wuqiang County,Hebei Province,115.91,38.04,Hebei,Hebei,Hebei
Wumahe District,Heilongjiang Province,128.77,47.62,Heilongjiang,Heilongjiang,Heilongjiang
Wuji County,Hebei Province,114.94,38.17,Hebei,Hebei,Hebei
Suileng County,Heilongjiang Province,127.75,47.57,Nenjiang,Heilongjiang,Heilongjiang
Suibin County,Heilongjiang Province,131.88,47.49,Hejiang,Songjiang,Songjiang
Songbei District,Heilongjiang Province,126.4,45.91,Songjiang,Songjiang,Songjiang
Sifangtai District,Heilongjiang Province,131.27,46.68,Hejiang,Songjiang,Songjiang
Shuocheng District,Shanxi Province,112.46,39.27,Shanxi,Chahar,Shanxi
Shunping County,Hebei Province,115.05,38.93,Hebei,Hebei,Hebei
Shuncheng District,Liaoning Province,123.91,41.95,Liaoning,Liaodong,Liaodong
Shulan City,Jilin Province,127.04,44.3,Jilin,Jilin,Jilin
Shuangluan District,Hebei Province,117.77,41.0,Rehe,Rehe,Rehe
Shuangliao City,Jilin Province,123.78,43.74,Liaobei,Liaoxi,Liaoxi
Xushui District,Hebei Province,115.58,39.02,Hebei,Hebei,Hebei
Xun County,Henan Province,114.48,35.64,Henan,Pingyuan,Henan
Xiuyan Manchu Autonomous County,Liaoning Province,123.34,40.41,Andong,Liaodong,Liaodong
Xiuwu County,Henan Province,113.26,35.33,Henan,Pingyuan,Henan
Xishi District,Liaoning Province,122.27,40.58,Liaoning,Liaodong,Liaodong
Xiong County,Hebei Province,116.18,39.05,Hebei,Hebei,Hebei
Xinrong District,Shanxi Province,113.06,40.27,Suiyuan,Chahar,Shanxi
Xinqiu District,Liaoning Province,121.82,42.06,Rehe,Liaoxi,Liaoxi
Shijingshan District,Beijing Municipality,116.16,39.93,Hebei,Hebei,Hebei
Shiguai District,Inner Mongolia Autonomous Region,110.26,40.74,Suiyuan,Suiyuan,Suiyuan
Shenzhou City,Hebei Province,115.63,37.95,Hebei,Hebei,Hebei
Shanyin County,Shanxi Province,112.85,39.47,Shanxi,Chahar,Shanxi
Shanyang District,Henan Province,113.31,35.21,Henan,Pingyuan,Henan
Shanhaiguan District,Hebei Province,119.74,40.02,Hebei,Hebei,Hebei
Shangyi County,Hebei Province,114.12,41.13,Chahar,Chahar,Hebei
Shangdu County,Inner Mongolia Autonomous Region,113.53,41.73,Chahar,Chahar,IMAR
Shan County,Shandong Province,116.1,34.75,Shandong,Pingyuan,Shandong
Shancheng District,Henan Province,114.21,35.92,Henan,Pingyuan,Henan
Rongcheng County,Hebei Province,115.91,39.05,Hebei,Hebei,Hebei
Renqiu City,Hebei Province,116.19,38.75,Hebei,Hebei,Hebei
Ren County,Hebei Province,114.73,37.18,Hebei,Hebei,Hebei
Rencheng District,Shandong Province,116.6,35.36,Shandong,Shandong,Shandong
Raoyang County,Hebei Province,115.74,38.23,Hebei,Hebei,Hebei
Ranghulu District,Heilongjiang Province,124.87,46.75,Nenjiang,Heilongjiang,Heilongjiang
Quzhou County,Hebei Province,115.0,36.77,Hebei,Hebei,Hebei
Quyang County,Hebei Province,114.59,38.71,Hebei,Hebei,Hebei
Qiu County,Hebei Province,115.2,36.79,Hebei,Hebei,Hebei
Qinyang City,Henan Province,112.85,35.15,Henan,Pingyuan,Henan
Qingyuan Manchu Autonomous County,Liaoning Province,124.93,42.14,Andong,Liaodong,Liaodong
Qingyuan District,Hebei Province,115.46,38.74,Hebei,Hebei,Hebei
Qingshuihe County,Inner Mongolia Autonomous Region,111.73,39.88,Suiyuan,Suiyuan,Suiyuan
Qingshan District,Inner Mongolia Autonomous Region,109.86,40.62,Suiyuan,Suiyuan,Suiyuan
Qinglong Manchu Autonomous County,Hebei Province,119.11,40.35,Rehe,Rehe,Rehe
Qinghemen District,Liaoning Province,121.48,41.8,Rehe,Liaoxi,Liaoxi
Qinghe County,Hebei Province,115.69,37.05,Hebei,Hebei,Hebei
Qinggang County,Heilongjiang Province,125.94,46.8,Heilongjiang,Heilongjiang,Heilongjiang
Qingfeng County,Henan Province,115.16,35.94,Hebei,Pingyuan,Henan
Qing County,Hebei Province,116.87,38.56,Hebei,Hebei,Hebei
Qihe County,Shandong Province,116.68,36.72,Shandong,Shandong,Shandong
Qiezihe District,Heilongjiang Province,131.46,45.91,Songjiang,Songjiang,Songjiang
Qi County,Henan Province,114.17,35.65,Henan,Pingyuan,Henan
Qibin District,Henan Province,114.33,35.78,Henan,Pingyuan,Henan
Qiaoxi District,Hebei Province,114.46,37.04,Hebei,Hebei,Hebei
Wenfeng District,Henan Province,114.41,36.04,Henan,Pingyuan,Henan
Wen'an County,Hebei Province,116.46,38.9,Hebei,Hebei,Hebei
Weihui City,Henan Province,114.09,35.51,Henan,Pingyuan,Henan
Wei County,Henan Province,114.91,36.24,Hebei,Henan,Henan
Weibin District,Henan Province,113.84,35.27,Henan,Pingyuan,Henan
Wanquan,Hebei Province,114.59,40.85,Chahar,Chahar,Hebei
Wangkui County,Heilongjiang Province,126.55,46.84,Heilongjiang,Heilongjiang,Heilongjiang
Wanghua District,Liaoning Province,123.83,41.79,Liaoning,Liaodong,Liaodong
Wangdu County,Hebei Province,115.15,38.66,Hebei,Hebei,Hebei
Urat Rear Banner,Inner Mongolia Autonomous Region,106.31,41.56,Suiyuan,Suiyuan,Suiyuan
Tuquan County,Inner Mongolia Autonomous Region,121.55,45.63,Liaobei,IMAR,IMAR
Tumen City,Jilin Province,129.7,43.0,Jilin,Jilin,Jilin
Tumed Left Banner,Inner Mongolia Autonomous Region,111.2,40.68,Suiyuan,Suiyuan,Suiyuan
Tongyu County,Jilin Province,122.8,44.74,Liaobei,Liaoxi,Liaoxi
Qiaoxi District,Hebei Province,114.85,40.81,Chahar,Chahar,Hebei
Qiaodong District,Hebei Province,114.51,37.05,Hebei,Hebei,Hebei
Qiaodong District,Hebei Province,115.07,40.75,Chahar,Chahar,Hebei
Qianshan District,Liaoning Province,122.92,40.99,Liaoning,Liaodong,Liaodong
Qianjin District,Heilongjiang Province,130.4,46.78,Hejiang,Songjiang,Songjiang
Qian Gorlos Mongol Autonomous County,Jilin Province,124.73,44.89,Jilin,Jilin,Jilin
Qian'an County,Jilin Province,123.96,44.97,Jilin,Jilin,Jilin
Qian'an City,Hebei Province,118.67,40.05,Hebei,Hebei,Hebei
Pingxiang County,Hebei Province,115.0,37.05,Hebei,Hebei,Hebei
Pingshan District,Liaoning Province,123.68,41.23,Liaoning,Liaodong,Liaodong
Pingshan County,Hebei Province,113.88,38.46,Hebei,Hebei,Hebei
Pingquan,Hebei Province,118.66,41.02,Rehe,Rehe,Rehe
Pinglu District,Shanxi Province,112.19,39.66,Shanxi,Chahar,Shanxi
Xihu District,Liaoning Province,123.71,41.4,Liaoning,Liaodong,Liaodong
Xilin District,Heilongjiang Province,129.19,47.48,Heilongjiang,Heilongjiang,Heilongjiang
Pianguan County,Shanxi Province,111.71,39.44,Shanxi,Shanxi,Shanxi
Panshi City,Jilin Province,126.12,43.06,Jilin,Jilin,Jilin
Otog Front Banner,Inner Mongolia Autonomous Region,107.57,38.21,Suiyuan,Suiyuan,Suiyuan
Ningjin County,Hebei Province,114.97,37.61,Hebei,Hebei,Hebei
Ningjiang District,Jilin Province,124.82,45.21,Jilin,Jilin,Jilin
Ning'an City,Heilongjiang Province,129.21,43.99,Songjiang,Songjiang,Songjiang
Neiqiu County,Hebei Province,114.42,37.3,Hebei,Hebei,Hebei
Neihuang County,Henan Province,114.8,35.89,Hebei,Pingyuan,Henan
Nanhe County,Hebei Province,114.74,37.0,Hebei,Hebei,Hebei
Nancha District,Heilongjiang Province,129.38,46.99,Heilongjiang,Heilongjiang,Heilongjiang
Mulan County,Heilongjiang Province,127.93,46.25,Songjiang,Songjiang,Songjiang
Mohe County,Heilongjiang Province,122.69,52.9,Heilongjiang,Heilongjiang,Heilongjiang
Mingshui County,Heilongjiang Province,125.83,47.2,Heilongjiang,Heilongjiang,Heilongjiang
Shenbei New District,Liaoning Province,123.5,42.04,Liaoning,Liaoxi,Liaoxi
Mengcun Hui Autonomous County,Hebei Province,117.1,38.09,Hebei,Hebei,Hebei
Meixi District,Heilongjiang Province,129.4,47.71,Heilongjiang,Heilongjiang,Heilongjiang
Meilisi Daur District,Heilongjiang Province,123.81,47.55,Nenjiang,Heilongjiang,Heilongjiang
Luyuan District,Jilin Province,125.18,43.87,Jilin,Jilin,Jilin
Luquan City,Hebei Province,114.3,38.08,Hebei,Hebei,Hebei
Lulong County,Hebei Province,118.99,39.93,Hebei,Hebei,Hebei
Lubei District,Hebei Province,118.15,39.64,Hebei,Hebei,Hebei
Luannan County,Hebei Province,118.57,39.44,Hebei,Hebei,Hebei
Luan County,Hebei Province,118.64,39.78,Hebei,Hebei,Hebei
Luancheng District,Hebei Province,114.61,37.9,Hebei,Hebei,Hebei
Longyao County,Hebei Province,114.78,37.38,Hebei,Hebei,Hebei
Longtan District,Jilin Province,126.6,44.06,Jilin,Jilin,Jilin
Longshan District,Jilin Province,125.16,42.86,Liaobei,Liaoxi,Liaoxi
Long'an District,Henan Province,114.26,36.03,Henan,Pingyuan,Henan
Liuhe County,Jilin Province,126.06,42.23,Andong,Liaodong,Liaodong
Lishu District,Heilongjiang Province,130.72,45.08,Hejiang,Songjiang,Songjiang
Lishan District,Liaoning Province,123.08,41.12,Liaoning,Liaodong,Liaodong
Linzhou City,Henan Province,113.85,36.02,Henan,Pingyuan,Henan
Linzhang County,Henan Province,114.54,36.26,Hebei,Henan,Henan
Linxi County,Hebei Province,115.5,36.85,Hebei,Hebei,Hebei
Linqing City,Shandong Province,115.79,36.78,Shandong,Pingyuan,Shandong
Linhe District,Inner Mongolia Autonomous Region,107.45,40.92,Suiyuan,Suiyuan,Suiyuan
Lingyuan,Liaoning Province,119.28,41.02,Rehe,Rehe,Rehe
Lingshou County,Hebei Province,114.24,38.5,Hebei,Hebei,Hebei
Lingqiu County,Shanxi Province,114.18,39.35,Shanxi,Chahar,Shanxi
Lingdong District,Heilongjiang Province,131.15,46.5,Hejiang,Songjiang,Songjiang
Lindian County,Heilongjiang Province,124.84,47.16,Nenjiang,Heilongjiang,Heilongjiang
Lincheng County,Hebei Province,114.34,37.46,Hebei,Hebei,Hebei
Li County,Hebei Province,115.65,38.5,Hebei,Hebei,Hebei
Liaozhong,Liaoning Province,122.78,41.49,Liaoning,Liaoxi,Liaoxi
Lianshan District,Liaoning Province,120.63,40.9,Liaoning,Liaoxi,Liaoxi
Liangshan County,Shandong Province,116.12,35.8,Shandong,Shandong,Shandong
Kangping County,Liaoning Province,123.33,42.78,Liaobei,Liaoxi,Liaoxi
Kangbao County,Hebei Province,114.54,41.78,Chahar,Chahar,Hebei
Kaiping District,Hebei Province,118.3,39.68,Hebei,Hebei,Hebei
Juye County,Shandong Province,115.99,35.31,Shandong,Pingyuan,Shandong
Julu County,Hebei Province,115.06,37.28,Hebei,Hebei,Hebei
Juancheng County,Shandong Province,115.54,35.56,Shandong,Pingyuan,Shandong
Jize County,Hebei Province,114.85,36.86,Hebei,Hebei,Hebei
Jixian County,Heilongjiang Province,131.21,46.91,Hejiang,Songjiang,Songjiang
Jiuyuan District,Inner Mongolia Autonomous Region,109.58,40.61,Suiyuan,Suiyuan,Suiyuan
Jinzhou Economic and Technical Development Zone,Liaoning Province,121.04,40.83,Liaoning,Liaoxi,Liaoxi
Jinzhou City,Hebei Province,115.07,37.98,Hebei,Hebei,Hebei
Jinxiang County,Shandong Province,116.25,35.05,Shandong,Pingyuan,Shandong
Jinshantun District,Heilongjiang Province,129.61,47.49,Heilongjiang,Heilongjiang,Heilongjiang
Jingyu County,Jilin Province,126.83,42.46,Andong,Liaodong,Liaodong
Jingxiu District,Hebei Province,115.41,38.88,Hebei,Hebei,Hebei
Jingxing Mining District,Hebei Province,114.03,38.07,Hebei,Hebei,Hebei
Jinghai County,Tianjin Municipality,116.95,38.83,Hebei,Hebei,Hebei
Jiefang District,Henan Province,113.21,35.23,Henan,Pingyuan,Henan
Jiaohe City,Jilin Province,127.34,43.68,Jilin,Jilin,Jilin
Jianshan District,Heilongjiang Province,131.15,46.64,Hejiang,Songjiang,Songjiang
Manzhouli,Inner Mongolia Autonomous Region,117.26,49.58,Xingan,IMAR,IMAR
Macun District,Henan Province,113.37,35.29,Henan,Pingyuan,Henan
Huzhong District,Heilongjiang Province,123.37,51.85,Heilongjiang,Heilongjiang,Heilongjiang
Huixian City,Henan Province,113.72,35.55,Henan,Pingyuan,Henan
Huinan County,Jilin Province,126.34,42.54,Andong,Liaodong,Liaodong
Huimin District,Inner Mongolia Autonomous Region,111.81,40.86,Suiyuan,Suiyuan,Suiyuan
Huanren Manchu Autonomous County,Liaoning Province,125.23,41.24,Andong,Liaodong,Liaodong
Huanghua City,Hebei Province,117.4,38.4,Hebei,Hebei,Hebei
Hualong District,Henan Province,114.98,35.75,Hebei,Pingyuan,Henan
Huairen County,Shanxi Province,113.08,39.78,Shanxi,Chahar,Shanxi
Huai'an County,Hebei Province,114.52,40.56,Chahar,Chahar,Hebei
Huadian City,Jilin Province,127.01,43.03,Jilin,Jilin,Jilin
Huade County,Inner Mongolia Autonomous Region,114.22,41.96,Chahar,Chahar,IMAR
Huachuan County,Heilongjiang Province,130.69,46.88,Hejiang,Songjiang,Songjiang
Horqin District,Inner Mongolia Autonomous Region,122.37,43.65,Liaobei,IMAR,IMAR
Horinger,Inner Mongolia Autonomous Region,111.87,40.33,Suiyuan,Suiyuan,Suiyuan
Hongwei District,Liaoning Province,123.23,41.19,Liaoning,Liaodong,Liaodong
Hongshan District,Inner Mongolia Autonomous Region,118.98,42.19,Rehe,Rehe,Rehe
Hongqiao District,Tianjin Municipality,117.15,39.16,Hebei,Hebei,Hebei
Honggang District,Heilongjiang Province,124.84,46.38,Nenjiang,Heilongjiang,Heilongjiang
Hondlon District,Inner Mongolia Autonomous Region,109.74,40.71,Suiyuan,Suiyuan,Suiyuan
Heshan District,Henan Province,114.14,35.98,Henan,Pingyuan,Henan
Hedong District,Tianjin Municipality,117.24,39.12,Hebei,Hebei,Hebei
Hanggin Rear Banner,Inner Mongolia Autonomous Region,106.86,40.84,Suiyuan,Suiyuan,Suiyuan
Haixing County,Hebei Province,117.52,38.11,Hebei,Hebei,Hebei
Liangcheng County,Inner Mongolia Autonomous Region,112.56,40.5,Suiyuan,Suiyuan,Suiyuan
Lianchi District,Hebei Province,115.54,38.87,Hebei,Hebei,Hebei
Laobian District,Liaoning Province,122.4,40.61,Liaoning,Liaodong,Liaodong
Lanxi County,Heilongjiang Province,126.27,46.35,Heilongjiang,Heilongjiang,Heilongjiang
Lankao County,Henan Province,114.97,34.87,Henan,Henan,Henan
Laiyuan County,Hebei Province,114.74,39.35,Hebei,Hebei,Hebei
Kuancheng Manchu Autonomous County,Hebei Province,118.5,40.51,Rehe,Rehe,Rehe
Kuancheng District,Jilin Province,125.24,44.08,Jilin,Jilin,Jilin
Keshan County,Heilongjiang Province,125.61,48.2,Heilongjiang,Heilongjiang,Heilongjiang
Kedong County,Heilongjiang Province,126.36,47.99,Heilongjiang,Heilongjiang,Heilongjiang
Hailun City,Heilongjiang Province,126.82,47.42,Heilongjiang,Heilongjiang,Heilongjiang
Hailar,Inner Mongolia Autonomous Region,119.94,49.28,Xingan,IMAR,IMAR
Haibowan District,Inner Mongolia Autonomous Region,106.83,39.71,Ningxia,Ningxia,Ningxia
Guyuan County,Hebei Province,115.58,41.59,Chahar,Chahar,Hebei
Guye District,Hebei Province,118.4,39.7,Hebei,Hebei,Hebei
Gongchangling District,Liaoning Province,123.42,41.17,Liaoning,Liaodong,Liaodong
Gaoyi County,Hebei Province,114.61,37.62,Hebei,Hebei,Hebei
Gaoyang County,Hebei Province,115.83,38.64,Hebei,Hebei,Hebei
Gaotang County,Shandong Province,116.22,36.84,Shandong,Pingyuan,Shandong
Gaocheng City,Hebei Province,114.76,38.08,Hebei,Hebei,Hebei
Gaobeidian City,Hebei Province,116.06,39.25,Hebei,Hebei,Hebei
Gannan County,Heilongjiang Province,123.98,48.06,Nenjiang,Heilongjiang,Heilongjiang
Fuyu County,Heilongjiang Province,124.56,47.67,Nenjiang,Heilongjiang,Heilongjiang
Fuping County,Hebei Province,114.13,38.89,Hebei,Hebei,Hebei
Fucheng County,Hebei Province,116.29,37.9,Hebei,Hebei,Hebei
Fengzhen City,Inner Mongolia Autonomous Region,113.39,40.56,Suiyuan,Suiyuan,Suiyuan
Fengqiu County,Henan Province,114.46,35.07,Henan,Pingyuan,Henan
Fengfeng Mining District,Hebei Province,114.19,36.46,Hebei,Hebei,Hebei
Feixiang County,Hebei Province,114.83,36.58,Hebei,Hebei,Hebei
Faku County,Liaoning Province,123.16,42.4,Liaoning,Liaoxi,Liaoxi
Erdaojiang District,Jilin Province,126.16,41.76,Andong,Liaodong,Liaodong
Ejin Banner,Inner Mongolia Autonomous Region,100.14,41.47,Ningxia,Ningxia,Ningxia
Duolun County,Inner Mongolia Autonomous Region,116.55,42.22,Chahar,Chahar,IMAR
Dunhua City,Jilin Province,128.33,43.61,Jilin,Jilin,Jilin
Dorbod-Mongol Autonomous County,Heilongjiang Province,124.22,46.51,Nenjiang,Heilongjiang,Heilongjiang
Dongzhou District,Liaoning Province,124.13,41.9,Liaoning,Liaodong,Liaodong
Hure Banner,Inner Mongolia Autonomous Region,121.6,42.83,Rehe,IMAR,IMAR
Hunyuan County,Shanxi Province,113.65,39.62,Shanxi,Chahar,Shanxi
Hunnan District,Liaoning Province,123.6,41.78,Liaoning,Shenyang,Shenyang
Hunjiang District,Jilin Province,126.46,41.78,Andong,Liaodong,Liaodong
Dongsheng District,Inner Mongolia Autonomous Region,109.76,39.82,Suiyuan,Suiyuan,Suiyuan
Dongping County,Shandong Province,116.35,35.97,Shandong,Shandong,Shandong
Dongming County,Shandong Province,115.09,35.2,Hebei,Pingyuan,Shandong
Dongliao County,Jilin Province,125.37,42.92,Liaobei,Liaoxi,Liaoxi
Donghe District,Inner Mongolia Autonomous Region,110.2,40.56,Suiyuan,Suiyuan,Suiyuan
Dong'e County,Shandong Province,116.31,36.33,Shandong,Pingyuan,Shandong
Daicheng County,Hebei Province,116.56,38.68,Hebei,Hebei,Hebei
Cuiluan District,Heilongjiang Province,128.47,47.66,Nenjiang,Heilongjiang,Heilongjiang
Chiping County,Shandong Province,116.16,36.58,Shandong,Pingyuan,Shandong
Chengwu County,Shandong Province,115.96,34.99,Shandong,Pingyuan,Shandong
Chengqu District,Shanxi Province,113.28,40.09,Shanxi,Chahar,Shanxi
Cheng'an County,Hebei Province,114.69,36.4,Hebei,Hebei,Hebei
Changyuan County,Henan Province,114.68,35.19,Hebei,Pingyuan,Henan
Changling County,Jilin Province,123.6,44.34,Liaobei,Liaoxi,Liaoxi
Changli County,Hebei Province,119.07,39.61,Hebei,Hebei,Hebei
Chang'an District,Hebei Province,114.59,38.09,Hebei,Hebei,Hebei
Chahar Right Middle Banner,Inner Mongolia Autonomous Region,112.46,41.42,Suiyuan,Suiyuan,Suiyuan
Chahar Right Front Banner,Inner Mongolia Autonomous Region,113.25,40.95,Suiyuan,Suiyuan,Suiyuan
Chahar Right Back Banner,Inner Mongolia Autonomous Region,113.12,41.52,Suiyuan,Suiyuan,Suiyuan
Boye County,Hebei Province,115.45,38.45,Hebei,Hebei,Hebei
Bordered Yellow Banner,Inner Mongolia Autonomous Region,114.16,42.36,Chahar,IMAR,IMAR
Bo'ai County,Henan Province,113.06,35.2,Henan,Pingyuan,Henan
Beizhen City,Liaoning Province,121.81,41.57,Liaoning,Liaoxi,Liaoxi
Beipiao City,Liaoning Province,120.81,41.84,Rehe,Rehe,Rehe
Beilin District,Heilongjiang Province,127.07,46.74,Heilongjiang,Heilongjiang,Heilongjiang
Beidaihe District,Hebei Province,119.47,39.87,Hebei,Hebei,Hebei
Beichen District,Tianjin Municipality,117.2,39.25,Hebei,Hebei,Hebei
Bazhou County,Hebei Province,116.6,39.11,Hebei,Hebei,Hebei
Gucheng County,Hebei Province,115.87,37.3,Hebei,Hebei,Hebei
Guantao County,Hebei Province,115.28,36.61,Shandong,Shandong,Shandong
Guangzong County,Hebei Province,115.19,37.08,Hebei,Hebei,Hebei
Guangping County,Hebei Province,115.01,36.49,Hebei,Hebei,Hebei
Guangling County,Shanxi Province,114.15,39.77,Shanxi,Chahar,Shanxi
Guan County,Shandong Province,115.54,36.54,Shandong,Pingyuan,Shandong
Gu'an County,Hebei Province,116.29,39.33,Hebei,Hebei,Hebei
Dongchang District,Jilin Province,126.0,41.68,Andong,Liaodong,Liaodong
Dong'an District,Heilongjiang Province,129.8,44.39,Songjiang,Songjiang,Songjiang
Dingzhou City,Hebei Province,115.04,38.45,Hebei,Hebei,Hebei
Dingxing County,Hebei Province,115.75,39.21,Hebei,Hebei,Hebei
Dingtao,Shandong Province,115.61,35.11,Shandong,Pingyuan,Shandong
Dengta City,Liaoning Province,123.38,41.42,Liaoning,Liaodong,Liaodong
Dengkou County,Inner Mongolia Autonomous Region,106.79,40.56,Ningxia,Ningxia,Ningxia
Datong District,Heilongjiang Province,124.68,46.11,Nenjiang,Heilongjiang,Heilongjiang
Datong County,Shanxi Province,113.61,39.99,Shanxi,Chahar,Shanxi
Daoli District,Heilongjiang Province,126.33,45.67,Songjiang,Songjiang,Songjiang
Daming County,Hebei Province,115.24,36.29,Hebei,Hebei,Hebei
Baixiang County,Hebei Province,114.69,37.51,Hebei,Hebei,Hebei
Baiquan County,Heilongjiang Province,126.09,47.59,Heilongjiang,Heilongjiang,Heilongjiang
Anxin County,Hebei Province,115.89,38.88,Hebei,Hebei,Hebei
Anping County,Hebei Province,115.46,38.22,Hebei,Hebei,Hebei
Anguo City,Hebei Province,115.35,38.39,Hebei,Hebei,Hebei
Anda City,Heilongjiang Province,125.48,46.52,Nenjiang,Heilongjiang,Heilongjiang
Alxa Right Banner,Inner Mongolia Autonomous Region,102.49,40.33,Ningxia,Ningxia,Ningxia
Aohan Banner,Inner Mongolia Autonomous Region,120.17,42.36,Rehe,Rehe,Rehe
Wuying District,Heilongjiang Province,129.13,48.17,Heilongjiang,Heilongjiang,Heilongjiang
Mashan District,Heilongjiang Province,130.55,45.2,Hejiang,Songjiang,Songjiang
Xinxing District,Heilongjiang Province,130.83,45.84,Hejiang,Songjiang,Songjiang
Taoshan District,Heilongjiang Province,130.85,45.79,Hejiang,Songjiang,Songjiang
Ci County,Hebei Province,114.33,36.38,Hebei,Hebei,Hebei
Congtai District,Hebei Province,114.55,36.66,Hebei,Hebei,Hebei
Fuxing District,Hebei Province,114.32,36.57,Hebei,Hebei,Hebei
Handan City,Hebei Province,114.44,36.49,Hebei,Hebei,Hebei
