name_zh,name_en,lon,lat,kinds,dates,capital,seat,rank,note
伦敦,London,-0.13,51.51,IP,00 14 15 16 17 18 34,*=英国,,0,世界最大的城市与金融中心，大英帝国首都
巴黎,Paris,2.35,48.86,I,00 14 15 16 17 18 34,*=法国,,0,
柏林,Berlin,13.4,52.52,I,00 14 15 16 17 18 34,*=德国,,0,电气与机械工业中心
维也纳,Vienna,16.37,48.21,I,00 14 15 16 17 18 34,00 14 15 16 17=奥匈帝国;18 34=奥地利,,0,
布达佩斯,Budapest,19.04,47.5,I,00 14 15 16 17 18 34,18 34=匈牙利,00 14 15 16 17=匈牙利王国（奥匈帝国）,1,
布拉格,Prague,14.42,50.08,I,00 14 15 16 17 18 34,18 34=捷克斯洛伐克,00 14 15 16 17=波希米亚王国（奥地利）,1,
比尔森,Plzen,13.38,49.75,I,00 14 15 16 17 18 34,,,2,斯柯达工厂，军火与机械
罗马,Rome,12.5,41.9,C,00 14 15 16 17 18 34,*=意大利,,0,
米兰,Milan,9.19,45.46,I,00 14 15 16 17 18 34,,,1,
都灵,Turin,7.69,45.07,I,00 14 15 16 17 18 34,,,2,菲亚特汽车（1899 年创立）
热那亚,Genoa,8.93,44.41,P,00 14 15 16 17 18 34,,,1,
那不勒斯,Naples,14.27,40.85,P,00 14 15 16 17 18 34,,,1,
塔兰托,Taranto,17.24,40.47,P,00 14 15 16 17 18 34,,,2,意大利海军基地
的里雅斯特,Trieste,13.77,45.65,P,00 14 15 16 17 18 34,,,1,1918 年前为奥匈帝国最大港口；1918 年 11 月 3 日意军登陆
普拉,Pula,13.85,44.87,P,00 14 15 16 17 18,,,2,奥匈帝国海军主基地
阜姆,Rijeka,14.44,45.33,P,00 14 15 16 17 18 34,,,2,匈牙利王国的出海口；1924 年起属意大利
马德里,Madrid,-3.7,40.42,C,00 14 15 16 17 18 34,*=西班牙,,1,
巴塞罗那,Barcelona,2.17,41.39,IP,00 14 15 16 17 18 34,,,1,纺织工业与港口
毕尔巴鄂,Bilbao,-2.93,43.26,I,00 14 15 16 17 18 34,,,2,钢铁与铁矿
里斯本,Lisbon,-9.14,38.72,P,00 14 15 16 17 18 34,*=葡萄牙,,1,
布鲁塞尔,Brussels,4.35,50.85,C,00 14 15 16 17 18 34,00 14 34=比利时,,1,1914 年 8 月 20 日至 1918 年 11 月被德军占领
勒阿弗尔,Le Havre,0.11,49.49,P,00 14 15 16 17 18 34,,18=比利时政府（流亡，圣阿德雷斯）,2,法国大西洋港口；1914–18 年比利时政府驻其郊区圣阿德雷斯
安特卫普,Antwerp,4.4,51.22,P,00 14 15 16 17 18 34,,,1,
列日,Liege,5.57,50.63,I,00 14 15 16 17 18 34,,,2,煤铁工业；1914 年 8 月德军首先进攻的要塞
阿姆斯特丹,Amsterdam,4.9,52.37,P,00 14 15 16 17 18 34,*=荷兰,,1,宪法首都；政府设在海牙
鹿特丹,Rotterdam,4.48,51.92,P,00 14 15 16 17 18 34,,,1,
卢森堡,Luxembourg,6.13,49.61,,00 14 15 16 17 18 34,*=卢森堡,,2,
伯尔尼,Bern,7.45,46.95,,00 14 15 16 17 18 34,*=瑞士,,2,
哥本哈根,Copenhagen,12.57,55.68,P,00 14 15 16 17 18 34,*=丹麦,,1,
斯德哥尔摩,Stockholm,18.07,59.33,P,00 14 15 16 17 18 34,*=瑞典,,1,
克里斯蒂安尼亚,Oslo,10.75,59.91,P,00 14 15 16 17 18,14 15 16 17 18=挪威,00=挪威（瑞典-挪威联合王国）,1,今奥斯陆，1925 年改名
奥斯陆,Oslo,10.75,59.91,P,34,34=挪威,,1,
基律纳,Kiruna,20.23,67.86,I,14 15 16 17 18 34,,,2,铁矿
纳尔维克,Narvik,17.43,68.44,P,14 15 16 17 18 34,,,2,瑞典铁矿砂出口港（1902 年通铁路）
赫尔辛福斯,Helsinki,24.94,60.17,P,00 14 15 16 17,,00 14 15 16 17=芬兰大公国（俄国）,1,今赫尔辛基
赫尔辛基,Helsinki,24.94,60.17,P,18 34,18 34=芬兰,,1,
雷克雅未克,Reykjavik,-21.94,64.15,P,00 14 15 16 17 18 34,,*=冰岛,2,
都柏林,Dublin,-6.26,53.35,,00 14 15 16 17 18 34,34=爱尔兰自由邦,00 14 15 16 17 18=爱尔兰（英国）,1,
利物浦,Liverpool,-2.98,53.41,P,00 14 15 16 17 18 34,,,1,
格拉斯哥,Glasgow,-4.25,55.86,IP,00 14 15 16 17 18 34,,,1,克莱德河造船业
伯明翰,Birmingham,-1.9,52.48,I,00 14 15 16 17 18 34,,,1,
曼彻斯特,Manchester,-2.24,53.48,I,00 14 15 16 17 18 34,,,1,棉纺织业中心
谢菲尔德,Sheffield,-1.47,53.38,I,00 14 15 16 17 18 34,,,2,钢铁
纽卡斯尔,Newcastle upon Tyne,-1.61,54.97,IP,00 14 15 16 17 18 34,,,2,煤炭输出与造船
加的夫,Cardiff,-3.18,51.48,P,00 14 15 16 17 18 34,,,2,世界最大的煤炭输出港
贝尔法斯特,Belfast,-5.93,54.6,IP,00 14 15 16 17 18 34,,,2,造船（泰坦尼克号在此建造）
朴次茅斯,Portsmouth,-1.09,50.8,P,00 14 15 16 17 18 34,,,2,皇家海军基地
南安普敦,Southampton,-1.4,50.9,P,00 14 15 16 17 18 34,,,2,
汉堡,Hamburg,10.0,53.55,IP,00 14 15 16 17 18 34,,,1,欧洲大陆最大港口
不来梅,Bremen,8.81,53.08,P,00 14 15 16 17 18 34,,,2,
基尔,Kiel,10.13,54.32,P,00 14 15 16 17 18 34,,,2,德国海军基地；1918 年 11 月水兵起义
威廉港,Wilhelmshaven,8.12,53.53,P,00 14 15 16 17 18 34,,,2,德国北海舰队基地
埃森,Essen,7.01,51.46,I,00 14 15 16 17 18 34,,,1,克虏伯工厂，鲁尔区
多特蒙德,Dortmund,7.47,51.51,I,00 14 15 16 17 18 34,,,2,鲁尔区煤钢
杜伊斯堡,Duisburg,6.76,51.43,IP,00 14 15 16 17 18 34,,,2,鲁尔区内河港
卡托维兹,Katowice,19.02,50.26,I,00 14 15 16 17 18 34,,,2,上西里西亚煤矿；1922 年起属波兰
斯特拉斯堡,Strasbourg,7.75,48.58,,00 14 15 16 17 18 34,,00 14 15 16 17 18=阿尔萨斯-洛林帝国直辖领地（德国）,2,1871–1918 年属德国，1918 年 11 月 22 日法军进入
萨尔布吕肯,Saarbrucken,7.0,49.23,I,00 14 15 16 17 18 34,,34=萨尔盆地（国际联盟管理）,2,萨尔煤田
但泽,Gdansk,18.65,54.35,P,00 14 15 16 17 18 34,34=但泽自由市,,1,
格丁尼亚,Gdynia,18.53,54.52,P,34,,,2,1926 年起新建的波兰港口
柯尼斯堡,Kaliningrad,20.51,54.71,P,00 14 15 16 17 18 34,,,2,
波森,Poznan,16.93,52.41,,00 14 15 16 17 18,,00 14 15 16 17 18=波森省（普鲁士）,2,今波兹南
华沙,Warsaw,21.01,52.23,I,00 14 15 16 17 18 34,18 34=波兰,00 14 15 16 17=波兰会议王国（俄国）,1,
罗兹,Lodz,19.46,51.76,I,00 14 15 16 17 18 34,,,2,纺织工业
克拉科夫,Krakow,19.94,50.06,,00 14 15 16 17 18 34,,,2,
伦贝格,Lviv,24.03,49.84,,00 14 15 16 17 18,,00 14 15 16 17=加利西亚（奥地利）;18=西乌克兰人民共和国,2,今利沃夫；1918 年 11 月波兰、乌克兰在城中交战
利沃夫,Lviv,24.03,49.84,,34,,,2,
布加勒斯特,Bucharest,26.1,44.43,,00 14 15 16 17 18 34,00 14 15 16 34=罗马尼亚,,1,1916 年 12 月至 1918 年 12 月被同盟国军队占领
雅西,Iasi,27.59,47.16,,18,,18=罗马尼亚政府（1916–1918）,2,
普洛耶什蒂,Ploiesti,26.02,44.94,I,00 14 15 16 17 18 34,,,2,罗马尼亚油田
索非亚,Sofia,23.32,42.7,,00 14 15 16 17 18 34,*=保加利亚,,1,
贝尔格莱德,Belgrade,20.46,44.82,C,00 14 15 16 17 18 34,00 14 15 18=塞尔维亚;34=南斯拉夫,,1,1915 年 10 月至 1918 年 11 月 1 日被奥匈占领
尼什,Nis,21.9,43.32,,14 15,,14 15=塞尔维亚政府（1914 年 7 月迁此）,2,
采蒂涅,Cetinje,18.92,42.39,,00 14 15 16 17,00 14 15=黑山,,2,
萨格勒布,Zagreb,15.98,45.81,C,00 14 15 16 17 18 34,,00 14 15 16 17=克罗地亚-斯拉沃尼亚（匈牙利）;18=斯洛文尼亚人、克罗地亚人和塞尔维亚人国,2,
萨拉热窝,Sarajevo,18.41,43.86,,00 14 15 16 17 18 34,,00 14 15 16 17=波斯尼亚和黑塞哥维那（奥匈）,2,1914 年 6 月 28 日斐迪南大公遇刺
都拉斯,Durres,19.45,41.32,P,14 15 16 17,14 15 16 17=阿尔巴尼亚公国,,2,
地拉那,Tirana,19.82,41.33,,34,34=阿尔巴尼亚,,2,
雅典,Athens,23.73,37.98,C,00 14 15 16 17 18 34,*=希腊,,1,
比雷埃夫斯,Piraeus,23.65,37.94,P,00 14 15 16 17 18 34,,,2,
萨洛尼卡,Thessaloniki,22.94,40.64,P,00 14 15 16 17 18 34,,17=希腊国民防卫临时政府,2,1912 年起属希腊；一战中协约国萨洛尼卡战线基地
君士坦丁堡,Istanbul,28.98,41.01,P,00 14 15 16 17 18,00 14 15 16 17 18=奥斯曼帝国,,0,1918 年 11 月 13 日协约国舰队驶入
伊斯坦布尔,Istanbul,28.98,41.01,P,34,,,1,
安卡拉,Ankara,32.85,39.93,,34,34=土耳其,,1,1923 年起为首都
圣彼得堡,Saint Petersburg,30.32,59.94,IP,00 14,00 14=俄罗斯帝国,,0,
彼得格勒,Saint Petersburg,30.32,59.94,IP,15 16 17 18,15 16=俄罗斯帝国;17=俄国临时政府,,1,1914 年改名；1918 年 3 月首都迁往莫斯科
列宁格勒,Saint Petersburg,30.32,59.94,IP,34,,,1,
莫斯科,Moscow,37.62,55.76,I,00 14 15 16 17 18 34,18=苏维埃俄国;34=苏联,,0,
基辅,Kyiv,30.52,50.45,,00 14 15 16 17 18 34,,18=乌克兰国（盖特曼国）;34=乌克兰苏维埃社会主义共和国,1,乌克兰苏维埃社会主义共和国 1934 年 6 月迁都至此
哈尔科夫,Kharkiv,36.23,49.99,I,00 14 15 16 17 18 34,,,2,机车与拖拉机
尤佐夫卡,Donetsk,37.8,48.0,I,00 14 15 16 17 18,,,2,顿巴斯煤钢，今顿涅茨克
斯大林诺,Donetsk,37.8,48.0,I,34,,,2,顿巴斯煤钢，今顿涅茨克
叶卡捷琳诺斯拉夫,Dnipro,35.04,48.46,I,00 14 15 16 17 18,,,2,今第聂伯罗
第聂伯罗彼得罗夫斯克,Dnipro,35.04,48.46,I,34,,,2,
扎波罗热,Zaporizhzhia,35.14,47.84,I,34,,,2,第聂伯水电站（1932）
敖德萨,Odesa,30.73,46.48,P,00 14 15 16 17 18 34,,,1,俄国黑海粮食输出港
塞瓦斯托波尔,Sevastopol,33.52,44.62,P,00 14 15 16 17 18 34,,,2,黑海舰队基地
里加,Riga,24.11,56.95,IP,00 14 15 16 17 18 34,34=拉脱维亚,,1,
雷瓦尔,Tallinn,24.75,59.44,P,00 14 15 16 17,,,2,今塔林
塔林,Tallinn,24.75,59.44,P,18 34,18 34=爱沙尼亚,,2,
维尔纽斯,Vilnius,25.28,54.69,,00 14 15 16 17 18 34,18=立陶宛,,2,1920–39 年被波兰控制（维尔诺）
考纳斯,Kaunas,23.9,54.9,,34,34=立陶宛,,2,立陶宛临时首都
明斯克,Minsk,27.56,53.9,,00 14 15 16 17 18 34,,34=白俄罗斯苏维埃社会主义共和国,2,
萨马拉,Samara,50.15,53.2,I,00 14 15 16 17 18 34,,,2,
察里津,Volgograd,44.52,48.71,IP,00 14 15 16 17 18,,,2,今伏尔加格勒；1918 年红军坚守
斯大林格勒,Volgograd,44.52,48.71,I,34,,,2,拖拉机厂（1930）
下诺夫哥罗德,Nizhny Novgorod,44.0,56.33,I,00 14 15 16 17 18,,,2,
高尔基,Nizhny Novgorod,44.0,56.33,I,34,,,2,高尔基汽车厂（1932）
叶卡捷琳堡,Yekaterinburg,60.61,56.84,I,00 14 15 16 17 18,,,2,1918 年 7 月末代沙皇一家在此被杀
斯维尔德洛夫斯克,Yekaterinburg,60.61,56.84,I,34,,,2,乌拉尔重型机械厂（1933）
马格尼托哥尔斯克,Magnitogorsk,58.98,53.41,I,34,,,2,钢铁联合企业（1932 年投产）
车里雅宾斯克,Chelyabinsk,61.4,55.16,I,34,,,2,拖拉机厂（1933）
鄂木斯克,Omsk,73.37,54.99,,18,,18=全俄临时政府,2,
阿尔汉格尔斯克,Arkhangelsk,40.54,64.54,P,00 14 15 16 17 18 34,,18=北方区临时政府（协约国干涉）,2,
摩尔曼斯克,Murmansk,33.08,68.97,P,18 34,,,2,1916 年建港，冬季不冻
符拉迪沃斯托克（海参崴）,Vladivostok,131.89,43.12,P,00 14 15 16 17 18 34,,,2,太平洋舰队基地；1918 年协约国干涉军登陆
巴库,Baku,49.87,40.41,I,00 14 15 16 17 18 34,,18=阿塞拜疆民主共和国,1,世界主要产油地
梯弗里斯,Tbilisi,44.79,41.72,,00 14 15 16 17 18 34,,00 14 15 16 17=高加索总督区（俄国）;18=格鲁吉亚民主共和国,2,今第比利斯
埃里温,Yerevan,44.51,40.18,,18,,18=亚美尼亚共和国,2,
巴统,Batumi,41.64,41.64,P,00 14 15 16 17 18 34,,,2,巴库石油的黑海输出港
塔什干,Tashkent,69.24,41.3,,00 14 15 16 17 18 34,,00 14 15 16 17=突厥斯坦总督区（俄国）;18=突厥斯坦苏维埃共和国,2,
布哈拉,Bukhara,64.42,39.77,,00 14 15 16 17 18,,*=布哈拉酋长国,2,
阿什哈巴德,Ashgabat,58.38,37.95,,18,,18=外里海临时政府,2,
新西伯利亚,Novosibirsk,82.93,55.03,I,34,,,2,
瓦莱塔,Valletta,14.51,35.9,P,00 14 15 16 17 18 34,,,2,英国地中海舰队基地
直布罗陀,Gibraltar,-5.35,36.14,P,00 14 15 16 17 18 34,,,2,
马赛,Marseille,5.37,43.3,P,00 14 15 16 17 18 34,,,1,
土伦,Toulon,5.93,43.12,P,00 14 15 16 17 18 34,,,2,法国地中海舰队基地
布雷斯特,Brest,-4.49,48.39,P,00 14 15 16 17 18 34,,,2,法国海军基地；一战中美军登陆港
里尔,Lille,3.06,50.63,I,00 14 15 16 17 18 34,,,2,纺织工业；1914 年 10 月至 1918 年 10 月被德军占领
里昂,Lyon,4.84,45.76,I,00 14 15 16 17 18 34,,,2,丝织工业
贡比涅,Compiegne,2.83,49.42,,18,,,1,1918 年 11 月 11 日在附近森林的列车车厢中签订停战协定
凡尔登,Verdun,5.38,49.16,,18,,,2,1916 年凡尔登战役
德黑兰,Tehran,51.39,35.69,,00 14 15 16 17 18 34,*=波斯,,1,
阿巴丹,Abadan,48.3,30.34,I,14 15 16 17 18 34,,,2,英波石油公司炼油厂（1912）
巴格达,Baghdad,44.36,33.31,,00 14 15 16 17 18 34,34=伊拉克,00 14 15 16 17=巴格达省（奥斯曼）;18=美索不达米亚（英军占领）,1,
巴士拉,Basra,47.78,30.51,P,00 14 15 16 17 18 34,,,2,
摩苏尔,Mosul,43.13,36.34,,00 14 15 16 17 18 34,,,2,
大马士革,Damascus,36.29,33.51,,00 14 15 16 17 18 34,,00 14 15 16 17=叙利亚省（奥斯曼）;18=大马士革阿拉伯政府;34=叙利亚（法国委任统治）,1,
贝鲁特,Beirut,35.5,33.89,P,00 14 15 16 17 18 34,,34=黎巴嫩（法国委任统治）,2,
耶路撒冷,Jerusalem,35.22,31.78,,00 14 15 16 17 18 34,,00 14 15 16 17=耶路撒冷独立区（奥斯曼）;18=被占敌国领土管理局南区（英国）;34=巴勒斯坦（英国委任统治）,2,
海法,Haifa,34.99,32.79,P,00 14 15 16 17 18 34,,,2,
安曼,Amman,35.93,31.95,,34,,34=外约旦（英国委任统治）,2,
麦加,Mecca,39.83,21.42,,00 14 15 16 17 18 34,18=汉志王国,,2,
利雅得,Riyadh,46.72,24.69,,00 14 15 16 17 18 34,34=沙特阿拉伯,18=内志和哈萨酋长国,2,
萨那,Sanaa,44.21,15.35,,00 14 15 16 17 18 34,18 34=也门王国,00 14 15 16 17=也门省（奥斯曼）,2,
亚丁,Aden,45.03,12.78,P,00 14 15 16 17 18 34,,,2,英国煤站与港口
马斯喀特,Muscat,58.59,23.61,P,00 14 15 16 17 18 34,*=马斯喀特和阿曼,,2,
喀布尔,Kabul,69.17,34.53,,00 14 15 16 17 18 34,*=阿富汗,,1,
开罗,Cairo,31.24,30.04,,00 14 15 16 17 18 34,34=埃及,00 14 15 16 17 18=埃及（英国控制）,1,
亚历山大,Alexandria,29.92,31.2,P,00 14 15 16 17 18 34,,,1,
塞得港,Port Said,32.3,31.26,P,00 14 15 16 17 18 34,,,2,苏伊士运河北口
苏伊士,Suez,32.55,29.97,P,00 14 15 16 17 18 34,,,2,
喀土穆,Khartoum,32.53,15.59,,00 14 15 16 17 18 34,,*=英埃苏丹,2,
亚的斯亚贝巴,Addis Ababa,38.75,9.03,,00 14 15 16 17 18 34,*=埃塞俄比亚,,1,
的黎波里,Tripoli,13.18,32.89,P,00 14 15 16 17 18 34,,00=的黎波里塔尼亚（奥斯曼）;14 15 16 17 18 34=利比亚（意大利）,2,
突尼斯,Tunis,10.18,36.81,P,00 14 15 16 17 18 34,,*=突尼斯（法国保护国）,2,
比塞大,Bizerte,9.87,37.27,P,00 14 15 16 17 18 34,,,2,法国海军基地
阿尔及尔,Algiers,3.06,36.75,P,00 14 15 16 17 18 34,,*=法属阿尔及利亚,1,
奥兰,Oran,-0.64,35.7,P,00 14 15 16 17 18 34,,,2,
非斯,Fez,-5.0,34.03,,00,00=摩洛哥苏丹国,,2,
拉巴特,Rabat,-6.84,34.02,,14 15 16 17 18 34,,*=法属摩洛哥,2,
卡萨布兰卡,Casablanca,-7.62,33.59,P,14 15 16 17 18 34,,,2,
圣路易,Saint-Louis,-16.49,16.03,P,00,,00=法属西非,2,
达喀尔,Dakar,-17.44,14.69,P,14 15 16 17 18 34,,*=法属西非,2,
弗里敦,Freetown,-13.23,8.48,P,00 14 15 16 17 18 34,,*=塞拉利昂（英国）,2,
蒙罗维亚,Monrovia,-10.8,6.3,,00 14 15 16 17 18 34,*=利比里亚,,2,
阿克拉,Accra,-0.2,5.56,,00 14 15 16 17 18 34,,*=黄金海岸（英国）,2,
洛美,Lome,1.22,6.13,P,00 14 15 16 17 18 34,,00 14 15 16 17=多哥（德国）;34=多哥（法国委任统治）,2,
拉各斯,Lagos,3.39,6.45,P,00 14 15 16 17 18 34,,00=拉各斯殖民地;14 15 16 17 18 34=尼日利亚（英国）,2,
杜阿拉,Douala,9.7,4.05,P,00 14 15 16 17 18 34,,,2,
博马,Boma,13.05,-5.85,P,00 14 15 16 17 18,,00=刚果自由邦;14 15 16 17 18=比属刚果,2,
利奥波德维尔,Kinshasa,15.31,-4.32,,34,,34=比属刚果,2,
布拉柴维尔,Brazzaville,15.28,-4.27,,00 14 15 16 17 18 34,,*=法属刚果 / 法属赤道非洲,2,
罗安达,Luanda,13.23,-8.84,P,00 14 15 16 17 18 34,,*=安哥拉（葡萄牙）,2,
温得和克,Windhoek,17.08,-22.56,,00 14 15 16 17 18 34,,00 14 15 16 17=德属西南非洲;18=西南非洲（南非占领）;34=西南非洲（南非委任统治）,2,
比勒陀利亚,Pretoria,28.19,-25.75,,00 14 15 16 17 18 34,00=南非共和国（德兰士瓦）;14 15 16 17 18 34=南非联邦,,1,1900 年 6 月 5 日被英军占领
布隆方丹,Bloemfontein,26.21,-29.12,,00,,00=奥兰治河殖民地（英军占领）,2,奥兰治自由邦首都，1900 年 3 月 13 日被英军占领
开普敦,Cape Town,18.42,-33.92,P,00 14 15 16 17 18 34,,00=开普殖民地,1,
约翰内斯堡,Johannesburg,28.05,-26.2,I,00 14 15 16 17 18 34,,,2,威特沃特斯兰德金矿
金伯利,Kimberley,24.76,-28.73,I,00,,,2,钻石矿；1899–1900 年被布尔军围困
德班,Durban,31.03,-29.86,P,00 14 15 16 17 18 34,,,2,
索尔兹伯里,Harare,31.05,-17.83,,00 14 15 16 17 18 34,,*=南罗得西亚,2,
洛伦索马贵斯,Maputo,32.59,-25.97,P,00 14 15 16 17 18 34,,*=莫桑比克（葡萄牙）,2,
蒙巴萨,Mombasa,39.67,-4.04,P,00 14 15 16 17 18 34,,00=东非保护地（英国）,2,
内罗毕,Nairobi,36.82,-1.29,,14 15 16 17 18 34,,*=肯尼亚（英国）,2,
达累斯萨拉姆,Dar es Salaam,39.27,-6.79,P,00 14 15 16 17 18 34,,00 14 15 16 17=德属东非;18=坦噶尼喀（英军占领）;34=坦噶尼喀（英国委任统治）,2,
桑给巴尔,Zanzibar,39.19,-6.16,P,00 14 15 16 17 18 34,,*=桑给巴尔（英国保护国）,2,
塔那那利佛,Antananarivo,47.52,-18.91,,00 14 15 16 17 18 34,,*=马达加斯加（法国）,2,
北京,Beijing,116.4,39.9,C,00 14 15 16 17 18,00=大清;14 15 16 17 18=中华民国（北京政府）,,0,1900 年 8 月 14 日联军攻入，次日慈禧太后与光绪帝出逃
北平,Beijing,116.4,39.9,C,34,,,1,1928 年国都南迁后改名北平
南京,Nanjing,118.8,32.06,C,00 14 15 16 17 18 34,34=中华民国,00=两江总督驻地（江宁）,1,
瑞金,Ruijin,116.03,25.89,,34,,34=中华苏维埃共和国,2,1934 年 10 月中央红军由此出发长征
广州,Guangzhou,113.26,23.13,P,00 14 15 16 17 18 34,,00=两广总督驻地;18=护法军政府,1,
上海,Shanghai,121.47,31.23,IP,00 14 15 16 17 18 34,,,0,中国最大的港口与工商业城市，公共租界与法租界
天津,Tianjin,117.2,39.13,P,00 14 15 16 17 18 34,,,1,1900 年 7 月 14 日被八国联军攻占
汉口,Wuhan,114.31,30.59,IP,00 14 15 16 17 18 34,,00=湖广总督驻地（武昌）,1,汉阳铁厂（1890）；1911 年武昌起义
青岛,Qingdao,120.38,36.07,P,00 14 15 16 17 18 34,,00 14 15 16 17=胶州湾租借地（德国）;18=胶州湾（日军占领）,2,1898 年德国租借；1914 年 11 月日军攻占；1922 年归还中国
威海卫,Weihai,122.12,37.5,P,00 14 15 16 17 18,,*=威海卫租借地（英国）,2,
香港,Hong Kong,114.17,22.28,P,00 14 15 16 17 18 34,,*=香港（英国）,1,
澳门,Macau,113.54,22.2,P,00 14 15 16 17 18 34,,*=澳门（葡萄牙）,2,
广州湾（西营）,Zhanjiang,110.36,21.27,P,00 14 15 16 17 18 34,,*=广州湾租借地（法国）,2,
盛京（奉天）,Shenyang,123.43,41.8,,00,,00=盛京将军驻地,2,
奉天,Shenyang,123.43,41.8,I,14 15 16 17 18 34,,,1,东三省最大城市，兵工厂
新京,Changchun,125.32,43.88,,34,34=满洲国,,1,1932 年起为伪满洲国国都（今长春）
哈尔滨,Harbin,126.64,45.76,,00 14 15 16 17 18 34,,,2,1898 年随中东铁路兴建
旅顺口,Lushun,121.26,38.81,P,00 14 15 16 17 18 34,,00=关东州（俄国租借地）,2,1904–05 年日俄战争旅顺围攻战
达里尼（大连）,Dalian,121.61,38.91,P,00,,,2,俄国 1899 年起建的自由港
大连,Dalian,121.61,38.91,P,14 15 16 17 18 34,,*=关东州（日本）,1,
鞍山,Anshan,122.99,41.12,I,34,,,2,昭和制钢所
抚顺,Fushun,123.95,41.88,I,14 15 16 17 18 34,,,2,露天煤矿
库伦,Ulaanbaatar,106.92,47.92,,00 14 15 16 17 18,,00=库伦办事大臣驻地;14 15 16 17 18=外蒙古（博克多汗国）,2,今乌兰巴托
乌兰巴托,Ulaanbaatar,106.92,47.92,,34,34=蒙古人民共和国,,2,
拉萨,Lhasa,91.13,29.65,,00 14 15 16 17 18 34,14 15 16 17 18 34=西藏,00=驻藏大臣驻地,2,
迪化,Urumqi,87.62,43.83,,00 14 15 16 17 18 34,,*=新疆省,2,今乌鲁木齐
克孜勒,Kyzyl,94.45,51.72,,34,34=图瓦人民共和国,,2,
汉城,Seoul,126.98,37.57,,00,00=大韩帝国,,1,
京城,Seoul,126.98,37.57,,14 15 16 17 18 34,,*=朝鲜总督府,1,
釜山,Busan,129.04,35.1,P,00 14 15 16 17 18 34,,,2,
东京,Tokyo,139.69,35.69,I,00 14 15 16 17 18 34,*=日本,,0,
横滨,Yokohama,139.64,35.44,P,00 14 15 16 17 18 34,,,1,
横须贺,Yokosuka,139.67,35.28,P,00 14 15 16 17 18 34,,,2,海军镇守府
大阪,Osaka,135.5,34.69,IP,00 14 15 16 17 18 34,,,1,
神户,Kobe,135.19,34.69,P,00 14 15 16 17 18 34,,,2,
名古屋,Nagoya,136.91,35.18,I,00 14 15 16 17 18 34,,,2,
吴,Kure,132.57,34.25,P,00 14 15 16 17 18 34,,,2,海军镇守府
长崎,Nagasaki,129.87,32.75,IP,00 14 15 16 17 18 34,,,2,三菱造船所
八幡,Kitakyushu,130.83,33.88,I,14 15 16 17 18 34,,,2,官营八幡制铁所（1901）
台北,Taipei,121.56,25.04,,00 14 15 16 17 18 34,,*=台湾总督府,2,
高雄,Kaohsiung,120.3,22.62,P,34,,,2,
马尼拉,Manila,120.98,14.6,P,00 14 15 16 17 18 34,,00 14 15 16 17 18=菲律宾（美国）;34=菲律宾（美国，1935 年自治）,1,
曼谷,Bangkok,100.5,13.75,P,00 14 15 16 17 18 34,*=暹罗,,1,
西贡,Ho Chi Minh City,106.7,10.78,P,00 14 15 16 17 18 34,,00=法属印度支那,2,
河内,Hanoi,105.85,21.03,,14 15 16 17 18 34,,*=法属印度支那,2,1902 年起为法属印度支那首府
海防,Haiphong,106.68,20.86,P,00 14 15 16 17 18 34,,,2,
仰光,Yangon,96.16,16.8,P,00 14 15 16 17 18 34,,*=缅甸（英属印度）,2,
新加坡,Singapore,103.85,1.29,P,00 14 15 16 17 18 34,,*=海峡殖民地,1,
吉隆坡,Kuala Lumpur,101.69,3.14,,00 14 15 16 17 18 34,,*=马来联邦,2,
巴达维亚,Jakarta,106.85,-6.21,P,00 14 15 16 17 18 34,,*=荷属东印度,1,
泗水,Surabaya,112.75,-7.25,P,00 14 15 16 17 18 34,,,2,荷兰海军基地
巨港,Palembang,104.76,-2.99,I,14 15 16 17 18 34,,,2,油田与炼油厂
巴厘巴板,Balikpapan,116.83,-1.27,I,14 15 16 17 18 34,,,2,婆罗洲油田
加尔各答,Kolkata,88.36,22.57,IP,00 14 15 16 17 18 34,,00=英属印度,1,1911 年以前为英属印度首都；黄麻工业
德里,Delhi,77.21,28.66,,14 15 16 17 18,,*=英属印度,1,1911 年宣布迁都德里
新德里,New Delhi,77.21,28.61,,34,,34=英属印度,1,1931 年落成
孟买,Mumbai,72.88,19.08,IP,00 14 15 16 17 18 34,,,1,棉纺织业与港口
马德拉斯,Chennai,80.27,13.08,P,00 14 15 16 17 18 34,,,2,
卡拉奇,Karachi,67.01,24.86,P,00 14 15 16 17 18 34,,,2,
科伦坡,Colombo,79.86,6.93,P,00 14 15 16 17 18 34,,*=锡兰（英国）,2,
加德满都,Kathmandu,85.32,27.71,,00 14 15 16 17 18 34,*=尼泊尔,,2,
华盛顿,Washington,-77.04,38.91,,00 14 15 16 17 18 34,*=美国,,0,
纽约,New York,-74.01,40.71,IP,00 14 15 16 17 18 34,,,0,
费城,Philadelphia,-75.17,39.95,IP,00 14 15 16 17 18 34,,,2,
波士顿,Boston,-71.06,42.36,P,00 14 15 16 17 18 34,,,2,
巴尔的摩,Baltimore,-76.61,39.29,IP,00 14 15 16 17 18 34,,,2,
诺福克,Norfolk,-76.29,36.85,P,00 14 15 16 17 18 34,,,2,美国大西洋舰队基地
匹兹堡,Pittsburgh,-80.0,40.44,I,00 14 15 16 17 18 34,,,1,美国钢铁中心
底特律,Detroit,-83.05,42.33,I,14 15 16 17 18 34,,,1,福特汽车流水线（1913）
芝加哥,Chicago,-87.63,41.88,I,00 14 15 16 17 18 34,,,1,
克利夫兰,Cleveland,-81.69,41.5,I,00 14 15 16 17 18 34,,,2,
旧金山,San Francisco,-122.42,37.77,P,00 14 15 16 17 18 34,,,1,
洛杉矶,Los Angeles,-118.24,34.05,IP,14 15 16 17 18 34,,,2,
西雅图,Seattle,-122.33,47.61,P,00 14 15 16 17 18 34,,,2,
新奥尔良,New Orleans,-90.07,29.95,P,00 14 15 16 17 18 34,,,2,
休斯敦,Houston,-95.37,29.76,IP,34,,,2,石油
檀香山,Honolulu,-157.86,21.31,P,00 14 15 16 17 18 34,,*=夏威夷（美国）,2,珍珠港海军基地（1908 年起建设）
渥太华,Ottawa,-75.7,45.42,,00 14 15 16 17 18 34,*=加拿大,,1,
蒙特利尔,Montreal,-73.57,45.5,IP,00 14 15 16 17 18 34,,,2,
多伦多,Toronto,-79.38,43.65,I,00 14 15 16 17 18 34,,,2,
哈利法克斯,Halifax,-63.57,44.65,P,00 14 15 16 17 18 34,,,2,1917 年 12 月哈利法克斯大爆炸
温哥华,Vancouver,-123.12,49.28,P,00 14 15 16 17 18 34,,,2,
墨西哥城,Mexico City,-99.13,19.43,,00 14 15 16 17 18 34,*=墨西哥,,1,
坦皮科,Tampico,-97.86,22.25,IP,14 15 16 17 18 34,,,2,墨西哥湾油田
哈瓦那,Havana,-82.38,23.13,P,00 14 15 16 17 18 34,14 15 16 17 18 34=古巴,00=古巴（美国军政府）,2,
危地马拉城,Guatemala City,-90.51,14.63,,00 14 15 16 17 18 34,*=危地马拉,,2,
圣萨尔瓦多,San Salvador,-89.19,13.69,,00 14 15 16 17 18 34,*=萨尔瓦多,,2,
特古西加尔巴,Tegucigalpa,-87.21,14.07,,00 14 15 16 17 18 34,*=洪都拉斯,,2,
马那瓜,Managua,-86.27,12.13,,00 14 15 16 17 18 34,*=尼加拉瓜,,2,
圣何塞,San Jose,-84.09,9.93,,00 14 15 16 17 18 34,*=哥斯达黎加,,2,
巴拿马城,Panama City,-79.52,8.98,,14 15 16 17 18 34,*=巴拿马,,2,巴拿马运河 1914 年 8 月 15 日通航
科隆,Colon,-79.9,9.36,P,00 14 15 16 17 18 34,,,2,
太子港,Port-au-Prince,-72.34,18.54,,00 14 15 16 17 18 34,*=海地,,2,
圣多明各,Santo Domingo,-69.93,18.49,,00 14 15 16 17 18 34,*=多米尼加,,2,
加拉加斯,Caracas,-66.9,10.49,,00 14 15 16 17 18 34,*=委内瑞拉,,2,
马拉开波,Maracaibo,-71.64,10.65,I,34,,,2,马拉开波湖油田
波哥大,Bogota,-74.07,4.71,,00 14 15 16 17 18 34,*=哥伦比亚,,2,
基多,Quito,-78.47,-0.18,,00 14 15 16 17 18 34,*=厄瓜多尔,,2,
利马,Lima,-77.04,-12.05,,00 14 15 16 17 18 34,*=秘鲁,,2,
拉巴斯,La Paz,-68.15,-16.5,,00 14 15 16 17 18 34,*=玻利维亚,,2,政府所在地（宪法首都为苏克雷）
圣地亚哥,Santiago,-70.65,-33.45,,00 14 15 16 17 18 34,*=智利,,2,
瓦尔帕莱索,Valparaiso,-71.62,-33.05,P,00 14 15 16 17 18 34,,,2,
布宜诺斯艾利斯,Buenos Aires,-58.38,-34.6,P,00 14 15 16 17 18 34,*=阿根廷,,1,
蒙得维的亚,Montevideo,-56.16,-34.9,P,00 14 15 16 17 18 34,*=乌拉圭,,2,
亚松森,Asuncion,-57.58,-25.26,,00 14 15 16 17 18 34,*=巴拉圭,,2,
里约热内卢,Rio de Janeiro,-43.17,-22.91,P,00 14 15 16 17 18 34,*=巴西,,1,
圣保罗,Sao Paulo,-46.63,-23.55,I,00 14 15 16 17 18 34,,,2,咖啡与工业
桑托斯,Santos,-46.33,-23.96,P,00 14 15 16 17 18 34,,,2,世界最大的咖啡输出港
悉尼,Sydney,151.21,-33.87,IP,00 14 15 16 17 18 34,,00=新南威尔士,1,
墨尔本,Melbourne,144.96,-37.81,IP,00 14 15 16 17 18 34,14 15 16 17 18=澳大利亚,00=维多利亚,1,1901–1927 年澳大利亚联邦政府所在地
堪培拉,Canberra,149.13,-35.28,,34,34=澳大利亚,,1,
惠灵顿,Wellington,174.78,-41.29,P,00 14 15 16 17 18 34,14 15 16 17 18 34=新西兰,00=新西兰（英国）,2,
奥克兰,Auckland,174.76,-36.85,P,00 14 15 16 17 18 34,,,2,
拉包尔,Rabaul,152.17,-4.2,P,14 15 16 17 18 34,,14 15 16 17=德属新几内亚;18=新几内亚（澳大利亚占领）;34=新几内亚（澳大利亚委任统治）,2,
莫尔兹比港,Port Moresby,147.18,-9.44,P,00 14 15 16 17 18 34,,*=巴布亚（英国 / 澳大利亚）,2,
努美阿,Noumea,166.44,-22.27,P,00 14 15 16 17 18 34,,*=新喀里多尼亚（法国）,2,
雅西,Iași,27.6,47.16,C,17,,17=罗马尼亚政府（战时驻地）,1,布加勒斯特于 1916 年 12 月被占领后，王室和政府迁至雅西
圣阿德雷斯,Sainte-Adresse,0.08,49.51,C,15 16 17,,15 16 17=比利时流亡政府,2,1914–1918 年比利时政府在勒阿弗尔附近办公，国王与军队留在伊瑟河前线
