name_zh,name_en,lon,lat,kinds,rank,note
上海,Shanghai,121.47,31.23,IP,0,全球集装箱吞吐量最大的港口；制造业与金融中心
宁波,Ningbo,121.55,29.87,P,1,宁波舟山港，全球货物吞吐量最大的港口
深圳,Shenzhen,114.06,22.54,IP,1,电子制造与科技企业中心；集装箱大港
广州,Guangzhou,113.26,23.13,IP,1,汽车与制造业；南沙港
青岛,Qingdao,120.38,36.07,IP,2,港口与家电制造
天津,Tianjin,117.20,39.13,IP,1,华北最大港口，航空与化工
厦门,Xiamen,118.09,24.48,P,2,
大连,Dalian,121.61,38.91,IP,2,港口、造船与石化
苏州,Suzhou,120.59,31.30,I,2,电子与精密制造
东莞,Dongguan,113.75,23.02,I,2,电子与轻工制造
重庆,Chongqing,106.55,29.56,I,1,汽车与电子制造
武汉,Wuhan,114.31,30.59,I,2,光电子、汽车与钢铁
成都,Chengdu,104.07,30.67,I,2,电子信息与航空
西安,Xi'an,108.94,34.34,I,2,航空航天
沈阳,Shenyang,123.43,41.80,I,2,装备制造
合肥,Hefei,117.23,31.82,I,2,新能源汽车与显示面板
香港,Hong Kong,114.17,22.28,P,1,国际航运与金融中心
高雄,Kaohsiung,120.30,22.62,IP,2,台湾最大港口，石化与钢铁
新竹,Hsinchu,120.97,24.80,I,1,半导体制造中心（新竹科学园区）
釜山,Busan,129.04,35.10,P,1,韩国最大港口
蔚山,Ulsan,129.31,35.54,I,2,汽车、造船与石化
浦项,Pohang,129.37,36.02,I,2,钢铁
名古屋,Nagoya,136.91,35.18,IP,1,汽车工业中心，日本货物吞吐量最大的港口
大阪,Osaka,135.50,34.69,IP,2,阪神工业区
横滨,Yokohama,139.64,35.44,P,2,
新加坡港,Singapore,103.85,1.29,P,1,全球最大转运港之一，炼油中心
巴生港,Port Klang,101.39,3.00,P,2,马来西亚最大港口
林查班,Laem Chabang,100.88,13.08,P,2,泰国最大港口
胡志明市,Ho Chi Minh City,106.70,10.78,IP,2,越南最大城市与港口
孟买,Mumbai,72.88,19.08,IP,1,印度金融中心；尼赫鲁港
班加罗尔,Bengaluru,77.59,12.97,I,1,印度软件与科技中心
钦奈,Chennai,80.27,13.08,IP,2,汽车制造与港口
贾姆讷格尔,Jamnagar,70.07,22.47,I,2,大型炼油基地
迪拜,Dubai,55.27,25.20,P,1,杰贝阿里港，中东最大港口
吉达,Jeddah,39.17,21.54,P,2,红海最大港口
朱拜勒,Jubail,49.66,27.01,I,2,石化工业城
塞得港,Port Said,32.30,31.26,P,2,苏伊士运河北口
比雷埃夫斯,Piraeus,23.65,37.94,P,2,地中海东部最大集装箱港
瓦伦西亚,Valencia,-0.38,39.47,P,2,地中海大港
阿尔赫西拉斯,Algeciras,-5.45,36.13,P,2,直布罗陀海峡转运港
丹吉尔,Tangier,-5.81,35.76,P,2,丹吉尔地中海港，非洲最大集装箱港
鹿特丹,Rotterdam,4.48,51.92,P,0,欧洲最大港口
安特卫普,Antwerp,4.40,51.22,IP,1,欧洲第二大港，化工集群
汉堡,Hamburg,10.00,53.55,IP,1,德国最大港口，飞机制造
斯图加特,Stuttgart,9.18,48.78,I,2,汽车与汽车零部件
沃尔夫斯堡,Wolfsburg,10.79,52.42,I,2,大众汽车总部
慕尼黑,Munich,11.58,48.14,I,2,汽车与电气工业
埃森,Essen,7.01,51.46,I,2,鲁尔工业区
埃因霍温,Eindhoven,5.48,51.44,I,2,半导体设备制造
图卢兹,Toulouse,1.44,43.60,I,2,空客总装
米兰,Milan,9.19,45.46,I,1,意大利工业与金融中心
都灵,Turin,7.69,45.07,I,2,汽车工业
哥德堡,Gothenburg,11.97,57.71,IP,2,北欧最大港口，汽车制造
费利克斯托,Felixstowe,1.35,51.96,P,2,英国最大集装箱港
圣彼得堡,Saint Petersburg,30.32,59.94,IP,2,俄罗斯最大港口城市，造船
新罗西斯克,Novorossiysk,37.77,44.72,P,2,俄罗斯黑海石油与粮食出口港
叶卡捷琳堡,Yekaterinburg,60.61,56.84,I,2,乌拉尔重工业
马格尼托哥尔斯克,Magnitogorsk,58.98,53.41,I,2,钢铁联合企业
诺里尔斯克,Norilsk,88.20,69.35,I,2,镍与钯矿冶
敖德萨,Odesa,30.73,46.48,P,2,乌克兰最大港口，黑海粮食出口
洛杉矶,Los Angeles,-118.24,34.05,IP,0,洛杉矶–长滩港，美国最大集装箱港
纽约,New York,-74.01,40.71,P,0,纽约–新泽西港；全球金融中心
萨凡纳,Savannah,-81.10,32.08,P,2,
休斯敦,Houston,-95.37,29.76,IP,1,石油化工与能源中心
新奥尔良,New Orleans,-90.07,29.95,P,2,密西西比河出海口
西雅图,Seattle,-122.33,47.61,IP,2,航空制造与科技企业
圣何塞,San Jose,-121.89,37.34,I,1,硅谷
底特律,Detroit,-83.05,42.33,I,2,美国汽车工业中心
芝加哥,Chicago,-87.63,41.88,I,2,
温哥华,Vancouver,-123.12,49.28,P,2,加拿大最大港口
蒙特雷,Monterrey,-100.32,25.69,I,2,墨西哥工业中心
科隆,Colon,-79.90,9.36,P,2,巴拿马运河大西洋端
圣保罗,Sao Paulo,-46.63,-23.55,I,1,南美最大工业与金融中心
桑托斯,Santos,-46.33,-23.96,P,2,南美最大港口
德班,Durban,31.03,-29.86,P,2,非洲南部最大港口
约翰内斯堡,Johannesburg,28.05,-26.20,I,2,采矿与金融中心
拉各斯,Lagos,3.39,6.45,P,1,西非最大城市与港口
蒙巴萨,Mombasa,39.67,-4.04,P,2,东非最大港口
墨尔本,Melbourne,144.96,-37.81,P,2,澳大利亚最大集装箱港
悉尼,Sydney,151.21,-33.87,P,2,
黑德兰港,Port Hedland,118.61,-20.31,P,2,铁矿石出口港
