event_id,unit_name,unit_gwcode,start_date,end_date,scope,control_type,controller_name,controller_name_zh,controller_gwcode,note
ww1_bel,Belgium,211,1914-10-10,1918-11-11,whole,military_occupation,Germany,德国,255,German occupation after the fall of Antwerp; a strip of West Flanders behind the Yser stayed under Belgian control
ww1_lux,Luxembourg,212,1914-08-02,1918-11-11,whole,military_occupation,Germany,德国,255,German military occupation; Grand Ducal government kept nominal authority
ww1_rom,Rumania,360,1916-12-06,1918-11-11,partial,military_occupation,Central Powers (Germany/Austria-Hungary/Bulgaria),同盟国（德国/奥匈/保加利亚）,255,Wallachia and Dobruja incl. Bucharest occupied; Moldavia held by Romania
ww1_fra,France,220,1914-09-15,1918-11-11,partial,military_occupation,Germany,德国,255,North-eastern departments behind the Western Front
ww1_rus,Russia (Soviet Union),365,1918-03-03,1918-11-11,partial,military_occupation,Germany / Austria-Hungary,德国/奥匈帝国,255,"Areas ceded or occupied after Brest-Litovsk (Ukraine, Belarus, Baltic provinces)"
rhine,Germany (Prussia),255,1918-12-01,1930-06-30,partial,military_occupation,Allied powers,协约国/盟国,-1,Allied occupation of the Rhineland
ruhr,Germany (Prussia),255,1923-01-11,1925-08-25,partial,military_occupation,France / Belgium,法国/比利时,220,Occupation of the Ruhr
manchukuo,China,710,1932-03-01,1945-08-19,partial,client_state,Japan,日本,740,"Manchukuo (Japanese client state) in Manchuria, Rehe from 1933"
china_occ,China,710,1937-12-13,1945-08-15,partial,military_occupation,Japan,日本,740,Japanese-occupied eastern China (from the fall of Nanjing) incl. collaborationist regimes and Mengjiang
eth_ita,Ethiopia,530,1936-05-05,1941-05-05,whole,annexation,Italy,意大利,325,Italian conquest; part of Italian East Africa until liberation
aut_ger,Austria,305,1938-03-13,1945-04-27,whole,annexation,Germany,德国,255,Anschluss
cze_ger,Czechoslovakia,315,1939-03-15,1945-05-08,whole,partition,Germany,德国,255,Protectorate of Bohemia and Moravia under Germany; Slovak Republic a German client state; Carpatho-Ukraine annexed by Hungary
alb_ita,Albania,339,1939-04-07,1943-09-08,whole,annexation,Italy,意大利,325,Italian invasion; personal union with Italy
alb_ger,Albania,339,1943-09-09,1944-11-29,whole,military_occupation,Germany,德国,255,German occupation after the Italian armistice
pol_1939,Poland,290,1939-09-28,1941-06-21,whole,partition,Germany / Soviet Union,德国/苏联,255,Partitioned between Germany (annexed areas and General Government) and the Soviet Union (eastern half)
pol_ger,Poland,290,1941-06-22,1945-05-07,whole,military_occupation,Germany,德国,255,Whole pre-war territory under German occupation after June 1941; Soviet re-conquest from mid-1944
dnk_ger,Denmark,390,1940-04-09,1945-05-05,whole,military_occupation,Germany,德国,255,Occupation with Danish government in place until August 1943
nor_ger,Norway,385,1940-06-10,1945-05-08,whole,military_occupation,Germany,德国,255,Occupation and Reichskommissariat Norwegen
nld_ger,Netherlands,210,1940-05-15,1945-05-05,whole,military_occupation,Germany,德国,255,Reichskommissariat Niederlande; south liberated from September 1944
bel_ger,Belgium,211,1940-05-28,1944-09-04,whole,military_occupation,Germany,德国,255,German military administration
lux_ger,Luxembourg,212,1940-05-10,1944-09-10,whole,annexation,Germany,德国,255,"Occupied, de facto annexed in 1942"
isl_gbr,Iceland,395,1940-05-10,1941-07-07,whole,military_occupation,United Kingdom,英国,200,British occupation; United States took over in July 1941
fra_1940,France,220,1940-06-22,1942-11-10,partial,military_occupation,Germany,德国,255,Occupied zone (north and Atlantic coast); southern zone governed by the Vichy regime
fra_ger,France,220,1942-11-11,1944-08-25,whole,military_occupation,Germany,德国,255,Whole country occupied (Italian zone in the south-east until September 1943); Vichy administration
yug_axis,Yugoslavia,345,1941-04-17,1944-10-20,whole,partition,Axis powers (Germany/Italy/Hungary/Bulgaria/Independent State of Croatia),轴心国（德/意/匈/保/克罗地亚独立国）,255,Partitioned among the Axis and client states; large partisan-held areas
grc_axis,Greece,350,1941-06-01,1944-10-12,whole,military_occupation,Axis powers (Germany/Italy/Bulgaria),轴心国（德/意/保）,255,Triple occupation
ussr_ger,Russia (Soviet Union),365,1941-06-22,1944-08-31,partial,military_occupation,Germany and allies,德国及其仆从国,255,"Western Soviet Union (Baltic, Belarus, Ukraine, western Russia) behind the Eastern Front"
irn_occ,Iran (Persia),630,1941-08-25,1946-05-09,partial,military_occupation,United Kingdom / Soviet Union,英国/苏联,200,"Anglo-Soviet occupation: Soviet north, British south; Iranian government remained"
phl_jpn,Philippines,840,1942-05-06,1945-07-05,whole,military_occupation,Japan,日本,740,Japanese occupation after the fall of Corregidor
idn_jpn,Indonesia,850,1942-03-08,1945-08-17,whole,military_occupation,Japan,日本,740,Japanese occupation of the Dutch East Indies
fms_jpn,Federated Malay States,821,1942-01-11,1945-09-12,whole,military_occupation,Japan,日本,740,Japanese occupation of Malaya
ums_jpn,Unfederated Malay States,822,1942-02-15,1945-09-12,whole,military_occupation,Japan,日本,740,Japanese occupation of Malaya (four northern states transferred to Thailand in 1943)
sts_jpn,Straits Settlements,827,1942-02-15,1945-09-12,whole,military_occupation,Japan,日本,740,Japanese occupation (Syonan)
mmr_jpn,Myanmar (Burma),775,1942-05-20,1945-05-03,whole,military_occupation,Japan,日本,740,Japanese occupation and the State of Burma client regime; Rangoon retaken May 1945
srw_jpn,Sarawak,824,1942-01-24,1945-09-11,whole,military_occupation,Japan,日本,740,Japanese occupation of British Borneo
sbh_jpn,Sabah (North Borneo),823,1942-01-19,1945-09-11,whole,military_occupation,Japan,日本,740,Japanese occupation of British Borneo
brn_jpn,Brunei,835,1941-12-22,1945-06-10,whole,military_occupation,Japan,日本,740,Japanese occupation; Australian landing June 1945
tls_jpn,East Timor,860,1942-02-20,1945-09-05,whole,military_occupation,Japan,日本,740,Japanese occupation of Portuguese Timor
png_jpn,Papua,911,1942-07-21,1944-12-31,partial,military_occupation,Japan,日本,740,North coast of Papua
ngn_jpn,New Guinea (German New Guinea) (Kaiser Wilhelmsland),912,1942-01-23,1945-09-13,partial,military_occupation,Japan,日本,740,"Rabaul, New Britain, northern New Guinea"
sol_jpn,Solomon Islands,940,1942-05-03,1943-12-31,partial,military_occupation,Japan,日本,740,Japanese-held islands during the Solomons campaign
hun_ger,Hungary,310,1944-03-19,1945-04-04,whole,military_occupation,Germany,德国,255,Operation Margarethe; Hungarian administration remained
ita_1944,Italy/Sardinia,325,1943-09-08,1945-05-02,partial,military_occupation,Germany / Allied powers,德国/盟国,255,"North under German occupation (Italian Social Republic), south under Allied military government and the Kingdom of Italy"
vnm_jpn,Vietnam (Annam/Cochin China/Tonkin),815,1945-03-09,1945-08-25,whole,military_occupation,Japan,日本,740,Japanese coup ended French administration; Empire of Vietnam client state
khm_jpn,Cambodia (Kampuchea),811,1945-03-09,1945-08-25,whole,military_occupation,Japan,日本,740,Japanese coup ended French administration
lao_jpn,Laos,812,1945-03-09,1945-08-25,whole,military_occupation,Japan,日本,740,Japanese coup ended French administration
aut_allied,Austria,305,1945-04-27,1955-07-27,whole,allied_occupation,Allied powers (US/UK/France/USSR),盟国（美英法苏）,-1,Four-power occupation with an Austrian government
jpn_allied,Japan,740,1945-09-02,1952-04-28,whole,allied_occupation,Allied powers (US-led SCAP),盟国（美国主导的盟军总司令部）,2,Allied occupation of Japan
ryukyu,Japan,740,1945-06-22,1972-05-15,partial,military_occupation,United States,美国,2,US administration of the Ryukyu Islands (Okinawa)
chn_civil,China,710,1946-06-26,1949-12-07,partial,civil_war,Chinese Communist Party,中国共产党,-2,"Chinese Civil War: CCP-held areas (Manchuria, North China, then most of the mainland by mid-1949)"
kor_1950,"Korea, Republic of",732,1950-06-28,1950-09-28,partial,military_occupation,"Korea, People's Republic of",朝鲜,731,North Korean occupation of Seoul and most of the South
cod_kat,"Congo, Democratic Republic of (Zaire)",490,1960-07-11,1963-01-15,partial,secession,State of Katanga,加丹加国,-2,Katanga (and South Kasai 1960-62) secession
nga_bia,Nigeria,475,1967-05-30,1970-01-15,partial,secession,Republic of Biafra,比夫拉共和国,-2,Biafran secession in the south-east
cyp_tur,Cyprus,352,1974-08-16,2019-12-31,partial,military_occupation,Turkey,土耳其,640,Northern third under Turkish occupation (Turkish Republic of Northern Cyprus declared 1983)
lbn_syr,Lebanon,660,1976-06-01,2005-04-26,partial,military_occupation,Syria,叙利亚,652,Syrian military presence in much of Lebanon
lbn_isr,Lebanon,660,1978-03-15,2000-05-24,partial,military_occupation,Israel,以色列,666,Israeli-held zone in the south (security zone from 1985)
khm_vnm,Cambodia (Kampuchea),811,1979-01-07,1989-09-26,whole,military_occupation,"Vietnam, Democratic Republic of",越南,816,Vietnamese occupation and the People's Republic of Kampuchea; resistance enclaves on the Thai border
afg_ussr,Afghanistan,700,1979-12-27,1989-02-15,partial,military_intervention,Soviet Union,苏联,365,Soviet intervention supporting the Afghan government; large areas held by mujahideen
afg_tal,Afghanistan,700,1996-09-27,2001-11-13,partial,de_facto_government,Taliban (Islamic Emirate of Afghanistan),塔利班（阿富汗伊斯兰酋长国）,-2,Taliban control most of the country; Northern Alliance holds the north-east
som_sld,Somalia,520,1991-05-18,2019-12-31,partial,secession,Somaliland,索马里兰,-2,Self-declared Republic of Somaliland in the north-west
irq_krd,Iraq,645,1991-10-01,2019-12-31,partial,autonomy,Kurdistan Region,库尔德斯坦地区,-2,Kurdish self-rule in the north after the Iraqi withdrawal
bih_rs,Bosnia-Herzegovina,346,1992-04-06,1995-12-14,partial,civil_war,Republika Srpska / Herzeg-Bosnia,塞族共和国/黑塞哥-波斯尼亚,-2,Bosnian War front lines
hrv_rsk,Croatia,344,1991-12-19,1995-08-07,partial,secession,Republic of Serbian Krajina,塞尔维亚克拉伊纳共和国,-2,Krajina and eastern Slavonia held by Serb forces
aze_nk,Azerbaijan,373,1992-05-08,2019-12-31,partial,military_occupation,Armenian forces / Nagorno-Karabakh Republic,亚美尼亚武装/纳戈尔诺-卡拉巴赫共和国,-2,Nagorno-Karabakh and surrounding districts
geo_abk,Georgia,372,1993-09-30,2019-12-31,partial,secession,Abkhazia,阿布哈兹,-2,Abkhazia de facto independent; South Ossetia from 1992
mda_tra,Moldova,359,1992-07-21,2019-12-31,partial,secession,Transnistria,德涅斯特河沿岸,-2,Pridnestrovian Moldavian Republic
rus_che,Russia (Soviet Union),365,1996-08-31,1999-09-30,partial,secession,Chechen Republic of Ichkeria,车臣伊奇克里亚共和国,-2,De facto independent Chechnya between the wars
yug_ksv,Yugoslavia,345,1999-06-10,2008-02-17,partial,un_administration,UN Interim Administration (UNMIK) / KFOR,联合国科索沃临时行政当局,-3,Kosovo under UN administration
tls_un,Indonesia,850,1999-10-25,2002-05-19,partial,un_administration,UN Transitional Administration (UNTAET),联合国东帝汶过渡行政当局,-3,East Timor under UN administration until independence
