src,key,name,name_en,name_zh,kind,region,note
nigeria,Abeokuta,Abeokuta Province,Abeokuta Province,阿贝奥库塔省,province,Southern Provinces|Western Provinces,
nigeria,Benin,Benin Province,Benin Province,贝宁省,province,Southern Provinces|Western Provinces,
nigeria,Ijebu,Ijebu Province,Ijebu Province,伊杰布省,province,Southern Provinces|Western Provinces,
nigeria,Ondo,Ondo Province,Ondo Province,翁多省,province,Southern Provinces|Western Provinces,
nigeria,Oyo,Oyo Province,Oyo Province,奥约省,province,Southern Provinces|Western Provinces,
nigeria,Warri,Warri Province,Warri Province,瓦里省,province,Southern Provinces|Western Provinces,
nigeria,Calabar,Calabar Province,Calabar Province,卡拉巴尔省,province,Southern Provinces|Eastern Provinces,
nigeria,Ogoja,Ogoja Province,Ogoja Province,奥戈贾省,province,Southern Provinces|Eastern Provinces,
nigeria,Onitsha,Onitsha Province,Onitsha Province,奥尼查省,province,Southern Provinces|Eastern Provinces,
nigeria,Owerri,Owerri Province,Owerri Province,奥韦里省,province,Southern Provinces|Eastern Provinces,
nigeria,-,Cameroons Province,Cameroons Province,喀麦隆省,province (British mandate),Southern Provinces|Eastern Provinces,the southern part of the British mandate of the Cameroons
nigeria,Colony,Colony of Lagos,Colony of Lagos,拉各斯殖民地,colony,,
nigeria,Adamawa,Adamawa Province,Adamawa Province,阿达马瓦省,province,Northern Provinces,with the part of the British Cameroons mandate it administered
nigeria,Bauchi,Bauchi Province,Bauchi Province,包奇省,province,Northern Provinces,
nigeria,Benue,Benue Province,Benue Province,贝努埃省,province,Northern Provinces,with the part of the British Cameroons mandate it administered
nigeria,Bornu,Bornu Province,Bornu Province,博尔努省,province,Northern Provinces,with the part of the British Cameroons mandate it administered
nigeria,Ilorin,Ilorin Province,Ilorin Province,伊洛林省,province,Northern Provinces,
nigeria,Kabba,Kabba Province,Kabba Province,卡巴省,province,Northern Provinces,
nigeria,Kano,Kano Province,Kano Province,卡诺省,province,Northern Provinces,
nigeria,Katsina,Katsina Province,Katsina Province,卡齐纳省,province,Northern Provinces,
nigeria,Niger,Niger Province,Niger Province,尼日尔省,province,Northern Provinces,
nigeria,Plateau,Plateau Province,Plateau Province,高原省,province,Northern Provinces,
nigeria,Sokoto,Sokoto Province,Sokoto Province,索科托省,province,Northern Provinces,
nigeria,Zaria,Zaria Province,Zaria Province,扎里亚省,province,Northern Provinces,
zambia_1938,Barotse,Barotse Province,Barotse Province,巴罗策省,province,,
zambia_1938,Central,Central Province,Central Province (Northern Rhodesia),中央省（北罗得西亚）,province,,
zambia_1938,Eastern,Eastern Province,Eastern Province (Northern Rhodesia),东方省（北罗得西亚）,province,,
zambia_1938,Northern,Northern Province,Northern Province (Northern Rhodesia),北方省（北罗得西亚）,province,,
zambia_1938,Southern,Southern Province,Southern Province (Northern Rhodesia),南方省（北罗得西亚）,province,,
zambia_1938,Western,Western Province,Western Province (Northern Rhodesia),西方省（北罗得西亚）,province,,
uganda_1948,Buganda,Buganda,Buganda Province,布干达省,province (kingdom),,
uganda_1948,Eastern,Eastern Province,Eastern Province (Uganda),东方省（乌干达）,province,,
uganda_1948,Northern,Northern Province,Northern Province (Uganda),北方省（乌干达）,province,,
uganda_1948,Western,Western Province,Western Province (Uganda),西方省（乌干达）,province,,
kenya_1948,Central,Central Province,Central Province (Kenya),中央省（肯尼亚）,province,,
kenya_1948,Coast,Coast Province,Coast Province,沿海省,province,,with the coastal strip leased from the Sultan of Zanzibar (Kenya Protectorate)
kenya_1948,Kenya Protectorate,Coast Province,Coast Province,沿海省,province,,with the coastal strip leased from the Sultan of Zanzibar (Kenya Protectorate)
kenya_1948,Masai,Masai Province,Masai Province,马赛省,province,,
kenya_1948,Northern Frontier,Northern Frontier Province,Northern Frontier Province,北部边疆省,province,,
kenya_1948,Nyanza,Nyanza Province,Nyanza Province,尼扬扎省,province,,
kenya_1948,Rift Valley,Rift Valley Province,Rift Valley Province,裂谷省,province,,
kenya_1948,Turkana,Turkana,Turkana,图尔卡纳,district (provincial level),,
ghana_1948,Gold Coast Colony,Gold Coast Colony,Gold Coast Colony,黄金海岸殖民地,colony,,the colony proper; its Eastern and Western provinces are joined
ghana_1948,Ashanti,Ashanti,Ashanti,阿散蒂,protectorate (annexed colony),,
ghana_1948,Northern Territories,Northern Territories,Northern Territories of the Gold Coast,北领地,protectorate,,
ghana_1948,British Trust Territory,British Togoland,British Togoland,英属多哥兰,mandate,,administered with the Gold Coast; its northern part with the Northern Territories
sierra_leone_1922,Colony,Sierra Leone Colony,Sierra Leone Colony,塞拉利昂殖民地,colony,,
sierra_leone_1922,Northern,Northern Province,Northern Province (Sierra Leone),北方省（塞拉利昂）,province,,
sierra_leone_1922,Central,Central Province,Central Province (Sierra Leone),中央省（塞拉利昂）,province,,
sierra_leone_1922,Southern,Southern Province,Southern Province (Sierra Leone),南方省（塞拉利昂）,province,,
sweden,01,Stockholms län,Stockholm County,斯德哥尔摩省,län,,
sweden,02,Överståthållarskapet (Stockholms stad),City of Stockholm,斯德哥尔摩市（总督辖区）,överståthållarskap,,
sweden,03,Uppsala län,Uppsala County,乌普萨拉省,län,,
sweden,04,Södermanlands län,Södermanland County,南曼兰省,län,,
sweden,05,Östergötlands län,Östergötland County,东约特兰省,län,,
sweden,06,Jönköpings län,Jönköping County,延雪平省,län,,
sweden,07,Kronobergs län,Kronoberg County,克鲁努贝里省,län,,
sweden,08,Kalmar län,Kalmar County,卡尔马省,län,,
sweden,09,Gotlands län,Gotland County,哥得兰省,län,,
sweden,10,Blekinge län,Blekinge County,布莱金厄省,län,,
sweden,11,Kristianstads län,Kristianstad County,克里斯蒂安斯塔德省,län,,
sweden,12,Malmöhus län,Malmöhus County,马尔默胡斯省,län,,
sweden,13,Hallands län,Halland County,哈兰省,län,,
sweden,14,Göteborgs och Bohus län,Gothenburg and Bohus County,哥德堡和布胡斯省,län,,
sweden,15,Älvsborgs län,Älvsborg County,艾尔夫斯堡省,län,,
sweden,16,Skaraborgs län,Skaraborg County,斯卡拉堡省,län,,
sweden,17,Värmlands län,Värmland County,韦姆兰省,län,,
sweden,18,Örebro län,Örebro County,厄勒布鲁省,län,,
sweden,19,Västmanlands län,Västmanland County,西曼兰省,län,,
sweden,20,Kopparbergs län,Kopparberg County,科帕尔贝里省（达拉纳）,län,,
sweden,21,Gävleborgs län,Gävleborg County,耶夫勒堡省,län,,
sweden,22,Västernorrlands län,Västernorrland County,西诺尔兰省,län,,
sweden,23,Jämtlands län,Jämtland County,耶姆特兰省,län,,
sweden,24,Västerbottens län,Västerbotten County,西博滕省,län,,
sweden,25,Norrbottens län,Norrbotten County,北博滕省,län,,
portugal,AVEIRO,Aveiro,Aveiro District,阿威罗区,distrito,,
portugal,BEJA,Beja,Beja District,贝雅区,distrito,,
portugal,BRAGA,Braga,Braga District,布拉加区,distrito,,
portugal,BRAGANÇA,Bragança,Bragança District,布拉干萨区,distrito,,
portugal,CASTELO BRANCO,Castelo Branco,Castelo Branco District,布朗库堡区,distrito,,
portugal,COIMBRA,Coimbra,Coimbra District,科英布拉区,distrito,,
portugal,ÉVORA,Évora,Évora District,埃武拉区,distrito,,
portugal,FARO,Faro,Faro District,法鲁区,distrito,,
portugal,GUARDA,Guarda,Guarda District,瓜达区,distrito,,
portugal,LEIRIA,Leiria,Leiria District,莱里亚区,distrito,,
portugal,LISBOA,Lisboa,Lisbon District,里斯本区,distrito,,
portugal,PORTALEGRE,Portalegre,Portalegre District,波塔莱格雷区,distrito,,
portugal,PORTO,Porto,Porto District,波尔图区,distrito,,
portugal,SANTARÉM,Santarém,Santarém District,圣塔伦区,distrito,,
portugal,SETÚBAL,Setúbal,Setúbal District,塞图巴尔区,distrito,,created on 22 December 1926 from the south of the district of Lisbon
portugal,VIANA DO CASTELO,Viana do Castelo,Viana do Castelo District,维亚纳堡区,distrito,,
portugal,VILA REAL,Vila Real,Vila Real District,雷阿尔城区,distrito,,
portugal,VISEU,Viseu,Viseu District,维塞乌区,distrito,,
portugal,Funchal,Funchal,Funchal District (Madeira),丰沙尔区（马德拉）,distrito,,
portugal,Angra do Heroísmo,Angra do Heroísmo,Angra do Heroísmo District (Azores),英雄港区（亚速尔）,distrito,,
portugal,Horta,Horta,Horta District (Azores),奥尔塔区（亚速尔）,distrito,,
portugal,Ponta Delgada,Ponta Delgada,Ponta Delgada District (Azores),蓬塔德尔加达区（亚速尔）,distrito,,
belgium,Antwerpen,Antwerpen / Anvers,Antwerp,安特卫普省,province,,
belgium,Brabant,Brabant,Brabant,布拉班特省,province,,
belgium,Henegouwen,Hainaut / Henegouwen,Hainaut,埃诺省,province,,
belgium,Luik,Liège / Luik,Liège,列日省,province,,
belgium,Limburg,Limburg,Limburg (Belgium),林堡省（比利时）,province,,
belgium,Luxemburg,Luxembourg / Luxemburg,Luxembourg (Belgium),卢森堡省（比利时）,province,,
belgium,Namen,Namur / Namen,Namur,那慕尔省,province,,
belgium,Oost-Vlaanderen,Oost-Vlaanderen / Flandre-Orientale,East Flanders,东佛兰德省,province,,
belgium,West-Vlaanderen,West-Vlaanderen / Flandre-Occidentale,West Flanders,西佛兰德省,province,,
