snapshots,iso3,field,match,controller_name,controller_name_zh,controller_gwcode,control_type,confidence,note
1946-06-26,CHN,hist,Songjiang|Hejiang|Heilongjiang|Nenjiang|Xing'an|Andong,Chinese Communist Party (liberated areas),中国共产党（解放区）,-2,civil_war,approximate,"North of the Sungari after the battle of Siping and the June truce in Manchuria: Harbin (28 April), Qiqihar, Jiamusi and Mudanjiang held by the Northeast Democratic Allied Army; Andong and Tonghua held until October 1946"
1946-06-26,CHN,geo,"box:127.8,41.5,131.5,44.6|box:119.5,43.3,124.2,47.2",Chinese Communist Party (liberated areas),中国共产党（解放区）,-2,civil_war,approximate,Yanbian and the Mongol banners and Taonan in the west of Liaobei
1946-06-26,CHN,hist,Rehe|Chahar,Chinese Communist Party (liberated areas),中国共产党（解放区）,-2,civil_war,approximate,Chengde held by the CCP until 29 August 1946 and Zhangjiakou until 11 October 1946
1946-06-26,CHN,geo,poly:111.0 42.3;116.0 41.9;116.9 43.6;119.0 44.6;120.1 46.6;111.0 46.6,Republic of China (Nationalist government),中华民国（国民政府）,710,independent,approximate,Xilingol and the Chahar banners: Mongol princes under nominal Nationalist authority
1946-06-26,CHN,adm1_modern,Hebei Province|Shandong Province,Chinese Communist Party (liberated areas),中国共产党（解放区）,-2,civil_war,approximate,"Countryside of the Shanxi-Chahar-Hebei, Hebei-Shandong-Henan and Shandong liberated areas"
1946-06-26,CHN,geo,"box:115.7,38.7,119.8,40.4|circle:115.47,38.87,30|circle:114.5,38.04,30|circle:117.0,36.65,40|box:117.3,36.4,119.6,36.95|box:119.6,35.9,120.8,36.5",Republic of China (Nationalist government),中华民国（国民政府）,710,independent,approximate,"Nationalist-held cities and railways: Beiping, Tianjin, Tangshan and the Shanhaiguan line, Baoding, Shijiazhuang, Jinan and the Jinan-Qingdao railway"
1946-06-26,CHN,geo,"box:112.4,35.2,114.3,37.4|box:110.2,37.4,112.1,39.5|box:114.6,35.3,116.0,36.4|box:107.2,35.6,110.6,38.0|box:118.6,32.6,120.9,34.4",Chinese Communist Party (liberated areas),中国共产党（解放区）,-2,civil_war,approximate,"Taihang and Taiyue (south-east Shanxi), north-west Shanxi, the Hebei-Shandong-Henan border, the Shaanxi-Gansu-Ningxia Border Region around Yan'an, and northern Jiangsu (capital Huaiyin)"
1946-06-26,CHN,geo,"circle:114.4,31.65,70",Central Plains break-out (fighting),中原突围（交战区）,-20,contested,approximate,"Central Plains Military Region around Xuanhuadian, encircled; its break-out on 26 June 1946 began the war"
1946-06-26,CHN,geo,poly:80.0 42.6;84.8 43.4;85.5 44.6;87.0 45.3;88.5 46.4;91.0 45.5;91.6 49.2;80.0 49.2,East Turkestan Republic (Three Districts),东突厥斯坦共和国（三区）,-102,de_facto_state,approximate,"Ili, Tarbagatai and Altai under the Soviet-backed Three Districts revolution (1944); a coalition government with Urumqi from June 1946, but the districts kept their own army until 1949"
1947-08-15,CHN,geo,poly:80.0 42.6;84.8 43.4;85.5 44.6;87.0 45.3;88.5 46.4;91.0 45.5;91.6 49.2;80.0 49.2,East Turkestan Republic (Three Districts),东突厥斯坦共和国（三区）,-102,de_facto_state,approximate,"Ili, Tarbagatai and Altai under the Soviet-backed Three Districts revolution (1944); a coalition government with Urumqi from June 1946, but the districts kept their own army until 1949"
1948-09-12,CHN,geo,poly:80.0 42.6;84.8 43.4;85.5 44.6;87.0 45.3;88.5 46.4;91.0 45.5;91.6 49.2;80.0 49.2,East Turkestan Republic (Three Districts),东突厥斯坦共和国（三区）,-102,de_facto_state,approximate,"Ili, Tarbagatai and Altai under the Soviet-backed Three Districts revolution (1944); a coalition government with Urumqi from June 1946, but the districts kept their own army until 1949"
1947-08-15,CHN,hist,Liaobei|Jilin|Songjiang|Hejiang|Heilongjiang|Nenjiang|Xing'an|Andong,Chinese Communist Party (liberated areas),中国共产党（解放区）,-2,civil_war,approximate,After the summer offensive of 1947 the CCP held most of Manchuria outside the cities and railways
1947-08-15,CHN,geo,"circle:125.32,43.88,45|circle:126.55,43.84,35|circle:124.37,43.17,30|circle:123.85,42.4,30|circle:124.38,40.13,25",Republic of China (Nationalist government),中华民国（国民政府）,710,independent,approximate,"Changchun, Jilin, Siping (held after the siege of June 1947), Tieling-Kaiyuan and Andong"
1947-08-15,CHN,hist,Rehe,Chinese Communist Party (liberated areas),中国共产党（解放区）,-2,civil_war,approximate,Hebei-Rehe-Liaoning countryside; Chengde held by the Nationalists
1947-08-15,CHN,geo,"circle:117.93,40.97,35",Republic of China (Nationalist government),中华民国（国民政府）,710,independent,approximate,Chengde (taken by the Nationalists in August 1946)
1947-08-15,CHN,adm1_modern,Hebei Province,Chinese Communist Party (liberated areas),中国共产党（解放区）,-2,civil_war,approximate,Central and southern Hebei liberated areas
1947-08-15,CHN,geo,"box:115.7,38.7,119.8,40.4|circle:115.47,38.87,30|circle:114.5,38.04,30",Republic of China (Nationalist government),中华民国（国民政府）,710,independent,approximate,"Beiping, Tianjin, the Shanhaiguan railway, Baoding and Shijiazhuang (taken by the CCP in November 1947)"
1947-08-15,CHN,geo,"box:116.0,36.8,119.0,38.4|box:120.3,36.6,122.8,37.9",Chinese Communist Party (liberated areas),中国共产党（解放区）,-2,civil_war,approximate,Bohai and Jiaodong: the parts of Shandong the CCP kept during the Nationalist offensive of 1947
1947-08-15,CHN,geo,"box:112.4,35.2,114.3,37.4|box:110.2,37.4,112.1,39.5|box:114.6,35.3,116.0,36.4",Chinese Communist Party (liberated areas),中国共产党（解放区）,-2,civil_war,approximate,South-east and north-west Shanxi; the Hebei-Shandong-Henan border
1947-08-15,CHN,geo,"box:107.5,35.6,111.0,38.6",Contested (front line),交战区（双方争夺）,-20,contested,approximate,Northern Shaanxi: Yan'an taken by Hu Zongnan on 19 March 1947; the CCP fought on in the countryside
1947-08-15,CHN,geo,"box:114.3,33.4,116.6,35.0",Contested (front line),交战区（双方争夺）,-20,contested,approximate,Liu Bocheng and Deng Xiaoping's army crossed the Yellow River on 30 June 1947 and marched on the Dabie mountains
1948-09-12,CHN,hist,Liaoning|Liaobei|Jilin|Songjiang|Hejiang|Heilongjiang|Nenjiang|Xing'an|Andong|Rehe,Chinese Communist Party (liberated areas),中国共产党（解放区）,-2,civil_war,approximate,The Northeast Field Army held almost all of Manchuria and Rehe
1948-09-12,CHN,geo,"circle:125.32,43.88,30|circle:123.43,41.8,50|circle:123.84,42.29,20|box:119.4,40.0,121.6,41.35|circle:117.93,40.97,25",Republic of China (Nationalist government),中华民国（国民政府）,710,independent,approximate,"Besieged Changchun; Shenyang with Fushun, Benxi, Tieling and Xinmin; the Jinzhou-Huludao-Shanhaiguan corridor (attacked from 12 September); Chengde"
1948-09-12,CHN,adm1_modern,Hebei Province|Shanxi Province|Shandong Province|Henan Province,Chinese Communist Party (liberated areas),中国共产党（解放区）,-2,civil_war,approximate,"North China and the Central Plains liberated areas (Shijiazhuang November 1947, Linfen May 1948, Luoyang April 1948)"
1948-09-12,CHN,geo,"box:115.7,38.7,119.8,40.4|circle:115.47,38.87,25|circle:112.55,37.87,55|circle:113.3,40.08,35|circle:117.0,36.65,30|circle:120.38,36.07,40|circle:113.65,34.75,35|circle:114.31,34.8,25|circle:113.9,35.3,25|circle:114.35,36.1,20|circle:114.07,32.13,30|circle:115.65,34.42,25|circle:111.2,34.75,20",Republic of China (Nationalist government),中华民国（国民政府）,710,independent,approximate,"Nationalist-held cities: Beiping-Tianjin-Tangshan, Baoding, Taiyuan, Datong, Jinan (fell 24 September), Qingdao, Zhengzhou, Kaifeng, Xinxiang, Anyang, Xinyang, Shangqiu, Shanzhou"
1948-09-12,CHN,geo,"box:107.3,35.6,111.0,39.6|box:118.7,32.8,121.0,34.4|circle:115.6,31.0,90",Chinese Communist Party (liberated areas),中国共产党（解放区）,-2,civil_war,approximate,"Northern Shaanxi (Yan'an retaken 21 April 1948), northern Jiangsu, and the Dabie mountains"
1948-09-12,CHN,geo,"circle:109.73,38.28,25",Republic of China (Nationalist government),中华民国（国民政府）,710,independent,approximate,Yulin
1949-10-01,CHN,unit,China,People's Republic of China,中华人民共和国,-2,civil_war,whole,"Proclaimed in Beijing on 1 October 1949; the People's Liberation Army held the north, the north-west (Xinjiang came over on 25 September), the east and the middle Yangtze"
1949-10-01,CHN,adm1_modern,Guangzhou Province|Guangxi Zhuang Autonomous Region|Hainan Province|Guizhou Province|Yunnan Province|Sichuan Province|Chongqing Municipality,Republic of China (Nationalist government),中华民国（国民政府）,710,independent,approximate,"The Nationalist government in Guangzhou (until 12 October), then Chongqing and Chengdu; Guangzhou fell on 14 October, Chongqing on 30 November, Chengdu on 27 December; Yunnan and Xikang changed sides in December; Hainan was taken in May 1950"
1949-10-01,CHN,geo,"box:105.5,31.7,110.1,33.6|box:108.3,29.0,110.6,31.4|box:108.7,26.0,110.6,29.0|box:121.8,29.6,123.0,30.8|circle:118.1,24.48,20",Republic of China (Nationalist government),中华民国（国民政府）,710,independent,approximate,"Southern Shaanxi (Hanzhong), western Hubei (Enshi), western Hunan, the Zhoushan islands and Amoy"
1949-10-01,CHN,name,Lüshunkou District,Soviet Union (Port Arthur naval base),苏联（旅顺海军基地）,365,leased_territory,approximate,"Soviet naval base under the treaties of 1945 and 1950, handed back in May 1955"
1953-07-27,CHN,name,Lüshunkou District,Soviet Union (Port Arthur naval base),苏联（旅顺海军基地）,365,leased_territory,approximate,"Soviet naval base under the treaties of 1945 and 1950, handed back in May 1955"
1949-10-01,TWN,name,Kinmen|Matsu Islands,Republic of China (Taiwan),中华民国（台湾）,713,independent,whole,"Quemoy and Matsu, held by the Republic of China (battle of Guningtou, October 1949)"
1953-07-27,TWN,name,Kinmen|Matsu Islands,Republic of China (Taiwan),中华民国（台湾）,713,independent,whole,"Quemoy and Matsu, held by the Republic of China (battle of Guningtou, October 1949)"
1991-12-26,TWN,name,Kinmen|Matsu Islands,Republic of China (Taiwan),中华民国（台湾）,713,independent,whole,"Quemoy and Matsu, held by the Republic of China (battle of Guningtou, October 1949)"
1946-06-26,CHN,adm1_modern,Hong Kong Special Administrative Region,United Kingdom,英国,200,colony,whole,British Hong Kong (returned to China in 1997)
1946-06-26,CHN,adm1_modern,Macau Special Administrative Region|Macao Special Administrative Region,Portugal,葡萄牙,235,colony,whole,Portuguese Macau (returned to China in 1999)
1947-08-15,CHN,adm1_modern,Hong Kong Special Administrative Region,United Kingdom,英国,200,colony,whole,British Hong Kong (returned to China in 1997)
1947-08-15,CHN,adm1_modern,Macau Special Administrative Region|Macao Special Administrative Region,Portugal,葡萄牙,235,colony,whole,Portuguese Macau (returned to China in 1999)
1948-09-12,CHN,adm1_modern,Hong Kong Special Administrative Region,United Kingdom,英国,200,colony,whole,British Hong Kong (returned to China in 1997)
1948-09-12,CHN,adm1_modern,Macau Special Administrative Region|Macao Special Administrative Region,Portugal,葡萄牙,235,colony,whole,Portuguese Macau (returned to China in 1999)
1949-10-01,CHN,adm1_modern,Hong Kong Special Administrative Region,United Kingdom,英国,200,colony,whole,British Hong Kong (returned to China in 1997)
1949-10-01,CHN,adm1_modern,Macau Special Administrative Region|Macao Special Administrative Region,Portugal,葡萄牙,235,colony,whole,Portuguese Macau (returned to China in 1999)
1953-07-27,CHN,adm1_modern,Hong Kong Special Administrative Region,United Kingdom,英国,200,colony,whole,British Hong Kong (returned to China in 1997)
1953-07-27,CHN,adm1_modern,Macau Special Administrative Region|Macao Special Administrative Region,Portugal,葡萄牙,235,colony,whole,Portuguese Macau (returned to China in 1999)
1991-12-26,CHN,adm1_modern,Hong Kong Special Administrative Region,United Kingdom,英国,200,colony,whole,British Hong Kong (returned to China in 1997)
1991-12-26,CHN,adm1_modern,Macau Special Administrative Region|Macao Special Administrative Region,Portugal,葡萄牙,235,colony,whole,Portuguese Macau (returned to China in 1999)
1946-06-26,KOR,geo,"box:124.0,38.0,131.0,39.5",Soviet Union (occupation zone north of the 38th parallel),苏联（三八线以北占领区）,365,military_occupation,approximate,"North of the 38th parallel (the armistice line of 1953, drawn by CShapes, runs further north in the east)"
1946-06-26,PRK,geo,"box:124.0,36.0,131.0,38.0",United States (occupation zone south of the 38th parallel),美国（三八线以南占领区）,2,military_occupation,approximate,South of the 38th parallel: Kaesong and the Ongjin peninsula
1947-08-15,KOR,geo,"box:124.0,38.0,131.0,39.5",Soviet Union (occupation zone north of the 38th parallel),苏联（三八线以北占领区）,365,military_occupation,approximate,"North of the 38th parallel (the armistice line of 1953, drawn by CShapes, runs further north in the east)"
1947-08-15,PRK,geo,"box:124.0,36.0,131.0,38.0",United States (occupation zone south of the 38th parallel),美国（三八线以南占领区）,2,military_occupation,approximate,South of the 38th parallel: Kaesong and the Ongjin peninsula
1948-09-12,KOR,geo,"box:124.0,38.0,131.0,39.5",North Korea (DPRK),朝鲜（朝鲜民主主义人民共和国）,731,independent,approximate,"North of the 38th parallel (the armistice line of 1953, drawn by CShapes, runs further north in the east)"
1948-09-12,PRK,geo,"box:124.0,36.0,131.0,38.0",South Korea (Republic of Korea),韩国（大韩民国）,732,independent,approximate,South of the 38th parallel: Kaesong and the Ongjin peninsula
1949-10-01,KOR,geo,"box:124.0,38.0,131.0,39.5",North Korea (DPRK),朝鲜（朝鲜民主主义人民共和国）,731,independent,approximate,"North of the 38th parallel (the armistice line of 1953, drawn by CShapes, runs further north in the east)"
1949-10-01,PRK,geo,"box:124.0,36.0,131.0,38.0",South Korea (Republic of Korea),韩国（大韩民国）,732,independent,approximate,South of the 38th parallel: Kaesong and the Ongjin peninsula
1946-06-26,JPN,adm1_modern,Okinawa Prefecture,United States,美国,2,military_occupation,whole,"US military government of the Ryukyu Islands (civil administration from 1950), returned in 1972"
1947-08-15,JPN,adm1_modern,Okinawa Prefecture,United States,美国,2,military_occupation,whole,"US military government of the Ryukyu Islands (civil administration from 1950), returned in 1972"
1948-09-12,JPN,adm1_modern,Okinawa Prefecture,United States,美国,2,military_occupation,whole,"US military government of the Ryukyu Islands (civil administration from 1950), returned in 1972"
1949-10-01,JPN,adm1_modern,Okinawa Prefecture,United States,美国,2,military_occupation,whole,"US military government of the Ryukyu Islands (civil administration from 1950), returned in 1972"
1953-07-27,JPN,adm1_modern,Okinawa Prefecture,United States,美国,2,military_occupation,whole,"US military government of the Ryukyu Islands (civil administration from 1950), returned in 1972"
1946-06-26,JPN,name,Setouchi|Yamato|China|Amagi|Tokunoshima|Yoron|Tatsugo|Wadomari|Isen|Amami|Uken|Kikai,United States,美国,2,military_occupation,whole,"Amami Islands, under US administration until 25 December 1953"
1947-08-15,JPN,name,Setouchi|Yamato|China|Amagi|Tokunoshima|Yoron|Tatsugo|Wadomari|Isen|Amami|Uken|Kikai,United States,美国,2,military_occupation,whole,"Amami Islands, under US administration until 25 December 1953"
1948-09-12,JPN,name,Setouchi|Yamato|China|Amagi|Tokunoshima|Yoron|Tatsugo|Wadomari|Isen|Amami|Uken|Kikai,United States,美国,2,military_occupation,whole,"Amami Islands, under US administration until 25 December 1953"
1949-10-01,JPN,name,Setouchi|Yamato|China|Amagi|Tokunoshima|Yoron|Tatsugo|Wadomari|Isen|Amami|Uken|Kikai,United States,美国,2,military_occupation,whole,"Amami Islands, under US administration until 25 December 1953"
1953-07-27,JPN,name,Setouchi|Yamato|China|Amagi|Tokunoshima|Yoron|Tatsugo|Wadomari|Isen|Amami|Uken|Kikai,United States,美国,2,military_occupation,whole,"Amami Islands, under US administration until 25 December 1953"
1946-06-26,DEU,adm1_modern,Schleswig-Holstein|Hamburg|Niedersachsen|Nordrhein-Westfalen,United Kingdom,英国,200,allied_occupation,whole,British occupation zone (Bizone with the American zone from 1947)
1946-06-26,DEU,adm1_modern,Bayern|Hessen|Bremen,United States,美国,2,allied_occupation,whole,American occupation zone
1946-06-26,DEU,adm2_modern,Stuttgart|Karlsruhe,United States,美国,2,allied_occupation,whole,American occupation zone (Württemberg-Baden)
1946-06-26,DEU,adm1_modern,Rheinland-Pfalz,France,法国,220,allied_occupation,whole,French occupation zone
1946-06-26,DEU,adm2_modern,Freiburg|Tübingen,France,法国,220,allied_occupation,whole,"French occupation zone (South Baden, Württemberg-Hohenzollern)"
1946-06-26,DEU,adm1_modern,Brandenburg|Mecklenburg-Vorpommern|Sachsen|Sachsen-Anhalt|Thüringen,Soviet Union,苏联,365,allied_occupation,whole,Soviet occupation zone
1947-08-15,DEU,adm1_modern,Schleswig-Holstein|Hamburg|Niedersachsen|Nordrhein-Westfalen,United Kingdom,英国,200,allied_occupation,whole,British occupation zone (Bizone with the American zone from 1947)
1947-08-15,DEU,adm1_modern,Bayern|Hessen|Bremen,United States,美国,2,allied_occupation,whole,American occupation zone
1947-08-15,DEU,adm2_modern,Stuttgart|Karlsruhe,United States,美国,2,allied_occupation,whole,American occupation zone (Württemberg-Baden)
1947-08-15,DEU,adm1_modern,Rheinland-Pfalz,France,法国,220,allied_occupation,whole,French occupation zone
1947-08-15,DEU,adm2_modern,Freiburg|Tübingen,France,法国,220,allied_occupation,whole,"French occupation zone (South Baden, Württemberg-Hohenzollern)"
1947-08-15,DEU,adm1_modern,Brandenburg|Mecklenburg-Vorpommern|Sachsen|Sachsen-Anhalt|Thüringen,Soviet Union,苏联,365,allied_occupation,whole,Soviet occupation zone
1948-09-12,DEU,adm1_modern,Schleswig-Holstein|Hamburg|Niedersachsen|Nordrhein-Westfalen,United Kingdom,英国,200,allied_occupation,whole,British occupation zone (Bizone with the American zone from 1947)
1948-09-12,DEU,adm1_modern,Bayern|Hessen|Bremen,United States,美国,2,allied_occupation,whole,American occupation zone
1948-09-12,DEU,adm2_modern,Stuttgart|Karlsruhe,United States,美国,2,allied_occupation,whole,American occupation zone (Württemberg-Baden)
1948-09-12,DEU,adm1_modern,Rheinland-Pfalz,France,法国,220,allied_occupation,whole,French occupation zone
1948-09-12,DEU,adm2_modern,Freiburg|Tübingen,France,法国,220,allied_occupation,whole,"French occupation zone (South Baden, Württemberg-Hohenzollern)"
1948-09-12,DEU,adm1_modern,Brandenburg|Mecklenburg-Vorpommern|Sachsen|Sachsen-Anhalt|Thüringen,Soviet Union,苏联,365,allied_occupation,whole,Soviet occupation zone
1946-06-26,DEU,adm1_modern,Saarland,France,法国,220,allied_occupation,whole,"Saar, detached from the French zone in February 1946"
1947-08-15,DEU,adm1_modern,Saarland,France (Saar Protectorate),法国（萨尔保护地）,220,protectorate,whole,Saar Protectorate with its own constitution (December 1947) in customs union with France; returned in 1957
1948-09-12,DEU,adm1_modern,Saarland,France (Saar Protectorate),法国（萨尔保护地）,220,protectorate,whole,Saar Protectorate with its own constitution (December 1947) in customs union with France; returned in 1957
1949-10-01,DEU,adm1_modern,Saarland,France (Saar Protectorate),法国（萨尔保护地）,220,protectorate,whole,Saar Protectorate with its own constitution (December 1947) in customs union with France; returned in 1957
1953-07-27,DEU,adm1_modern,Saarland,France (Saar Protectorate),法国（萨尔保护地）,220,protectorate,whole,Saar Protectorate with its own constitution (December 1947) in customs union with France; returned in 1957
1946-06-26|1947-08-15,DEU,adm1_modern,Berlin,Allied powers (four-power Berlin),盟国（柏林四国共管）,-1,allied_occupation,whole,Four sectors under the Allied Kommandatura
1948-09-12,DEU,adm1_modern,Berlin,"Allied powers (Berlin, divided; western sectors blockaded)",盟国（柏林分治，西柏林遭封锁）,-1,allied_occupation,whole,The Soviet blockade of the western sectors (24 June 1948 - 12 May 1949) and the Allied airlift
1949-10-01|1953-07-27,DEU,adm1_modern,Berlin,"Allied powers (Berlin, divided)",盟国（柏林分治）,-1,allied_occupation,whole,West Berlin under the Western Allies; East Berlin the capital of the GDR
1946-06-26,AUT,adm1_modern,Vorarlberg|Tirol,France,法国,220,allied_occupation,whole,French occupation zone
1946-06-26,AUT,adm1_modern,Salzburg|Oberösterreich,United States,美国,2,allied_occupation,approximate,American zone (Upper Austria north of the Danube was Soviet)
1946-06-26,AUT,adm1_modern,Kärnten|Steiermark,United Kingdom,英国,200,allied_occupation,whole,British occupation zone
1946-06-26,AUT,adm1_modern,Niederösterreich|Burgenland,Soviet Union,苏联,365,allied_occupation,whole,Soviet occupation zone
1946-06-26,AUT,adm1_modern,Wien,Allied powers (four-power Vienna),盟国（维也纳四国共管）,-1,allied_occupation,whole,Four sectors and an international centre
1947-08-15,AUT,adm1_modern,Vorarlberg|Tirol,France,法国,220,allied_occupation,whole,French occupation zone
1947-08-15,AUT,adm1_modern,Salzburg|Oberösterreich,United States,美国,2,allied_occupation,approximate,American zone (Upper Austria north of the Danube was Soviet)
1947-08-15,AUT,adm1_modern,Kärnten|Steiermark,United Kingdom,英国,200,allied_occupation,whole,British occupation zone
1947-08-15,AUT,adm1_modern,Niederösterreich|Burgenland,Soviet Union,苏联,365,allied_occupation,whole,Soviet occupation zone
1947-08-15,AUT,adm1_modern,Wien,Allied powers (four-power Vienna),盟国（维也纳四国共管）,-1,allied_occupation,whole,Four sectors and an international centre
1948-09-12,AUT,adm1_modern,Vorarlberg|Tirol,France,法国,220,allied_occupation,whole,French occupation zone
1948-09-12,AUT,adm1_modern,Salzburg|Oberösterreich,United States,美国,2,allied_occupation,approximate,American zone (Upper Austria north of the Danube was Soviet)
1948-09-12,AUT,adm1_modern,Kärnten|Steiermark,United Kingdom,英国,200,allied_occupation,whole,British occupation zone
1948-09-12,AUT,adm1_modern,Niederösterreich|Burgenland,Soviet Union,苏联,365,allied_occupation,whole,Soviet occupation zone
1948-09-12,AUT,adm1_modern,Wien,Allied powers (four-power Vienna),盟国（维也纳四国共管）,-1,allied_occupation,whole,Four sectors and an international centre
1949-10-01,AUT,adm1_modern,Vorarlberg|Tirol,France,法国,220,allied_occupation,whole,French occupation zone
1949-10-01,AUT,adm1_modern,Salzburg|Oberösterreich,United States,美国,2,allied_occupation,approximate,American zone (Upper Austria north of the Danube was Soviet)
1949-10-01,AUT,adm1_modern,Kärnten|Steiermark,United Kingdom,英国,200,allied_occupation,whole,British occupation zone
1949-10-01,AUT,adm1_modern,Niederösterreich|Burgenland,Soviet Union,苏联,365,allied_occupation,whole,Soviet occupation zone
1949-10-01,AUT,adm1_modern,Wien,Allied powers (four-power Vienna),盟国（维也纳四国共管）,-1,allied_occupation,whole,Four sectors and an international centre
1953-07-27,AUT,adm1_modern,Vorarlberg|Tirol,France,法国,220,allied_occupation,whole,French occupation zone
1953-07-27,AUT,adm1_modern,Salzburg|Oberösterreich,United States,美国,2,allied_occupation,approximate,American zone (Upper Austria north of the Danube was Soviet)
1953-07-27,AUT,adm1_modern,Kärnten|Steiermark,United Kingdom,英国,200,allied_occupation,whole,British occupation zone
1953-07-27,AUT,adm1_modern,Niederösterreich|Burgenland,Soviet Union,苏联,365,allied_occupation,whole,Soviet occupation zone
1953-07-27,AUT,adm1_modern,Wien,Allied powers (four-power Vienna),盟国（维也纳四国共管）,-1,allied_occupation,whole,Four sectors and an international centre
1946-06-26|1947-08-15,ITA,name,Trieste|Gorizia,Allied Military Government (Zone A of Venezia Giulia),英美军政府（威尼斯朱利亚 A 区）,-110,allied_occupation,whole,Anglo-American Zone A west of the Morgan Line (June 1945 - September 1947)
1948-09-12|1949-10-01|1953-07-27,ITA,name,Trieste,"Allied Military Government (Free Territory of Trieste, Zone A)",英美军政府（的里雅斯特自由区 A 区）,-110,allied_occupation,whole,Free Territory of Trieste from 15 September 1947; Zone A under British-American administration until 1954
1946-06-26,IRN,adm1_modern,East Azerbaijan|Ardabil|West Azerbaijan|Zanjan,Azerbaijan People's Government,阿塞拜疆人民政府,-100,de_facto_state,approximate,Soviet-backed autonomous government in Tabriz (November 1945 - December 1946); Soviet troops left in May 1946
1946-06-26,IRN,name,Mahabad|Bukan|Piranshahr|Sardasht|Naghadeh|Ashnavieh|Saqqez|Baneh,Republic of Mahabad,马哈巴德共和国,-101,de_facto_state,approximate,"Kurdish republic proclaimed 22 January 1946, ended December 1946"
1947-08-15,*,hist,Princely State of Hyderabad|Hyderbad,"Hyderabad State (Nizam, not acceded)",海得拉巴土邦（尼扎姆，未加入印巴）,-104,independent,whole,The Nizam stayed out of both dominions; standstill agreement with India in November 1947
1948-09-12,*,hist,Hyderbad,"Hyderabad State (Nizam, not acceded)",海得拉巴土邦（尼扎姆，未加入印巴）,-104,independent,whole,Indian forces invaded on 13 September 1948 (Operation Polo); the Nizam surrendered on the 17th
1947-08-15,*,unit,"Jammu and Kashmir|Kashmir (North, Azad)","Jammu and Kashmir (princely state, not acceded)",查谟和克什米尔土邦（未加入印巴）,-105,independent,whole,Maharaja Hari Singh had not acceded; the tribal invasion of October 1947 led to accession to India and the first Kashmir war
1947-08-15,IND,name,Junagadh|Gir Somnath,Junagadh State (accession to Pakistan announced),朱纳格特土邦（宣布加入巴基斯坦）,-106,independent,approximate,The Nawab announced accession to Pakistan on 15 August 1947; India took over in November 1947
1947-08-15,PAK,hist,Khanate of Kalat,Khanate of Kalat (independence declared),卡拉特汗国（宣布独立）,-107,independent,whole,The Khan declared independence on 15 August 1947; accession to Pakistan on 27 March 1948
1946-06-26,IND,adm1_modern,Goa|Dādra and Nagar Haveli and Damān and Diu,Portugal,葡萄牙,235,colony,whole,"Portuguese India (Goa, Daman and Diu) until December 1961"
1946-06-26,IND,adm1_modern,Puducherry,France,法国,220,colony,whole,"French India (Pondichéry, Karikal, Mahé, Yanaon) until 1 November 1954"
1947-08-15,IND,adm1_modern,Goa|Dādra and Nagar Haveli and Damān and Diu,Portugal,葡萄牙,235,colony,whole,"Portuguese India (Goa, Daman and Diu) until December 1961"
1947-08-15,IND,adm1_modern,Puducherry,France,法国,220,colony,whole,"French India (Pondichéry, Karikal, Mahé, Yanaon) until 1 November 1954"
1948-09-12,IND,adm1_modern,Goa|Dādra and Nagar Haveli and Damān and Diu,Portugal,葡萄牙,235,colony,whole,"Portuguese India (Goa, Daman and Diu) until December 1961"
1948-09-12,IND,adm1_modern,Puducherry,France,法国,220,colony,whole,"French India (Pondichéry, Karikal, Mahé, Yanaon) until 1 November 1954"
1949-10-01,IND,adm1_modern,Goa|Dādra and Nagar Haveli and Damān and Diu,Portugal,葡萄牙,235,colony,whole,"Portuguese India (Goa, Daman and Diu) until December 1961"
1949-10-01,IND,adm1_modern,Puducherry,France,法国,220,colony,whole,"French India (Pondichéry, Karikal, Mahé, Yanaon) until 1 November 1954"
1953-07-27,IND,adm1_modern,Goa|Dādra and Nagar Haveli and Damān and Diu,Portugal,葡萄牙,235,colony,whole,"Portuguese India (Goa, Daman and Diu) until December 1961"
1953-07-27,IND,adm1_modern,Puducherry,France,法国,220,colony,whole,"French India (Pondichéry, Karikal, Mahé, Yanaon) until 1 November 1954"
1946-06-26|1947-08-15|1948-09-12|1949-10-01|1953-07-27,IND,adm1_modern,Sikkim,Sikkim (protectorate),锡金（保护国）,-129,protectorate,whole,"Chogyal's kingdom, a British protectorate, then an Indian one (treaty of 1950); annexed in 1975"
1948-09-12,PSE,name,Jenin|Tubas|Nablus|Tulkarm|Qalqiliya|Salfit,Iraq (expeditionary force),伊拉克（远征军）,645,military_occupation,approximate,The Iraqi army held northern Samaria from May 1948 until the 1949 armistice
1948-09-12,ISR,adm1_modern,Southern District,Contested (front line),交战区（双方争夺）,-20,contested,approximate,"Negev during the second truce: the Egyptian army on the Majdal-Beersheba-Hebron line, isolated Israeli settlements; Beersheba fell to Israel on 21 October 1948"
1991-12-26,PSE,*,*,Israel (military occupation since 1967),以色列（1967 年起军事占领）,666,military_occupation,whole,West Bank and Gaza Strip; the first intifada since December 1987
1991-12-26,LBN,name,Bent Jbail|Marjaayoun|Hasbaya,Israel (South Lebanon security zone),以色列（黎巴嫩南部安全区）,666,military_occupation,approximate,Held by Israel and the South Lebanon Army from 1985 to 2000
1946-06-26,VNM,adm1_modern,Cao Bằng|Bắc Kạn|Thái Nguyên|Tuyên Quang|Hà Giang|Lạng Sơn|Lào Cai|Yên Bái|Phú Thọ|Vĩnh Phúc|Hà Nội	|Hà Nội|Bắc Ninh|Bắc Giang|Quảng Ninh|Hải Dương|Hải Phòng|Hưng Yên|Thái Bình|Nam Định|Hà Nam|Ninh Bình|Hòa Bình|Sơn La|Lai Châu|Điện Biên|Thanh Hóa|Nghệ An|Hà Tĩnh|Quảng Bình|Quảng Trị|Thừa Thiên Huế|Quảng Nam|Đà Nẵng|Quảng Ngãi|Bình Định|Phú Yên,Democratic Republic of Vietnam (Viet Minh),越南民主共和国（越盟）,816,independent,approximate,The Hanoi government of Ho Chi Minh; French troops returned to the north under the accords of 6 March 1946
1947-08-15,VNM,adm1_modern,Cao Bằng|Bắc Kạn|Thái Nguyên|Tuyên Quang|Hà Giang|Phú Thọ|Yên Bái|Thanh Hóa|Nghệ An|Hà Tĩnh|Quảng Nam|Đà Nẵng|Quảng Ngãi|Bình Định|Phú Yên,Democratic Republic of Vietnam (Viet Minh),越南民主共和国（越盟）,816,civil_war,approximate,Viet Bac base area and Interzones IV and V held by the Viet Minh in the war with France (from December 1946)
1947-08-15,VNM,adm1_modern,Hà Nội	|Hà Nội|Hải Phòng|Hải Dương|Hưng Yên|Thái Bình|Nam Định|Hà Nam|Ninh Bình|Bắc Ninh|Bắc Giang|Vĩnh Phúc|Quảng Ninh,Contested (front line),交战区（双方争夺）,-20,contested,approximate,"Red River delta: French garrisons in Hanoi, Haiphong and the towns, Viet Minh in the villages"
1948-09-12,VNM,adm1_modern,Cao Bằng|Bắc Kạn|Thái Nguyên|Tuyên Quang|Hà Giang|Phú Thọ|Yên Bái|Thanh Hóa|Nghệ An|Hà Tĩnh|Quảng Nam|Đà Nẵng|Quảng Ngãi|Bình Định|Phú Yên,Democratic Republic of Vietnam (Viet Minh),越南民主共和国（越盟）,816,civil_war,approximate,Viet Bac base area and Interzones IV and V held by the Viet Minh in the war with France (from December 1946)
1948-09-12,VNM,adm1_modern,Hà Nội	|Hà Nội|Hải Phòng|Hải Dương|Hưng Yên|Thái Bình|Nam Định|Hà Nam|Ninh Bình|Bắc Ninh|Bắc Giang|Vĩnh Phúc|Quảng Ninh,Contested (front line),交战区（双方争夺）,-20,contested,approximate,"Red River delta: French garrisons in Hanoi, Haiphong and the towns, Viet Minh in the villages"
1949-10-01,VNM,adm1_modern,Cao Bằng|Bắc Kạn|Thái Nguyên|Tuyên Quang|Hà Giang|Phú Thọ|Yên Bái|Thanh Hóa|Nghệ An|Hà Tĩnh|Quảng Nam|Đà Nẵng|Quảng Ngãi|Bình Định|Phú Yên,Democratic Republic of Vietnam (Viet Minh),越南民主共和国（越盟）,816,civil_war,approximate,Viet Bac base area and Interzones IV and V held by the Viet Minh in the war with France (from December 1946)
1949-10-01,VNM,adm1_modern,Hà Nội	|Hà Nội|Hải Phòng|Hải Dương|Hưng Yên|Thái Bình|Nam Định|Hà Nam|Ninh Bình|Bắc Ninh|Bắc Giang|Vĩnh Phúc|Quảng Ninh,Contested (front line),交战区（双方争夺）,-20,contested,approximate,"Red River delta: French garrisons in Hanoi, Haiphong and the towns, Viet Minh in the villages"
1953-07-27,VNM,adm1_modern,Cao Bằng|Bắc Kạn|Thái Nguyên|Tuyên Quang|Hà Giang|Lạng Sơn|Lào Cai|Yên Bái|Phú Thọ|Sơn La|Thanh Hóa|Nghệ An|Hà Tĩnh|Quảng Nam|Đà Nẵng|Quảng Ngãi|Bình Định|Phú Yên,Democratic Republic of Vietnam (Viet Minh),越南民主共和国（越盟）,816,civil_war,approximate,"After the border campaign of 1950 and the north-west campaign of 1952 the Viet Minh held the north outside the delta, Interzone IV and Interzone V; Dien Bien Phu followed in 1954"
1953-07-27,VNM,adm1_modern,Quảng Bình|Quảng Trị|Hòa Bình|Ninh Bình|Thái Bình|Nam Định|Hưng Yên,Contested (front line),交战区（双方争夺）,-20,contested,approximate,The edges of the French-held delta (De Lattre line) and the 'Street without Joy' in Quang Tri
1953-07-27,LAO,adm1_modern,Houaphan|Phongsaly,Pathet Lao (with the Viet Minh),巴特寮（与越盟）,812,civil_war,approximate,Sam Neua and Phongsaly taken in the Viet Minh invasion of April 1953
1946-06-26|1947-08-15|1948-09-12|1949-10-01,IDN,adm1_modern,West Kalimantan|Central Kalimantan|South Kalimantan|East Kalimantan|North Kalimantan|North Sulawesi|Gorontalo|Central Sulawesi|South Sulawesi|West Sulawesi|Southeast Sulawesi|Maluku|North Maluku|Bali|West Nusa Tenggara|East Nusa Tenggara|Papua|West Papua|Bangka-Belitung Islands|Riau Islands,Netherlands,荷兰,210,colony,approximate,"The outer islands, re-occupied by Australian and Dutch forces in 1945-46 and organised as federal states (East Indonesia, December 1946)"
1946-06-26,IDN,adm1_modern,Jakarta Special Capital Region,British and Dutch forces (Batavia),英荷军队（巴达维亚）,210,military_occupation,approximate,"Allied enclaves in Batavia, Bandung, Semarang, Surabaya, Medan and Padang"
1947-08-15,IDN,adm1_modern,West Java|Jakarta Special Capital Region,Netherlands,荷兰,210,military_occupation,approximate,Taken in the Dutch offensive of July 1947 (Operation Product)
1947-08-15,IDN,geo,"box:108.5,-7.05,111.5,-6.3|box:112.4,-9.0,114.7,-6.8",Netherlands,荷兰,210,military_occupation,approximate,"North coast of Central Java (Semarang) and East Java east of Malang and Surabaya, with Madura"
1947-08-15,IDN,geo,"box:97.5,1.8,100.4,4.3|box:103.3,-4.0,105.2,-2.3",Netherlands,荷兰,210,military_occupation,approximate,Plantation belt of East Sumatra (Medan) and Palembang
1948-09-12,IDN,adm1_modern,West Java|Jakarta Special Capital Region,Netherlands,荷兰,210,military_occupation,approximate,Taken in the Dutch offensive of July 1947 (Operation Product)
1948-09-12,IDN,geo,"box:108.5,-7.05,111.5,-6.3|box:112.4,-9.0,114.7,-6.8",Netherlands,荷兰,210,military_occupation,approximate,"North coast of Central Java (Semarang) and East Java east of Malang and Surabaya, with Madura"
1948-09-12,IDN,geo,"box:97.5,1.8,100.4,4.3|box:103.3,-4.0,105.2,-2.3",Netherlands,荷兰,210,military_occupation,approximate,Plantation belt of East Sumatra (Medan) and Palembang
1949-10-01,IDN,adm1_modern,West Java|Jakarta Special Capital Region,Netherlands,荷兰,210,military_occupation,approximate,Taken in the Dutch offensive of July 1947 (Operation Product)
1949-10-01,IDN,geo,"box:108.5,-7.05,111.5,-6.3|box:112.4,-9.0,114.7,-6.8",Netherlands,荷兰,210,military_occupation,approximate,"North coast of Central Java (Semarang) and East Java east of Malang and Surabaya, with Madura"
1949-10-01,IDN,geo,"box:97.5,1.8,100.4,4.3|box:103.3,-4.0,105.2,-2.3",Netherlands,荷兰,210,military_occupation,approximate,Plantation belt of East Sumatra (Medan) and Palembang
1947-08-15,IDN,adm1_modern,Banten,Republic of Indonesia,印度尼西亚共和国,850,independent,approximate,Banten stayed with the Republic until the second Dutch offensive (December 1948)
1948-09-12,IDN,adm1_modern,Banten,Republic of Indonesia,印度尼西亚共和国,850,independent,approximate,Banten stayed with the Republic until the second Dutch offensive (December 1948)
1947-08-15|1948-09-12,GRC,geo,"box:20.6,39.7,21.9,40.95",Contested (front line),交战区（双方争夺）,-20,contested,approximate,Grammos and Vitsi: the Democratic Army of Greece in the Greek Civil War (ended August 1949)
1946-06-26,LBY,name,Murzuq|Sabha|Ghat|Wadi al Hayaa|Ash Shati',France,法国,220,military_occupation,whole,Fezzan under French military administration (Tripolitania and Cyrenaica British) until independence in 1951
1947-08-15,LBY,name,Murzuq|Sabha|Ghat|Wadi al Hayaa|Ash Shati',France,法国,220,military_occupation,whole,Fezzan under French military administration (Tripolitania and Cyrenaica British) until independence in 1951
1948-09-12,LBY,name,Murzuq|Sabha|Ghat|Wadi al Hayaa|Ash Shati',France,法国,220,military_occupation,whole,Fezzan under French military administration (Tripolitania and Cyrenaica British) until independence in 1951
1949-10-01,LBY,name,Murzuq|Sabha|Ghat|Wadi al Hayaa|Ash Shati',France,法国,220,military_occupation,whole,Fezzan under French military administration (Tripolitania and Cyrenaica British) until independence in 1951
1991-12-26,*,unit,Yugoslavia,Yugoslavia,南斯拉夫,345,independent,whole,"The Socialist Federal Republic, breaking up: Slovenia and Croatia declared independence on 25 June 1991"
1991-12-26,*,hist,Slovenia,Slovenia,斯洛文尼亚,349,independent,whole,Independent in fact since the Yugoslav army left in October 1991; recognised by the EC on 15 January 1992
1991-12-26,*,hist,Croatia,Croatia,克罗地亚,344,independent,approximate,"Croatian government; independence declared 25 June 1991, recognised on 15 January 1992"
1991-12-26,HRV,adm1_modern,Lika-Senj|Šibenik-Knin|Vukovar-Syrmia,Republic of Serbian Krajina,塞尔维亚克拉伊纳共和国,-113,de_facto_state,approximate,Serb-held Krajina and eastern Slavonia (Vukovar fell 18 November); the republic was proclaimed on 19 December 1991
1991-12-26,HRV,adm1_modern,Sisak-Moslavina|Karlovac|Zadar County|Osijek-Baranja,Contested (front line),交战区（双方争夺）,-20,contested,approximate,"Croatian War of Independence: Banovina, Kordun, the Zadar hinterland and Baranja (ceasefire of January 1992)"
1991-12-26,MDA,adm1_modern,Transnistria|Bender,Pridnestrovian Moldavian Republic,德涅斯特河沿岸摩尔达维亚共和国,-114,de_facto_state,approximate,Breakaway republic on the left bank of the Dniester (1990); war in 1992
1991-12-26,AZE,name,Shusha City|Khankendi City|Khojaly District|Shusha District|Khojavend District|Tartar District,Contested (front line),交战区（双方争夺）,-20,contested,approximate,Nagorno-Karabakh: the Armenian-held autonomous region declared a republic on 2 September 1991
1991-12-26,GEO,name,Java|Kareli|Gori,Contested (front line),交战区（双方争夺）,-20,contested,approximate,South Ossetian War (January 1991 - June 1992) around Tskhinvali
1991-12-26,RUS,adm1_modern,Chechnya,Chechen Republic of Ichkeria,车臣伊奇克里亚共和国,-116,de_facto_state,approximate,Dzhokhar Dudayev declared independence on 1 November 1991; Moscow's troops withdrew in 1992
1991-12-26,CYP,geo,poly:32.6 35.19;32.93 35.09;33.2 35.15;33.53 35.17;33.7 35.06;33.9 35.1;34.1 35.05;34.8 35.2;34.8 35.8;32.2 35.8,Turkish Republic of Northern Cyprus,北塞浦路斯土耳其共和国,-118,de_facto_state,approximate,"North of the Green Line since the Turkish invasion of 1974; declared independent in 1983, recognised only by Turkey"
1991-12-26,ERI,*,*,Provisional Government of Eritrea (EPLF),厄立特里亚临时政府（厄人阵）,-122,de_facto_state,whole,The EPLF took Asmara in May 1991; independence after the referendum of 1993
1991-12-26,IRQ,adm1_modern,Dohuk|Erbil|Al-Sulaimaniyah,Kurdistan Region (Kurdistan Front),库尔德斯坦地区（库尔德斯坦阵线）,-123,autonomy,approximate,Iraqi forces withdrew in October 1991 behind the northern no-fly zone
1991-12-26,LKA,adm1_modern,Northern Province,Liberation Tigers of Tamil Eelam,泰米尔伊拉姆猛虎解放组织,-126,civil_war,approximate,The Jaffna peninsula and the Vanni held by the LTTE
1991-12-26,SOM,name,BERBERA|BORAMA|GABILEY|HARGEISA|LUGHAYA|ZEILA|SHEIKH|ODWAYNE|BALIGUBADLE|BAKI|BURAO|AYNABO|ERIGAVO|EL AFWEYN,Somaliland,索马里兰,-130,de_facto_state,approximate,Declared independent on 18 May 1991; not recognised
1991-12-26,SOM,geo,"box:40.9,-1.7,48.5,5.8",Contested (front line),交战区（双方争夺）,-20,contested,approximate,Civil war after the fall of Siad Barre (January 1991): Mogadishu divided between Aidid and Ali Mahdi
1991-12-26,TLS,*,*,Indonesia (annexation not recognised by the UN),印度尼西亚（吞并未获联合国承认）,850,annexation,whole,Invaded in December 1975; the Santa Cruz massacre in Dili on 12 November 1991
1991-12-26,KHM,name,Pailin|Sala Krau|Anlong Veaeng|Samlout|Phnum Proek|Kamrieng,Khmer Rouge (Party of Democratic Kampuchea),红色高棉（民主柬埔寨党）,-131,civil_war,approximate,Zones along the Thai border kept by the Khmer Rouge after the Paris agreements of October 1991
