key,src,name,en,zh,kind,start,end,note
arkhangelsk,Архангельская губерния,Архангельская губерния,Arkhangelsk Governorate,阿尔汉格尔斯克省,губерния,,,
astrakhan,Астраханская губерния,Астраханская губерния,Astrakhan Governorate,阿斯特拉罕省,губерния,,,
bessarabia,Бессарабская губерния,Бессарабская губерния,Bessarabia Governorate,比萨拉比亚省,губерния,,,
vilna,Виленская губерния,Виленская губерния,Vilna Governorate,维尔纳省,губерния,,,
vitebsk,Витебская губерния,Витебская губерния,Vitebsk Governorate,维捷布斯克省,губерния,,,
vladimir,Владимирская губерния,Владимирская губерния,Vladimir Governorate,弗拉基米尔省,губерния,,,
vologda,Вологодская губерния,Вологодская губерния,Vologda Governorate,沃洛格达省,губерния,,,
volhynia,Волынская губерния,Волынская губерния,Volhynia Governorate,沃伦省,губерния,,,
voronezh,Воронежская губерния,Воронежская губерния,Voronezh Governorate,沃罗涅日省,губерния,,,
vyatka,Вятская губерния,Вятская губерния,Vyatka Governorate,维亚特卡省,губерния,,,
grodno,Гродненская губерния,Гродненская губерния,Grodno Governorate,格罗德诺省,губерния,,,
don,Донского Войска область,Область Войска Донского,Don Host Oblast,顿河军屯州,область,,,
yekaterinoslav,Екатеринославская губерния,Екатеринославская губерния,Yekaterinoslav Governorate,叶卡捷琳诺斯拉夫省,губерния,,,
kazan,Казанская губерния,Казанская губерния,Kazan Governorate,喀山省,губерния,,,
kaluga,Калужская губерния,Калужская губерния,Kaluga Governorate,卡卢加省,губерния,,,
kiev,Киевская губерния,Киевская губерния,Kiev Governorate,基辅省,губерния,,,
kovno,Ковенская губерния,Ковенская губерния,Kovno Governorate,科夫诺省,губерния,,,
kostroma,Костромская губерния,Костромская губерния,Kostroma Governorate,科斯特罗马省,губерния,,,
courland,Курляндская губерния,Курляндская губерния,Courland Governorate,库尔兰省,губерния,,,
kursk,Курская губерния,Курская губерния,Kursk Governorate,库尔斯克省,губерния,,,
livonia,Лифляндская губерния,Лифляндская губерния,Livonia Governorate,利夫兰省,губерния,,,
minsk,Минская губерния,Минская губерния,Minsk Governorate,明斯克省,губерния,,,
mogilev,Могилевская губерния,Могилёвская губерния,Mogilev Governorate,莫吉廖夫省,губерния,,,
moscow,Московская губерния,Московская губерния,Moscow Governorate,莫斯科省,губерния,,,
nizhny_novgorod,Нижегородская губерния,Нижегородская губерния,Nizhny Novgorod Governorate,下诺夫哥罗德省,губерния,,,
novgorod,Новгородская губерния,Новгородская губерния,Novgorod Governorate,诺夫哥罗德省,губерния,,,
olonets,Олонецкая губерния,Олонецкая губерния,Olonets Governorate,奥洛涅茨省,губерния,,,
orenburg,Оренбургская губерния,Оренбургская губерния,Orenburg Governorate,奥伦堡省,губерния,,,
oryol,Орловская губерния,Орловская губерния,Oryol Governorate,奥廖尔省,губерния,,,
penza,Пензенская губерния,Пензенская губерния,Penza Governorate,奔萨省,губерния,,,
perm,Пермская губерния,Пермская губерния,Perm Governorate,彼尔姆省,губерния,,,
podolia,Подольская губерния,Подольская губерния,Podolia Governorate,波多利亚省,губерния,,,
poltava,Полтавская губерния,Полтавская губерния,Poltava Governorate,波尔塔瓦省,губерния,,,
pskov,Псковская губерния,Псковская губерния,Pskov Governorate,普斯科夫省,губерния,,,
ryazan,Рязанская губерния,Рязанская губерния,Ryazan Governorate,梁赞省,губерния,,,
samara,Самарская губерния,Самарская губерния,Samara Governorate,萨马拉省,губерния,,,
saint_petersburg,Петербургская губерния,Санкт-Петербургская губерния,Saint Petersburg Governorate,圣彼得堡省,губерния,,1914-08-30,renamed Petrograd Governorate on 31 August 1914
petrograd,Петербургская губерния,Петроградская губерния,Petrograd Governorate,彼得格勒省,губерния,1914-08-31,,Saint Petersburg Governorate until 30 August 1914
saratov,Саратовская губерния,Саратовская губерния,Saratov Governorate,萨拉托夫省,губерния,,,
simbirsk,Симбирская губерния,Симбирская губерния,Simbirsk Governorate,辛比尔斯克省,губерния,,,
smolensk,Смоленская губерния,Смоленская губерния,Smolensk Governorate,斯摩棱斯克省,губерния,,,
taurida,Таврическая губерния,Таврическая губерния,Taurida Governorate,塔夫利达省,губерния,,,
tambov,Тамбовская губерния,Тамбовская губерния,Tambov Governorate,坦波夫省,губерния,,,
tver,Тверская губерния,Тверская губерния,Tver Governorate,特维尔省,губерния,,,
tula,Тульская губерния,Тульская губерния,Tula Governorate,图拉省,губерния,,,
ufa,Уфимская губерния,Уфимская губерния,Ufa Governorate,乌法省,губерния,,,
kharkov,Харьковская губерния,Харьковская губерния,Kharkov Governorate,哈尔科夫省,губерния,,,
kherson,Херсонская губерния,Херсонская губерния,Kherson Governorate,赫尔松省,губерния,,,
chernigov,Черниговская губерния,Черниговская губерния,Chernigov Governorate,切尔尼戈夫省,губерния,,,
estland,Ревельская губерния,Эстляндская губерния,Estland Governorate,爱斯特兰省,губерния,,,
yaroslavl,Ярославская губерния,Ярославская губерния,Yaroslavl Governorate,雅罗斯拉夫尔省,губерния,,,
warsaw,Варшавская губерния,Gubernia warszawska / Варшавская губерния,Warsaw Governorate,华沙省,губерния,,,
kalisz,Калишская губерния,Gubernia kaliska / Калишская губерния,Kalisz Governorate,卡利什省,губерния,,,
kielce,Келецкая губерния,Gubernia kielecka / Келецкая губерния,Kielce Governorate,凯尔采省,губерния,,,
lomza,Ломжинская губерния,Gubernia łomżyńska / Ломжинская губерния,Łomża Governorate,沃姆扎省,губерния,,,
lublin,Люблинская губерния,Gubernia lubelska / Люблинская губерния,Lublin Governorate,卢布林省,губерния,,,"its eastern counties formed Kholm Governorate with part of Siedlce in 1912 (in force 1913); the 1897 outline still includes them"
piotrkow,Петроковская губерния,Gubernia piotrkowska / Петроковская губерния,Piotrków Governorate,彼得库夫省,губерния,,,
plock,Плоцкая губерния,Gubernia płocka / Плоцкая губерния,Płock Governorate,普沃茨克省,губерния,,,
radom,Радомская губерния,Gubernia radomska / Радомская губерния,Radom Governorate,拉多姆省,губерния,,,
suwalki,Сувалкская губерния,Gubernia suwalska / Сувалкская губерния,Suwałki Governorate,苏瓦乌基省,губерния,,,
siedlce,Седлецкая губерния,Gubernia siedlecka / Седлецкая губерния,Siedlce Governorate,谢德尔采省,губерния,,,"part of it went to Kholm Governorate in 1912 (in force 1913); the 1897 outline still includes it"
baku,Бакинская губерния,Бакинская губерния,Baku Governorate,巴库省,губерния,,,
dagestan,Дагестанская область,Дагестанская область,Dagestan Oblast,达吉斯坦州,область,,,
elisabethpol,Елизаветопольская губерния,Елисаветпольская губерния,Elisabethpol Governorate,伊丽莎白波尔省,губерния,,,
kars,Карсская область,Карсская область,Kars Oblast,卡尔斯州,область,,,
kuban,Кубанская область,Кубанская область,Kuban Oblast,库班州,область,,,
kutais,Кутаисская губерния,Кутаисская губерния,Kutais Governorate,库塔伊西省,губерния,,,"includes the Batum and Artvin districts (Batum Oblast again from 1903) and the Sukhum district"
stavropol,Ставропольская область,Ставропольская губерния,Stavropol Governorate,斯塔夫罗波尔省,губерния,,,
terek,Терская область,Терская область,Terek Oblast,捷列克州,область,,,
tiflis,Тифлисская губерния,Тифлисская губерния,Tiflis Governorate,梯弗里斯省,губерния,,,
black_sea,Черноморская губерния,Черноморская губерния,Black Sea Governorate,黑海省,губерния,,,
erivan,Эриванская губерния,Эриванская губерния,Erivan Governorate,埃里温省,губерния,,,
amur,Амурская область,Амурская область,Amur Oblast,阿穆尔州,область,,,
yeniseysk,Енисейская губерния,Енисейская губерния,Yeniseysk Governorate,叶尼塞斯克省,губерния,,,
transbaikal,Забайкальская область,Забайкальская область,Transbaikal Oblast,外贝加尔州,область,,,
irkutsk,Иркутская область,Иркутская губерния,Irkutsk Governorate,伊尔库茨克省,губерния,,,
primorye,Приморская область,Приморская область,Primorskaya Oblast,滨海州,область,,,"Kamchatka Oblast was separated from it in 1909; the 1897 outline still includes it"
sakhalin,Сахалин остров,Остров Сахалин,Sakhalin Island,萨哈林岛,остров,,1905-09-04,"the whole island until the Treaty of Portsmouth; the census GIS, traced from an atlas of c. 1914, draws only the north, so the south comes from CShapes"
sakhalin_north,Сахалин остров,Сахалинская область,Sakhalin Oblast,萨哈林州,область,1905-09-05,,"northern Sakhalin, after the south passed to Japan in 1905; a department of Primorskaya Oblast until Sakhalin Oblast was formed in 1909"
tobolsk,Тобольская губерния,Тобольская губерния,Tobolsk Governorate,托博尔斯克省,губерния,,,
tomsk,Томская губерния,Томская губерния,Tomsk Governorate,托木斯克省,губерния,,,
yakutsk,Якутская область,Якутская область,Yakutsk Oblast,雅库茨克州,область,,,
akmolinsk,Акмолинская область,Акмолинская область,Akmolinsk Oblast,阿克莫林斯克州,область,,,
transcaspian,Закаспийская область,Закаспийская область,Transcaspian Oblast,外里海州,область,,,
samarkand,Самаркандская область,Самаркандская область,Samarkand Oblast,撒马尔罕州,область,,,
semipalatinsk,Семипалатинская область,Семипалатинская область,Semipalatinsk Oblast,塞米巴拉金斯克州,область,,,
semirechye,Семиреченская область,Семиреченская область,Semirechye Oblast,七河州,область,,,
syr_darya,Сырь-Дарьинская область,Сыр-Дарьинская область,Syr-Darya Oblast,锡尔河州,область,,,
turgay,Тургайская область,Тургайская область,Turgay Oblast,图尔盖州,область,,,
uralsk,Уральская область,Уральская область,Uralsk Oblast,乌拉尔斯克州,область,,,
fergana,Ферганская область,Ферганская область,Fergana Oblast,费尔干纳州,область,,,
uusimaa,Нюландская губерния,Uudenmaan lääni / Nylands län,Uusimaa Province,乌西马省,lääni,,,"province of the Grand Duchy of Finland; the census GIS gives its outline only, as the 1897 census did not cover Finland"
turku_pori,Абосская губерния,Turun ja Porin lääni / Åbo och Björneborgs län,Turku and Pori Province,图尔库-波里省,lääni,,,"province of the Grand Duchy of Finland; the census GIS gives its outline only, as the 1897 census did not cover Finland"
hame,Тавастгусская губерния,Hämeen lääni / Tavastehus län,Häme Province,海梅省,lääni,,,"province of the Grand Duchy of Finland; the census GIS gives its outline only, as the 1897 census did not cover Finland"
viipuri,Выборгская губерния,Viipurin lääni / Viborgs län,Viipuri Province,维堡省,lääni,,,"province of the Grand Duchy of Finland; the census GIS gives its outline only, as the 1897 census did not cover Finland"
mikkeli,Санкт-Михельская губерния,Mikkelin lääni / S:t Michels län,Mikkeli Province,米凯利省,lääni,,,"province of the Grand Duchy of Finland; the census GIS gives its outline only, as the 1897 census did not cover Finland"
kuopio,Куопиоская губерния,Kuopion lääni / Kuopio län,Kuopio Province,库奥皮奥省,lääni,,,"province of the Grand Duchy of Finland; the census GIS gives its outline only, as the 1897 census did not cover Finland"
vaasa,Вазаская губерния,Vaasan lääni / Vasa län,Vaasa Province,瓦萨省,lääni,,,"province of the Grand Duchy of Finland; the census GIS gives its outline only, as the 1897 census did not cover Finland"
oulu,Улеаборгская губерния,Oulun lääni / Uleåborgs län,Oulu Province,奥卢省,lääni,,,"province of the Grand Duchy of Finland; the census GIS gives its outline only, as the 1897 census did not cover Finland"
