cshapes_name,applies_to,year_from,year_to,name_en,name_zh
Aden,any,,,Aden,亚丁
Afghanistan,any,,,Afghanistan,阿富汗
Alaska,any,,,Alaska (US territory),阿拉斯加（美国领地）
Albania,any,,,Albania,阿尔巴尼亚
Algeria,dependent,,,French Algeria,法属阿尔及利亚
Algeria,any,,,Algeria,阿尔及利亚
Angola,dependent,,,Portuguese Angola,葡属安哥拉
Angola,any,,,Angola,安哥拉
Argentina,any,,,Argentina,阿根廷
Armenia,any,,,Armenia,亚美尼亚
Australia,any,,,Australia,澳大利亚
Austria,any,,,Austria,奥地利
Austria-Hungary,any,,,Austria-Hungary,奥匈帝国
Azerbaijan,any,,,Azerbaijan,阿塞拜疆
Bahamas,dependent,,,British Bahamas,英属巴哈马
Bahamas,any,,,Bahamas,巴哈马
Bahrain,dependent,,,Bahrain (British protectorate),巴林（英国保护国）
Bahrain,any,,,Bahrain,巴林
Bangladesh,any,,,Bangladesh,孟加拉国
Barbados,dependent,,,British Barbados,英属巴巴多斯
Barbados,any,,,Barbados,巴巴多斯
Belarus (Byelorussia),any,,,Belarus,白俄罗斯
Belgium,any,,,Belgium,比利时
Belize,dependent,,,British Honduras,英属洪都拉斯
Belize,any,,,Belize,伯利兹
Benin,dependent,,,French Dahomey,法属达荷美
Benin,independent,,1975,Dahomey,达荷美
Benin,any,,,Benin,贝宁
Bhutan,any,,,Bhutan,不丹
Bokhara,any,,,Emirate of Bukhara,布哈拉酋长国
Bolivia,any,,,Bolivia,玻利维亚
Bosnia,any,,,Bosnia,波斯尼亚
Bosnia-Herzegovina,any,,,Bosnia and Herzegovina,波斯尼亚和黑塞哥维那
Botswana,dependent,,,Bechuanaland Protectorate,贝专纳保护地
Botswana,any,,,Botswana,博茨瓦纳
Brazil,any,,,Brazil,巴西
British Cameroons,any,,,British Cameroons,英属喀麦隆
British Somaliland (Somaliland Republic),any,,,British Somaliland,英属索马里兰
British Togoland,any,,,British Togoland,英属多哥兰
Brunei,dependent,,,Brunei (British protectorate),文莱（英国保护国）
Brunei,any,,,Brunei,文莱
Bulgaria,any,,,Bulgaria,保加利亚
Burkina Faso (Upper Volta),dependent,,,French Upper Volta,法属上沃尔特
Burkina Faso (Upper Volta),independent,,1984,Upper Volta,上沃尔特
Burkina Faso (Upper Volta),any,,,Burkina Faso,布基纳法索
Burundi,any,,,Burundi,布隆迪
Cambodia (Kampuchea),dependent,,,French Cambodia (protectorate),法属柬埔寨（保护国）
Cambodia (Kampuchea),any,,,Cambodia,柬埔寨
Cameroon,dependent,,,French Cameroun,法属喀麦隆
Cameroon,any,,,Cameroon,喀麦隆
Canada,any,,,Canada,加拿大
Cape Colony,any,,,Cape Colony,开普殖民地
Cape Verde,dependent,,,Portuguese Cape Verde,葡属佛得角
Cape Verde,any,,,Cape Verde,佛得角
Central African Republic,dependent,,,French Ubangi-Shari,法属乌班吉沙立
Central African Republic,independent,1977,1979,Central African Empire,中非帝国
Central African Republic,any,,,Central African Republic,中非共和国
Chad,dependent,,,French Chad,法属乍得
Chad,any,,,Chad,乍得
Chile,any,,,Chile,智利
China,any,,1911,Qing Empire,大清
China,any,1912,1949,Republic of China,中华民国
China,any,1950,,People's Republic of China,中华人民共和国
Colombia,any,,,Colombia,哥伦比亚
Comoros,dependent,,,French Comoros,法属科摩罗
Comoros,any,,,Comoros,科摩罗
Congo,dependent,,,French Congo (Middle Congo),法属刚果
Congo,any,,,Republic of the Congo,刚果（布）
"Congo, Democratic Republic of (Zaire)",dependent,,1908,Congo Free State,刚果自由邦
"Congo, Democratic Republic of (Zaire)",dependent,,,Belgian Congo,比属刚果
"Congo, Democratic Republic of (Zaire)",independent,,1971,Congo (Léopoldville/Kinshasa),刚果（利）
"Congo, Democratic Republic of (Zaire)",independent,1972,1996,Zaire,扎伊尔
"Congo, Democratic Republic of (Zaire)",any,,,Democratic Republic of the Congo,刚果民主共和国
Costa Rica,any,,,Costa Rica,哥斯达黎加
Cote D'Ivoire,dependent,,,French Côte d'Ivoire,法属科特迪瓦
Cote D'Ivoire,any,,,Côte d'Ivoire,科特迪瓦
Croatia,any,,,Croatia,克罗地亚
Cuba,dependent,,,Cuba (US military government),古巴（美国军管）
Cuba,any,,,Cuba,古巴
Cyprus,dependent,,,British Cyprus,英属塞浦路斯
Cyprus,any,,,Cyprus,塞浦路斯
Czech Republic,any,,,Czech Republic,捷克
Czechoslovakia,any,,,Czechoslovakia,捷克斯洛伐克
Danzig,any,,,Free City of Danzig,但泽自由市
Denmark,any,,,Denmark,丹麦
Djibouti,dependent,,1966,French Somaliland,法属索马里
Djibouti,dependent,,,French Territory of the Afars and the Issas,法属阿法尔和伊萨领地
Djibouti,any,,,Djibouti,吉布提
Dominican Republic,any,,,Dominican Republic,多米尼加
East Aden Protectorate,any,,,East Aden Protectorate,东亚丁保护地
East Timor,dependent,,,Portuguese Timor,葡属帝汶
East Timor,any,,,East Timor,东帝汶
Ecuador,any,,,Ecuador,厄瓜多尔
Egypt,dependent,,,Egypt (British protectorate),埃及（英国保护国）
Egypt,independent,1958,1971,United Arab Republic (Egypt),阿拉伯联合共和国（埃及）
Egypt,any,,,Egypt,埃及
El Salvador,any,,,El Salvador,萨尔瓦多
Equatorial Guinea,dependent,,,Spanish Guinea,西属几内亚
Equatorial Guinea,any,,,Equatorial Guinea,赤道几内亚
Eritrea,dependent,,1941,Italian Eritrea,意属厄立特里亚
Eritrea,dependent,,,Eritrea (British administration),英国管理下的厄立特里亚
Eritrea,any,,,Eritrea,厄立特里亚
Estonia,any,,,Estonia,爱沙尼亚
Ethiopia,any,,,Ethiopia,埃塞俄比亚
Federated Malay States,any,,,Federated Malay States,马来联邦
Federation of Rhodesia and Nyasaland,any,,,Federation of Rhodesia and Nyasaland,罗得西亚和尼亚萨兰联邦
Federation of South Arabia,any,,,Federation of South Arabia,南阿拉伯联邦
Fiji,dependent,,,British Fiji,英属斐济
Fiji,any,,,Fiji,斐济
Finland,dependent,,,Grand Duchy of Finland,芬兰大公国
Finland,any,,,Finland,芬兰
France,any,,,France,法国
French Guyana,any,,,French Guiana,法属圭亚那
French Polynesia,any,,,French Polynesia,法属波利尼西亚
French West Africa,any,,,French West Africa,法属西非
Gabon,dependent,,,French Gabon,法属加蓬
Gabon,any,,,Gabon,加蓬
Gambia,dependent,,,British Gambia,英属冈比亚
Gambia,any,,,Gambia,冈比亚
Gaza,any,,,Gaza Strip (Egyptian administration),加沙地带（埃及管理）
Georgia,any,,,Georgia,格鲁吉亚
German Democratic Republic,dependent,,,Soviet occupation zone of Germany,苏联占领区（德国）
German Democratic Republic,any,,,East Germany (GDR),东德（德意志民主共和国）
German Federal Republic,dependent,,,Western occupation zones of Germany,西方盟国占领区（德国）
German Federal Republic,any,,,West Germany (FRG),西德（德意志联邦共和国）
German Togoland,any,,,German Togoland,德属多哥兰
Germany (Prussia),any,,1918,German Empire,德意志帝国
Germany (Prussia),any,1919,1932,Germany (Weimar Republic),德国（魏玛共和国）
Germany (Prussia),any,1933,1945,Nazi Germany (German Reich),纳粹德国（德意志国）
Germany (Prussia),any,1946,,Germany,德国
Ghana,dependent,,,Gold Coast,英属黄金海岸
Ghana,any,,,Ghana,加纳
Greece,any,,,Greece,希腊
Guadeloupe,any,,,Guadeloupe,瓜德罗普
Guatemala,any,,,Guatemala,危地马拉
Guinea,dependent,,,French Guinea,法属几内亚
Guinea,any,,,Guinea,几内亚
Guinea-Bissau,dependent,,,Portuguese Guinea,葡属几内亚
Guinea-Bissau,any,,,Guinea-Bissau,几内亚比绍
Guyana,dependent,,,British Guiana,英属圭亚那
Guyana,any,,,Guyana,圭亚那
Haiti,dependent,,,Haiti (US occupation),海地（美国占领）
Haiti,any,,,Haiti,海地
Hawaii,any,,,Territory of Hawaii,夏威夷（美国领地）
Herzegovina,any,,,Herzegovina,黑塞哥维那
Honduras,any,,,Honduras,洪都拉斯
Hungary,any,,,Hungary,匈牙利
Iceland,dependent,,1917,Iceland (Danish dependency),冰岛（丹麦属地）
Iceland,dependent,1918,1939,Kingdom of Iceland (in union with Denmark),冰岛王国（与丹麦联合）
Iceland,dependent,,,Iceland (Allied occupation),冰岛（盟军占领）
Iceland,any,,,Iceland,冰岛
India,dependent,,,British India,英属印度
India,any,,,India,印度
Indonesia,dependent,,,Dutch East Indies,荷属东印度
Indonesia,any,,,Indonesia,印度尼西亚
Inini,any,,,Inini (French Guiana interior),伊尼尼（法属圭亚那内陆）
Iran (Persia),any,,1934,Persia,波斯
Iran (Persia),any,,,Iran,伊朗
Iraq,dependent,,,Mandatory Iraq (British),英国委任统治伊拉克
Iraq,any,,,Iraq,伊拉克
Ireland,any,,1937,Irish Free State,爱尔兰自由邦
Ireland,any,,,Ireland,爱尔兰
Israel,any,,,Israel,以色列
Italian Somaliland,dependent,,1940,Italian Somaliland,意属索马里兰
Italian Somaliland,dependent,,1950,Somalia (British administration),英国管理下的索马里
Italian Somaliland,dependent,,,Trust Territory of Somaliland (Italian administration),意大利托管索马里兰
Italy/Sardinia,any,,1945,Kingdom of Italy,意大利王国
Italy/Sardinia,any,,,Italy,意大利
Jamaica,dependent,,,British Jamaica,英属牙买加
Jamaica,any,,,Jamaica,牙买加
Jammu and Kashmir,any,,,Jammu and Kashmir (Indian-administered),查谟和克什米尔（印控）
Japan,any,,1946,Empire of Japan,大日本帝国
Japan,any,,,Japan,日本
Jordan,dependent,,,Transjordan (British mandate),外约旦（英国委任统治）
Jordan,independent,,1948,Transjordan,外约旦
Jordan,any,,,Jordan,约旦
Kamerun,any,,,German Kamerun,德属喀麦隆
"Kashmir (North, Azad)",any,,,Azad Kashmir (Pakistani-administered),自由克什米尔（巴控）
Kazakhstan,any,,,Kazakhstan,哈萨克斯坦
Kenya,dependent,,1920,British East Africa,英属东非
Kenya,dependent,,,Kenya Colony,英属肯尼亚
Kenya,any,,,Kenya,肯尼亚
Khiva,any,,,Khanate of Khiva,希瓦汗国
Korea,dependent,,,Korea under Japanese rule (Chōsen),日据朝鲜（朝鲜总督府）
Korea,any,,,Korean Empire,大韩帝国
"Korea, People's Republic of",dependent,,,Soviet occupation zone of Korea,苏联占领区（朝鲜北部）
"Korea, People's Republic of",any,,,North Korea (DPRK),朝鲜（朝鲜民主主义人民共和国）
"Korea, Republic of",dependent,,,US occupation zone of Korea,美军占领区（朝鲜南部）
"Korea, Republic of",any,,,South Korea (Republic of Korea),韩国（大韩民国）
Kuwait,dependent,,,Kuwait (British protectorate),科威特（英国保护国）
Kuwait,any,,,Kuwait,科威特
Kyrgyz Republic,any,,,Kyrgyzstan,吉尔吉斯斯坦
Lagos,any,,,Lagos Colony,拉各斯殖民地
Laos,dependent,,,French Laos,法属老挝
Laos,any,,,Laos,老挝
Latvia,any,,,Latvia,拉脱维亚
Lebanon,dependent,,,French Mandate Lebanon,法国委任统治黎巴嫩
Lebanon,any,,,Lebanon,黎巴嫩
Lesotho,dependent,,,Basutoland,巴苏陀兰
Lesotho,any,,,Lesotho,莱索托
Liberia,any,,,Liberia,利比里亚
Libya,dependent,,1942,Italian Libya,意属利比亚
Libya,dependent,,,Libya (British/French administration),英法管理下的利比亚
Libya,any,,,Libya,利比亚
Lithuania,any,,,Lithuania,立陶宛
Luxembourg,any,,,Luxembourg,卢森堡
Macedonia (FYROM/North Macedonia),any,,,Macedonia,马其顿
Madagascar (Malagasy),dependent,,,French Madagascar,法属马达加斯加
Madagascar (Malagasy),any,,,Madagascar,马达加斯加
Malawi,dependent,,,Nyasaland,尼亚萨兰
Malawi,any,,,Malawi,马拉维
Malaysia,dependent,,,British Malaya,英属马来亚
Malaysia,independent,,1963,Federation of Malaya,马来亚联合邦
Malaysia,any,,,Malaysia,马来西亚
Maldives,dependent,,,Maldives (British protectorate),马尔代夫（英国保护国）
Maldives,any,,,Maldives,马尔代夫
Mali,dependent,,,French Sudan,法属苏丹
Mali,any,,,Mali,马里
Malta,dependent,,,British Malta,英属马耳他
Malta,any,,,Malta,马耳他
Martinique,any,,,Martinique,马提尼克
Mauritania,dependent,,,French Mauritania,法属毛里塔尼亚
Mauritania,any,,,Mauritania,毛里塔尼亚
Mauritius,dependent,,,British Mauritius,英属毛里求斯
Mauritius,any,,,Mauritius,毛里求斯
Mexico,any,,,Mexico,墨西哥
Moldova,any,,,Moldova,摩尔多瓦
Mongolia,any,,,Mongolia,蒙古
Montenegro,any,,,Montenegro,黑山
Morocco,dependent,,,French protectorate of Morocco,法属摩洛哥
Morocco,any,,,Morocco,摩洛哥
Mozambique,dependent,,,Portuguese Mozambique,葡属莫桑比克
Mozambique,any,,,Mozambique,莫桑比克
Myanmar (Burma),dependent,,,British Burma,英属缅甸
Myanmar (Burma),independent,,1988,Burma,缅甸
Myanmar (Burma),any,,,Myanmar,缅甸
Namibia,dependent,,1914,German South West Africa,德属西南非洲
Namibia,dependent,,,South West Africa (South African administration),西南非洲（南非管理）
Namibia,any,,,Namibia,纳米比亚
Natal,any,,,Colony of Natal,纳塔尔殖民地
Nepal,any,,,Nepal,尼泊尔
Netherlands,any,,,Netherlands,荷兰
New Caledonia and Dependencies,any,,,New Caledonia,新喀里多尼亚
New Guinea (German New Guinea) (Kaiser Wilhelmsland),dependent,,1913,German New Guinea,德属新几内亚
New Guinea (German New Guinea) (Kaiser Wilhelmsland),any,,,Territory of New Guinea (Australian),新几内亚领地（澳大利亚管理）
New South Wales,any,,,Colony of New South Wales,新南威尔士殖民地
New Zealand,any,,,New Zealand,新西兰
Newfoundland,any,,,Dominion of Newfoundland,纽芬兰自治领
Nicaragua,any,,,Nicaragua,尼加拉瓜
Niger,dependent,,,French Niger,法属尼日尔
Niger,any,,,Niger,尼日尔
Nigeria,dependent,,,British Nigeria,英属尼日利亚
Nigeria,any,,,Nigeria,尼日利亚
Northeastern Rhodesia,any,,,North-Eastern Rhodesia,东北罗得西亚
Northern Nigeria,any,,,Northern Nigeria Protectorate,北尼日利亚保护国
Northwestern Rhodesia,any,,,North-Western Rhodesia,西北罗得西亚
Norway,any,,,Norway,挪威
Oman,any,,1970,Muscat and Oman,马斯喀特和阿曼
Oman,any,,,Oman,阿曼
Orange Free State,any,,,Orange Free State,奥兰治自由邦
Pakistan,any,,,Pakistan,巴基斯坦
Palestine,any,,,Mandatory Palestine (British),英国委任统治巴勒斯坦
Panama,any,,,Panama,巴拿马
Papua,any,,,Territory of Papua (Australian),巴布亚领地（澳大利亚）
Papua New Guinea,dependent,,,Territory of Papua and New Guinea,巴布亚和新几内亚领地
Papua New Guinea,any,,,Papua New Guinea,巴布亚新几内亚
Paraguay,any,,,Paraguay,巴拉圭
Peru,any,,,Peru,秘鲁
Philippines,dependent,,1898,Spanish Philippines,西属菲律宾
Philippines,dependent,,,US Philippines,美属菲律宾
Philippines,any,,,Philippines,菲律宾
Poland,any,,,Poland,波兰
Portugal,any,,,Portugal,葡萄牙
Puerto Rico,any,,,Puerto Rico,波多黎各
Qatar,dependent,,,Qatar (British protectorate),卡塔尔（英国保护国）
Qatar,any,,,Qatar,卡塔尔
Queensland,any,,,Colony of Queensland,昆士兰殖民地
Reunion,any,,,Réunion,留尼汪
Rumania,any,,,Romania,罗马尼亚
Russia (Soviet Union),any,,1916,Russian Empire,俄罗斯帝国
Russia (Soviet Union),any,1917,1917,Russian Republic (Provisional Government),俄罗斯（临时政府）
Russia (Soviet Union),any,1918,1922,Soviet Russia,苏维埃俄国
Russia (Soviet Union),any,1923,1991,Soviet Union,苏联
Russia (Soviet Union),any,1992,,Russia,俄罗斯
Rwanda,any,,,Rwanda,卢旺达
Rwanda-Urundi,any,,,Ruanda-Urundi (Belgian),卢旺达-乌隆迪（比利时管理）
Sabah (North Borneo),any,,,North Borneo,北婆罗洲
Sarawak,any,,,Sarawak,沙捞越
Saudi Arabia,any,,1932,Nejd and Hejaz,内志和汉志
Saudi Arabia,any,,,Saudi Arabia,沙特阿拉伯
Senegal,dependent,,,French Senegal,法属塞内加尔
Senegal,any,,,Senegal,塞内加尔
Serbia,dependent,,,Serbia (Austro-Hungarian occupation),塞尔维亚（奥匈占领）
Serbia,any,,,Serbia,塞尔维亚
Sierra Leone,dependent,,,British Sierra Leone,英属塞拉利昂
Sierra Leone,any,,,Sierra Leone,塞拉利昂
Singapore,dependent,,,Singapore (British),英属新加坡
Singapore,any,,,Singapore,新加坡
Slovakia,any,,,Slovakia,斯洛伐克
Slovenia,any,,,Slovenia,斯洛文尼亚
Solomon Islands,dependent,,,British Solomon Islands,英属所罗门群岛
Solomon Islands,any,,,Solomon Islands,所罗门群岛
Somalia,any,,,Somalia,索马里
South Africa,any,,1960,Union of South Africa,南非联邦
South Africa,any,,,South Africa,南非
South Australia,any,,,Colony of South Australia,南澳大利亚殖民地
Southern Nigeria,any,,,Southern Nigeria Protectorate,南尼日利亚保护国
Southern Sakhalin Island,any,,,Karafuto (Japanese South Sakhalin),桦太（日属南库页岛）
Southern zone of Spanish Morocco,any,,,Southern Spanish Morocco (Tarfaya),西属摩洛哥南部区（塔尔法亚）
Spain,any,,,Spain,西班牙
Spanish Morocco,any,,,Spanish Morocco,西属摩洛哥
Spanish Sahara,any,,,Spanish Sahara,西属撒哈拉
Spanish West Africa,any,,,Spanish West Africa,西属西非
Sri Lanka (Ceylon),dependent,,,British Ceylon,英属锡兰
Sri Lanka (Ceylon),independent,,1971,Ceylon,锡兰
Sri Lanka (Ceylon),any,,,Sri Lanka,斯里兰卡
Straits Settlements,any,,,Straits Settlements,海峡殖民地
Sudan,dependent,,,Anglo-Egyptian Sudan,英埃苏丹
Sudan,any,,,Sudan,苏丹
Surinam,dependent,,,Dutch Suriname,荷属苏里南
Surinam,any,,,Suriname,苏里南
Swaziland (Eswatini),dependent,,,Swaziland (British protectorate),斯威士兰（英国保护地）
Swaziland (Eswatini),any,,,Swaziland,斯威士兰
Sweden,any,,,Sweden,瑞典
Switzerland,any,,,Switzerland,瑞士
Syria,dependent,,,French Mandate Syria,法国委任统治叙利亚
Syria,any,,,Syria,叙利亚
Taiwan,dependent,,,Taiwan under Japanese rule,日据台湾（台湾总督府）
Taiwan,any,,,Republic of China (Taiwan),中华民国（台湾）
Tajikistan,any,,,Tajikistan,塔吉克斯坦
Tanzania (Tanganyika),dependent,,1916,German East Africa,德属东非
Tanzania (Tanganyika),dependent,,,Tanganyika Territory (British),坦噶尼喀领地（英国管理）
Tanzania (Tanganyika),independent,,1963,Tanganyika,坦噶尼喀
Tanzania (Tanganyika),any,,,Tanzania,坦桑尼亚
Tasmania,any,,,Colony of Tasmania,塔斯马尼亚殖民地
Thailand,any,,1938,Siam,暹罗
Thailand,any,1946,1948,Siam,暹罗
Thailand,any,,,Thailand,泰国
Tibet,any,,,Tibet,西藏
Togo,dependent,,,French Togoland,法属多哥
Togo,any,,,Togo,多哥
Transvaal,any,,,South African Republic (Transvaal),南非共和国（德兰士瓦）
Trinidad and Tobago,dependent,,,British Trinidad and Tobago,英属特立尼达和多巴哥
Trinidad and Tobago,any,,,Trinidad and Tobago,特立尼达和多巴哥
Tunisia,dependent,,,French protectorate of Tunisia,法属突尼斯
Tunisia,any,,,Tunisia,突尼斯
Turkey (Ottoman Empire),any,,1922,Ottoman Empire,奥斯曼帝国
Turkey (Ottoman Empire),any,,,Turkey,土耳其
Turkmenistan,any,,,Turkmenistan,土库曼斯坦
Uganda,dependent,,,Uganda Protectorate,乌干达保护国
Uganda,any,,,Uganda,乌干达
Ukraine,any,,,Ukraine,乌克兰
Unfederated Malay States,any,,,Unfederated Malay States,马来属邦
United Arab Emirates,dependent,,,Trucial States,特鲁西尔诸国（休战诸国）
United Arab Emirates,any,,,United Arab Emirates,阿拉伯联合酋长国
United Kingdom,any,,,United Kingdom,英国
United States of America,any,,,United States,美国
Uruguay,any,,,Uruguay,乌拉圭
Uzbekistan,any,,,Uzbekistan,乌兹别克斯坦
Venezuela,any,,,Venezuela,委内瑞拉
Victoria,any,,,Colony of Victoria,维多利亚殖民地
Vietnam (Annam/Cochin China/Tonkin),any,,,French Indochina (Tonkin/Annam/Cochinchina),法属印度支那（东京、安南、交趾支那）
"Vietnam, Democratic Republic of",any,,1974,North Vietnam,北越（越南民主共和国）
"Vietnam, Democratic Republic of",any,,,Vietnam,越南
"Vietnam, Republic of",any,,,South Vietnam,南越（越南共和国）
West Bank,any,,,West Bank (Jordanian administration),约旦河西岸（约旦管理）
West Irian (Dutch New Guinea),dependent,,1962,Netherlands New Guinea,荷属新几内亚
West Irian (Dutch New Guinea),any,,,West Irian (UN/Indonesian administration),西伊里安（联合国/印尼管理）
Western Australia,any,,,Colony of Western Australia,西澳大利亚殖民地
Yemen (Arab Republic of Yemen),any,,1962,Kingdom of Yemen,也门王国
Yemen (Arab Republic of Yemen),any,,1990,North Yemen (Yemen Arab Republic),北也门（阿拉伯也门共和国）
Yemen (Arab Republic of Yemen),any,,,Yemen,也门
"Yemen, People's Republic of",any,,,South Yemen,南也门（也门人民民主共和国）
Yugoslavia,any,,1929,"Kingdom of Serbs, Croats and Slovenes",塞尔维亚人、克罗地亚人和斯洛文尼亚人王国
Yugoslavia,any,,1991,Yugoslavia,南斯拉夫
Yugoslavia,any,,,Federal Republic of Yugoslavia,南斯拉夫联盟共和国
Zambia,dependent,,,Northern Rhodesia,北罗得西亚
Zambia,any,,,Zambia,赞比亚
Zanzibar,dependent,,,Zanzibar (British protectorate),桑给巴尔（英国保护国）
Zanzibar,any,,,Zanzibar,桑给巴尔
Zimbabwe (Rhodesia),dependent,,,Southern Rhodesia,南罗得西亚
Zimbabwe (Rhodesia),independent,,1979,Rhodesia,罗得西亚
Zimbabwe (Rhodesia),any,,,Zimbabwe,津巴布韦
League of Nations,any,,,League of Nations,国际联盟
