snapshots,unit_match,admin_match,reference,controller_name,controller_name_zh,controller_gwcode,control_type,confidence,note,source_url
1937-07-07,China,*,base:overlay:mengjiang,Republic of China,中华民国,710,independent,approximate,Suiyuan and southern Chahar under Chinese provincial government before the Japanese offensive of August-October 1937 (the Suiyuan campaign of 1936 had held off the Mongol Military Government),https://en.wikipedia.org/wiki/Suiyuan_campaign
1937-07-07,China,*,file:frontlines_china_1937/1937-07-07.geojson#mmg&base:overlay:mengjiang,Mengjiang precursor: Mongol Military Government (Japanese client),蒙古军政府（日本扶植，蒙疆前身）,740,client_state,approximate,"Prince Demchugdongrub's Mongol Military Government (Huade, 1936) in northern Chahar: the Xilingol and Chahar leagues",https://en.wikipedia.org/wiki/Mongol_Military_Government
1937-07-07,China,*,file:frontlines_china_1937/1937-07-07.geojson#japanese&base:cshapes|overlay:occupied_zone_1942,East Hebei Autonomous Council (Japanese client),冀东防共自治政府（日本扶植）,740,client_state,approximate,"East Hebei Autonomous Council (冀東防共自治政府, Tongzhou), the Japanese client set up in November 1935 in the 22 counties east of Peiping (no occupation of China proper before the Marco Polo Bridge incident)",https://en.wikipedia.org/wiki/East_Hebei_Autonomous_Council
1937-11-12,China,*,file:frontlines_china_1937/1937-11-12.geojson#japanese&base:cshapes|overlay:occupied_zone_1942,Japanese-occupied China,日占区,740,military_occupation,approximate,"Area held by the Japanese army: the occupied area of the Japanese general situation map of late August 1941 (Senshi Sosho vol. 55, appendix 2) cut back to the ground reached by this date, after the operations maps: North China in mid-November 1937 after the operations map of the North China Area Army, 1st and 2nd Armies, September to mid-November 1937 (Datong-Taiyuan corridor, Taiyuan 8 November; the Pinghan railway to the Zhang River at Zhangde; Daming; the Jinpu railway to the north bank of the Yellow River above Jinan); Shanghai, Songjiang and the Jinshanwei bridgehead on 12 November 1937 (Kunshan, Taicang and Qingpu reached 13 November)",https://www.jacar.archives.go.jp/das/meta/C11110931600
1937-12-13,China,*,file:frontlines_china_1937/1937-12-13.geojson#japanese&base:cshapes|overlay:occupied_zone_1942,Japanese-occupied China,日占区,740,military_occupation,approximate,"Area held by the Japanese army: the occupied area of the Japanese general situation map of late August 1941 (Senshi Sosho vol. 55, appendix 2) cut back to the ground reached by this date, after the operations maps: North China as in mid-November (Jinan fell only on 27 December); The Yangtze delta to Nanjing (13 December) and Wuhu (10 December): Suzhou, Wuxi, Changzhou, Zhenjiang, Jiangyin, Huzhou, Guangde, Xuancheng; Hangzhou (24 December) and the north bank still ahead",https://www.jacar.archives.go.jp/das/meta/C11110931600
1938-05-19,China,*,file:frontlines_china_1937/1938-05-19.geojson#japanese&base:cshapes|overlay:occupied_zone_1942,Japanese-occupied China (Provisional and Reformed Governments),日占区（含临时政府、维新政府）,740,military_occupation,approximate,"Area held by the Japanese army: the occupied area of the Japanese general situation map of late August 1941 (Senshi Sosho vol. 55, appendix 2) cut back to the ground reached by this date, after the operations maps: North of the Yellow River: Shanxi (Linfen 28 February, Yuncheng 7 March 1938), northern Henan (Xinxiang 17 February) and Shandong (Jinan 27 December, Qingdao 10 January); Xuzhou (19 May 1938): the Jinpu railway, Mengcheng, Yongcheng, Hefei (14 May), the 14th Division across the Yellow River to Heze; Hangzhou held since 24 December; Sato detachment up the coast of northern Jiangsu, Dongtai-Yancheng (26 April)-Funing (7 May 1938); The 14th Division across the Yellow River at Puyang (12 May) to Heze (14 May) and Dingtao; Amoy (Xiamen) island, taken 10-13 May 1938",https://www.nids.mod.go.jp/military_history_search/SoshoAppendixView?no=089&f=089_252.jpg
1938-11-02,China,*,file:frontlines_china_1937/1938-11-02.geojson#japanese&base:cshapes|overlay:occupied_zone_1942,Japanese-occupied China (Provisional and Reformed Governments),日占区（含临时政府、维新政府）,740,military_occupation,approximate,"Area held by the Japanese army: the occupied area of the Japanese general situation map of late August 1941 (Senshi Sosho vol. 55, appendix 2) cut back to the ground reached by this date, after the operations maps: North of the Yellow River and the flood zone of June 1938 (Kaifeng 6 June); Wuhan (Hankou and Wuchang 25-27 October 1938) and the advance to it along both banks of the Yangtze: Anqing, Jiujiang (26 July), De'an (27 October), Yongxiu (1 November), Xianning, Puqi (2 November); Xiaogan, Yingcheng; The routes through the northern Dabie mountains to Wuhan (Gushi, Huangchuan, Luoshan, Xinyang; Shangcheng, Macheng, Songbu; the Pinghan railway south of Xinyang); The routes through the northern Dabie mountains to Wuhan (Gushi, Huangchuan, Luoshan, Xinyang; Shangcheng, Macheng, Songbu; the Pinghan railway south of Xinyang); The routes through the northern Dabie mountains to Wuhan (Gushi, Huangchuan, Luoshan, Xinyang; Shangcheng, Macheng, Songbu; the Pinghan railway south of Xinyang); Canton (21 October 1938) and the advance from Bias Bay by Huizhou and Zengcheng; Foshan and Humen; Amoy (Xiamen) island and Quemoy (Jinmen, 26 October 1938); Quemoy",https://www.nids.mod.go.jp/military_history_search/SoshoAppendixView?no=089&f=089_254.jpg
1939-03-27,China,*,file:frontlines_china_1937/1939-03-27.geojson#japanese&base:cshapes|overlay:occupied_zone_1942,Japanese-occupied China (Provisional and Reformed Governments),日占区（含临时政府、维新政府）,740,military_occupation,approximate,"Area held by the Japanese army: the occupied area of the Japanese general situation map of late August 1941 (Senshi Sosho vol. 55, appendix 2) cut back to the ground reached by this date, after the operations maps: North of the Yellow River and the flood zone; Nanchang (27 March 1939); Yueyang (11 November 1938), Xianning and Tongcheng; the Hubei plain to Yingcheng, Anlu and Hanchuan (Zhongxiang, Suixian and Yichang only later); Haizhou (1 March 1939); Hainan, invaded 10 February 1939 (towns and coasts held); Canton and the Pearl River delta as in October 1938; Amoy (Xiamen) island; Quemoy",https://www.nids.mod.go.jp/military_history_search/SoshoAppendixView?no=089&f=089_254.jpg
1939-03-27,Czechoslovakia,*,base:rule:2,Slovakia,斯洛伐克,317,client_state,whole,"Slovak State, proclaimed 14 March 1939 under German protection",https://en.wikipedia.org/wiki/Slovak_Republic_(1939%E2%80%931945)
1939-03-27,Czechoslovakia,*,base:rule:3,Hungary,匈牙利,310,annexation,whole,"Carpatho-Ukraine occupied by Hungary, 15-18 March 1939",https://en.wikipedia.org/wiki/Hungarian_occupation_of_Carpatho-Ukraine
1939-03-27,Lithuania,*,base:rule:4,Germany,德国,255,annexation,whole,"Klaipeda (Memel) Region ceded to Germany, 23 March 1939",https://en.wikipedia.org/wiki/1939_German_ultimatum_to_Lithuania
1937-07-07,Spain,*,ES-S|ES-O|ES-B|ES-T|ES-L|ES-GI|ES-CS|ES-V|ES-A|ES-MU|ES-AB|ES-AL|ES-J|ES-CR|ES-CU|ES-GU|ES-M,Spanish Republic (Republican zone),西班牙共和国（共和派控制区）,-42,de_facto_government,approximate,"Republican zone of the Spanish Civil War by whole present-day provinces: After the fall of Bilbao (19 June 1937): the Republic holds Santander and Asturias in the north, Catalonia, the Levante, New Castile and Madrid; Huesca, Teruel, Toledo, Badajoz, Cordoba and Granada divided by the front",https://en.wikipedia.org/wiki/Spanish_Civil_War
1937-07-07,Spain,*,ES-HU|ES-TE|ES-TO|ES-BA|ES-CO|ES-GR,Front line (contested),前线（双方争夺）,-20,front_line,approximate,Provinces divided by the front of the Spanish Civil War,https://en.wikipedia.org/wiki/Spanish_Civil_War
1937-11-12,Spain,*,ES-B|ES-T|ES-L|ES-GI|ES-CS|ES-V|ES-A|ES-MU|ES-AB|ES-AL|ES-J|ES-CR|ES-CU|ES-GU|ES-M,Spanish Republic (Republican zone),西班牙共和国（共和派控制区）,-42,de_facto_government,approximate,"Republican zone of the Spanish Civil War by whole present-day provinces: The northern front gone (Santander 26 August, Gijon 21 October 1937)",https://en.wikipedia.org/wiki/Spanish_Civil_War
1937-11-12,Spain,*,ES-HU|ES-TE|ES-TO|ES-BA|ES-CO|ES-GR,Front line (contested),前线（双方争夺）,-20,front_line,approximate,Provinces divided by the front of the Spanish Civil War,https://en.wikipedia.org/wiki/Spanish_Civil_War
1937-12-13,Spain,*,ES-B|ES-T|ES-L|ES-GI|ES-CS|ES-V|ES-A|ES-MU|ES-AB|ES-AL|ES-J|ES-CR|ES-CU|ES-GU|ES-M,Spanish Republic (Republican zone),西班牙共和国（共和派控制区）,-42,de_facto_government,approximate,Republican zone of the Spanish Civil War by whole present-day provinces: On the eve of the Republican Teruel offensive (15 December 1937),https://en.wikipedia.org/wiki/Spanish_Civil_War
1937-12-13,Spain,*,ES-HU|ES-TE|ES-TO|ES-BA|ES-CO|ES-GR,Front line (contested),前线（双方争夺）,-20,front_line,approximate,Provinces divided by the front of the Spanish Civil War,https://en.wikipedia.org/wiki/Spanish_Civil_War
1938-05-19,Spain,*,ES-B|ES-GI|ES-V|ES-A|ES-MU|ES-AB|ES-AL|ES-J|ES-CR|ES-CU|ES-GU|ES-M,Spanish Republic (Republican zone),西班牙共和国（共和派控制区）,-42,de_facto_government,approximate,Republican zone of the Spanish Civil War by whole present-day provinces: After the Aragon offensive: the Nationalists reached the sea at Vinaros (15 April 1938) and cut the Republic in two; Lleida (3 April) and the Ebro and Segre lines,https://en.wikipedia.org/wiki/Spanish_Civil_War
1938-05-19,Spain,*,ES-T|ES-L|ES-CS|ES-TO|ES-BA|ES-CO|ES-GR,Front line (contested),前线（双方争夺）,-20,front_line,approximate,Provinces divided by the front of the Spanish Civil War,https://en.wikipedia.org/wiki/Spanish_Civil_War
1938-11-02,Spain,*,ES-B|ES-GI|ES-V|ES-A|ES-MU|ES-AB|ES-AL|ES-J|ES-CR|ES-CU|ES-GU|ES-M,Spanish Republic (Republican zone),西班牙共和国（共和派控制区）,-42,de_facto_government,approximate,Republican zone of the Spanish Civil War by whole present-day provinces: Last days of the Battle of the Ebro (to 16 November 1938); the Levante front north of Valencia; the Merida pocket in Badajoz taken in July 1938,https://en.wikipedia.org/wiki/Spanish_Civil_War
1938-11-02,Spain,*,ES-T|ES-L|ES-CS|ES-TO|ES-CO|ES-GR,Front line (contested),前线（双方争夺）,-20,front_line,approximate,Provinces divided by the front of the Spanish Civil War,https://en.wikipedia.org/wiki/Spanish_Civil_War
1939-03-27,Spain,*,ES-V|ES-A|ES-MU|ES-AB|ES-AL|ES-J|ES-CR|ES-CU|ES-GU|ES-M,Spanish Republic (Republican zone),西班牙共和国（共和派控制区）,-42,de_facto_government,approximate,"Republican zone of the Spanish Civil War by whole present-day provinces: Catalonia lost (Barcelona 26 January, the French border 10 February 1939); the Casado junta in Madrid; Madrid surrendered on 28 March",https://en.wikipedia.org/wiki/Spanish_Civil_War
1939-03-27,Spain,*,ES-TO|ES-CO|ES-GR,Front line (contested),前线（双方争夺）,-20,front_line,approximate,Provinces divided by the front of the Spanish Civil War,https://en.wikipedia.org/wiki/Spanish_Civil_War
