name_zh,name_en,lon,lat,kinds,capital,seat,rank,note
柏林,Berlin,13.40,52.52,I,*=德国,,0,德国首都，电气与机械工业中心
汉堡,Hamburg,10.00,53.55,IP,,,1,德国最大港口，布洛姆-福斯造船厂
不来梅,Bremen,8.81,53.08,IP,,,2,港口与造船、飞机制造
埃森,Essen,7.01,51.46,I,,,1,鲁尔区，克虏伯钢铁与军火
多特蒙德,Dortmund,7.47,51.51,I,,,2,鲁尔区煤矿与钢铁
杜伊斯堡,Duisburg,6.76,51.43,IP,,,2,鲁尔区钢铁，欧洲最大内河港
斯图加特,Stuttgart,9.18,48.78,I,,,2,博世、戴姆勒-奔驰
施韦因富特,Schweinfurt,10.23,50.05,I,,,2,滚珠轴承工业（1943 年遭空袭）
基尔,Kiel,10.13,54.32,P,,,2,德国海军波罗的海基地与造船
威廉港,Wilhelmshaven,8.12,53.53,P,,,2,德国海军北海基地
维也纳,Vienna,16.37,48.21,I,45=奥地利,,1,1938–45 年并入德国；1945 年 4 月奥地利临时政府在此成立
布拉格,Prague,14.42,50.08,I,45=捷克斯洛伐克,39 40 41 42 44 4201 4202 4203 4204 4205 4206 4207 4208 4209 4210 4212=波希米亚和摩拉维亚保护国,1,德国保护国驻地；1945 年捷克斯洛伐克政府回归
比尔森,Plzen,13.38,49.75,I,,,2,斯柯达军工厂
布拉迪斯拉发,Bratislava,17.11,48.15,,39 40 41 42 44 4201 4202 4203 4204 4205 4206 4207 4208 4209 4210 4212=斯洛伐克,,1,1939–45 年斯洛伐克共和国首都
华沙,Warsaw,21.01,52.23,I,39 45=波兰,,1,1939 年 9 月 28 日陷落；1945 年波兰临时政府迁回
克拉科夫,Krakow,19.94,50.06,,,40 41 42 44 4201 4202 4203 4204 4205 4206 4207 4208 4209 4210 4212=总督府,2,德占波兰“总督府”首府
罗兹,Lodz,19.46,51.76,I,,,2,纺织工业中心
卡托维兹,Katowice,19.02,50.26,I,,,2,上西里西亚煤矿与钢铁
但泽,Gdansk,18.65,54.35,P,,,1,但泽自由市港口与造船；1939 年 9 月 1 日战事在此打响
格丁尼亚,Gdynia,18.53,54.52,P,,,2,波兰主要海港
柯尼斯堡,Kaliningrad,20.51,54.71,P,,,2,东普鲁士首府与港口
巴黎,Paris,2.35,48.86,I,39 45=法国,,0,1940 年 6 月 14 日至 1944 年 8 月 25 日被德军占领；汽车与航空工业
维希,Vichy,3.43,46.13,,40 41 42 44 4201 4202 4203 4204 4205 4206 4207 4208 4209 4210 4212=维希法国,,1,1940 年 7 月 1 日起法兰西国政府驻地
马赛,Marseille,5.37,43.30,P,,,1,法国最大港口
勒阿弗尔,Le Havre,0.11,49.49,P,,,2,塞纳河口大港
布雷斯特,Brest,-4.49,48.39,P,,,2,法国海军基地，1940–44 年德军潜艇基地
圣纳泽尔,Saint-Nazaire,-2.21,47.27,P,,,2,大型船坞与潜艇基地（1942 年英军突袭）
瑟堡,Cherbourg,-1.62,49.64,P,,,2,1944 年 6 月盟军登陆后夺取的深水港
土伦,Toulon,5.93,43.12,P,,,2,法国海军主基地（1942 年 11 月舰队自沉）
里尔,Lille,3.06,50.63,I,,,2,法国北部纺织与重工业
里昂,Lyon,4.84,45.76,I,,,2,纺织与化工；抵抗运动中心
伦敦,London,-0.13,51.51,IP,*=英国,,0,英国首都与最大港口；1940–41 年遭“闪电战”轰炸
利物浦,Liverpool,-2.98,53.41,P,,,1,大西洋航线主港，西部航道司令部所在地
格拉斯哥,Glasgow,-4.25,55.86,IP,,,1,克莱德河造船
伯明翰,Birmingham,-1.90,52.48,I,,,1,军工与机械制造
曼彻斯特,Manchester,-2.24,53.48,I,,,2,纺织与机械、飞机制造
谢菲尔德,Sheffield,-1.47,53.38,I,,,2,钢铁
考文垂,Coventry,-1.51,52.41,I,,,2,汽车与飞机发动机（1940 年 11 月遭重度轰炸）
南安普敦,Southampton,-1.40,50.90,P,,,2,客运与军港，1944 年诺曼底登陆出发港
朴次茅斯,Portsmouth,-1.09,50.80,P,,,2,皇家海军基地
普利茅斯,Plymouth,-4.14,50.38,P,,,2,皇家海军基地
贝尔法斯特,Belfast,-5.93,54.60,IP,,,2,哈兰德与沃尔夫造船厂
都柏林,Dublin,-6.26,53.35,,*=爱尔兰,,1,
布鲁塞尔,Brussels,4.35,50.85,C,39 45=比利时,,1,1940 年 5 月至 1944 年 9 月被德军占领
安特卫普,Antwerp,4.40,51.22,P,,,1,比利时大港，1944 年起为盟军补给港
阿姆斯特丹,Amsterdam,4.90,52.37,P,39 45=荷兰,,1,1940 年 5 月至 1945 年 5 月被德军占领
鹿特丹,Rotterdam,4.48,51.92,P,,,1,欧洲最大港口之一（1940 年 5 月遭轰炸）
卢森堡,Luxembourg,6.13,49.61,,39 45=卢森堡,,1,
哥本哈根,Copenhagen,12.57,55.68,P,*=丹麦,,1,1940 年 4 月起被德军占领
奥斯陆,Oslo,10.75,59.91,P,39 45=挪威,,1,1940 年 4 月至 1945 年 5 月被德军占领
纳尔维克,Narvik,17.43,68.44,P,,,2,瑞典铁矿砂出口港（1940 年英德争夺）
基律纳,Kiruna,20.23,67.86,I,,,2,瑞典铁矿，德国钢铁的重要矿源
斯德哥尔摩,Stockholm,18.07,59.33,P,*=瑞典,,1,
赫尔辛基,Helsinki,24.94,60.17,P,*=芬兰,,1,
雷克雅未克,Reykjavik,-21.94,64.15,P,*=冰岛,,1,1940 年起英美驻军
塔林,Tallinn,24.75,59.44,P,39=爱沙尼亚,,2,
里加,Riga,24.11,56.95,P,39=拉脱维亚,,2,
考纳斯,Kaunas,23.90,54.90,,39=立陶宛,,2,立陶宛临时首都
莫斯科,Moscow,37.62,55.76,I,*=苏联,,0,苏联首都与最大工业城市
古比雪夫,Samara,50.15,53.20,I,,41 42 4201 4202 4203 4204 4205 4206 4207 4208 4209 4210 4212=苏联政府疏散地,2,1941 年 10 月起为政府机关疏散地（“备用首都”），航空工业
列宁格勒,Saint Petersburg,30.32,59.94,IP,,,1,工业重镇、波罗的海舰队基地（1941–44 年被围）
斯大林格勒,Volgograd,44.52,48.71,I,,,1,拖拉机厂，伏尔加河工业城市（1942–43 年会战）
高尔基,Nizhny Novgorod,44.00,56.33,I,,,2,高尔基汽车厂
斯维尔德洛夫斯克,Yekaterinburg,60.61,56.84,I,,,2,乌拉尔重型机械制造
车里雅宾斯克,Chelyabinsk,61.40,55.16,I,,,2,“坦克城”，战时迁入的坦克工厂
马格尼托哥尔斯克,Magnitogorsk,58.98,53.41,I,,,2,钢铁联合企业
新西伯利亚,Novosibirsk,82.93,55.03,I,,,2,西伯利亚工业中心，战时迁入大批工厂
哈尔科夫,Kharkiv,36.23,49.99,I,,,1,坦克与拖拉机工厂
斯大林诺,Donetsk,37.80,48.00,I,,,2,顿巴斯煤矿与钢铁
第聂伯罗彼得罗夫斯克,Dnipro,35.04,48.46,I,,,2,冶金工业
扎波罗热,Zaporizhzhia,35.14,47.84,I,,,2,第聂伯水电站与冶金
敖德萨,Odesa,30.73,46.48,P,,,2,黑海大港
塞瓦斯托波尔,Sevastopol,33.52,44.62,P,,,2,黑海舰队基地（1941–42 年被围）
摩尔曼斯克,Murmansk,33.08,68.97,P,,,2,不冻港，北极航线援苏物资终点
阿尔汉格尔斯克,Arkhangelsk,40.54,64.54,P,,,2,北方航线港口
海参崴,Vladivostok,131.89,43.12,P,,,2,太平洋舰队基地，太平洋航线援苏物资入口
巴库,Baku,49.87,40.41,I,,,1,苏联主要产油区
罗马,Rome,12.50,41.90,C,39 40 41 42 45 4201 4202 4203 4204 4205 4206 4207 4208 4209 4210 4212=意大利,,0,1943 年 9 月起被德军占领，1944 年 6 月 4 日解放
萨勒诺,Salerno,14.77,40.68,P,44=意大利王国,,2,1944 年 2–7 月意大利王国政府驻地
萨洛,Salo,10.52,45.61,,44=意大利社会共和国,,2,意大利社会共和国（德国扶植）政府驻地
米兰,Milan,9.19,45.46,I,,,1,北意工业中心
都灵,Turin,7.69,45.07,I,,,1,菲亚特汽车与军工
热那亚,Genoa,8.93,44.41,P,,,1,意大利主要港口
那不勒斯,Naples,14.27,40.85,P,,,2,南意港口，1943 年 10 月后为盟军补给港
塔兰托,Taranto,17.24,40.47,P,,,2,意大利海军基地（1940 年 11 月英军空袭）
马德里,Madrid,-3.70,40.42,,*=西班牙,,0,
巴塞罗那,Barcelona,2.17,41.39,IP,,,1,港口与纺织工业
毕尔巴鄂,Bilbao,-2.93,43.26,I,,,2,钢铁与造船
里斯本,Lisbon,-9.14,38.72,P,*=葡萄牙,,1,中立国港口，难民出海口
伯尔尼,Bern,7.45,46.95,,*=瑞士,,1,
布达佩斯,Budapest,19.04,47.50,I,*=匈牙利,,1,
布加勒斯特,Bucharest,26.10,44.43,,*=罗马尼亚,,1,
普洛耶什蒂,Ploiesti,26.02,44.94,I,,,1,罗马尼亚油田，轴心国主要石油来源
索非亚,Sofia,23.32,42.70,,*=保加利亚,,1,
贝尔格莱德,Belgrade,20.46,44.82,C,39 40 45=南斯拉夫,,1,1941 年 4 月起被德军占领，1944 年 10 月解放
萨格勒布,Zagreb,15.98,45.81,C,41 42 44 4201 4202 4203 4204 4205 4206 4207 4208 4209 4210 4212=克罗地亚独立国,,1,
雅典,Athens,23.73,37.98,C,39 40 45=希腊,,1,1941 年 4 月至 1944 年 10 月被德军占领
比雷埃夫斯,Piraeus,23.65,37.94,P,,,2,雅典外港
地拉那,Tirana,19.82,41.33,,*=阿尔巴尼亚,,2,1939 年 4 月起与意大利共戴一君，1943 年起被德军占领
安卡拉,Ankara,32.85,39.93,,*=土耳其,,1,
伊斯坦布尔,Istanbul,28.98,41.01,P,,,1,海峡要港
瓦莱塔,Valletta,14.51,35.90,P,,,2,马耳他，英国地中海海军基地（1940–42 年被围）
直布罗陀,Gibraltar,-5.35,36.14,P,,,2,英国要塞港，地中海西口
开罗,Cairo,31.24,30.04,,*=埃及,,1,英军中东司令部所在地
亚历山大,Alexandria,29.92,31.20,P,,,1,英国地中海舰队基地
塞得港,Port Said,32.30,31.26,P,,,2,苏伊士运河北口
苏伊士,Suez,32.55,29.97,P,,,2,苏伊士运河南口
耶路撒冷,Jerusalem,35.22,31.78,,,*=巴勒斯坦（英国委任统治）,2,
海法,Haifa,34.99,32.79,P,,,2,港口与炼油，伊拉克输油管终点
贝鲁特,Beirut,35.50,33.89,P,44 45=黎巴嫩,39 40 41 42 4201 4202 4203 4204 4205 4206 4207 4208 4209 4210 4212=黎巴嫩（法国委任统治）,2,1943 年 11 月独立
大马士革,Damascus,36.29,33.51,,44 45=叙利亚,39 40 41 42 4201 4202 4203 4204 4205 4206 4207 4208 4209 4210 4212=叙利亚（法国委任统治）,2,1944 年 1 月起独立
巴格达,Baghdad,44.36,33.31,,*=伊拉克,,1,
巴士拉,Basra,47.78,30.51,P,,,2,波斯湾港口，援苏通道起点之一
德黑兰,Tehran,51.39,35.69,,*=伊朗,,1,1943 年德黑兰会议
阿巴丹,Abadan,48.30,30.34,I,,,2,英伊石油公司炼油厂
利雅得,Riyadh,46.72,24.69,,*=沙特阿拉伯,,2,
萨那,Sanaa,44.21,15.35,,*=也门王国,,2,
亚丁,Aden,45.03,12.78,P,,,2,红海口英国军港
喀布尔,Kabul,69.17,34.53,,*=阿富汗,,1,
亚的斯亚贝巴,Addis Ababa,38.75,9.03,,41 42 44 45 4201 4202 4203 4204 4205 4206 4207 4208 4209 4210 4212=埃塞俄比亚,39 40=意属东非,1,1941 年 5 月海尔·塞拉西一世复位
喀土穆,Khartoum,32.53,15.59,,,*=英埃苏丹,2,
的黎波里,Tripoli,13.18,32.89,P,,39 40 41 42 4201 4202 4203 4204 4205 4206 4207 4208 4209 4210 4212=意属利比亚,2,
班加西,Benghazi,20.07,32.12,P,,,2,北非战役中五度易手的港口
托布鲁克,Tobruk,23.96,32.08,P,,,2,1941 年被围，1942 年 6 月失守，11 月收复
突尼斯,Tunis,10.18,36.81,P,,*=法属突尼斯,2,
比塞大,Bizerte,9.87,37.27,P,,,2,法国海军基地
阿尔及尔,Algiers,3.06,36.75,P,44=自由法国（临时政府）,*=法属阿尔及利亚,1,1943–44 年法国抵抗政权驻地
奥兰,Oran,-0.64,35.70,P,,,2,邻近米尔斯克比尔海军基地（1940 年 7 月英军炮击法国舰队）
拉巴特,Rabat,-6.84,34.02,,,*=法属摩洛哥,2,
卡萨布兰卡,Casablanca,-7.62,33.59,P,,,1,1942 年火炬行动登陆点，1943 年 1 月会议
达喀尔,Dakar,-17.44,14.69,P,,*=法属西非,2,1940 年 9 月英法争夺的军港
弗里敦,Freetown,-13.23,8.48,P,,,2,南大西洋船队集结港
拉各斯,Lagos,3.39,6.45,P,,*=尼日利亚,2,
阿克拉,Accra,-0.20,5.56,,,*=黄金海岸,2,
蒙罗维亚,Monrovia,-10.80,6.30,,*=利比里亚,,2,
利奥波德维尔,Kinshasa,15.31,-4.32,,,*=比属刚果,2,
布拉柴维尔,Brazzaville,15.28,-4.27,,41 42 4201 4202 4203 4204 4205 4206 4207 4208 4209 4210 4212=自由法国,*=法属赤道非洲,2,1940–43 年自由法国首都
内罗毕,Nairobi,36.82,-1.29,,,*=肯尼亚,2,
蒙巴萨,Mombasa,39.67,-4.04,P,,,2,东非港口
比勒陀利亚,Pretoria,28.19,-25.75,,*=南非联邦,,1,
开普敦,Cape Town,18.42,-33.92,P,,,1,好望角航线要港，南非立法首都
德班,Durban,31.03,-29.86,P,,,2,印度洋航线港口
约翰内斯堡,Johannesburg,28.05,-26.20,I,,,2,金矿开采中心
索尔兹伯里,Harare,31.05,-17.83,,,*=南罗得西亚,2,
塔那那利佛,Antananarivo,47.52,-18.91,,,*=马达加斯加,2,
迪耶戈-苏亚雷斯,Antsiranana,49.29,-12.28,P,,,2,马达加斯加北部海军基地（1942 年 5 月英军夺取）
洛伦索马贵斯,Maputo,32.59,-25.97,P,,*=莫桑比克,2,
罗安达,Luanda,13.23,-8.84,P,,*=安哥拉,2,
东京,Tokyo,139.69,35.69,I,*=日本,,0,日本首都，京滨工业区
横滨,Yokohama,139.64,35.44,P,,,1,日本主要国际港
横须贺,Yokosuka,139.67,35.28,P,,,2,日本海军基地
大阪,Osaka,135.50,34.69,IP,,,1,阪神工业区
神户,Kobe,135.19,34.69,P,,,2,港口与造船
名古屋,Nagoya,136.91,35.18,I,,,1,三菱等飞机制造
吴,Kure,132.57,34.25,P,,,2,日本海军主要基地与工厂，战列舰“大和”建造地
广岛,Hiroshima,132.46,34.39,P,,,2,宇品港，陆军运输基地；1945 年 8 月 6 日原子弹轰炸
长崎,Nagasaki,129.87,32.75,IP,,,2,三菱造船与兵器；1945 年 8 月 9 日原子弹轰炸
八幡,Kitakyushu,130.83,33.88,I,,,2,八幡制铁所，日本最大钢铁厂
京城,Seoul,126.98,37.57,,,*=朝鲜（日本统治）,1,朝鲜总督府所在地
釜山,Busan,129.04,35.10,P,,,2,朝鲜与日本之间的联络港
台北,Taipei,121.56,25.04,,,*=台湾（日本统治）,2,台湾总督府所在地
高雄,Kaohsiung,120.30,22.62,P,,,2,台湾南部港口与海军基地
新京,Changchun,125.32,43.88,C,39 40 41 42 44 4201 4202 4203 4204 4205 4206 4207 4208 4209 4210 4212=满洲国,,1,满洲国首都（今长春）
奉天,Shenyang,123.43,41.80,I,,,1,东北工业中心，兵工厂
鞍山,Anshan,122.99,41.12,I,,,2,昭和制钢所
抚顺,Fushun,123.95,41.88,I,,,2,露天煤矿
大连,Dalian,121.61,38.91,P,,,1,关东州（日本租借地）港口，南满铁道起点
旅顺,Lushun,121.26,38.81,P,,,2,海军要港
张家口,Zhangjiakou,114.88,40.82,,39 40 41 42 44 4201 4202 4203 4204 4205 4206 4207 4208 4209 4210 4212=蒙疆,,2,蒙疆联合自治政府首都
北平,Beijing,116.40,39.90,C,,39=中华民国临时政府（日本扶植）;40 41 42 44 4201 4202 4203 4204 4205 4206 4207 4208 4209 4210 4212=华北政务委员会（日本扶植）,1,华北政治中心；1937–45 年被日军占领
天津,Tianjin,117.20,39.13,P,,,1,华北港口
青岛,Qingdao,120.38,36.07,P,,,2,山东港口
南京,Nanjing,118.80,32.06,C,40 41 42 44 4201 4202 4203 4204 4205 4206 4207 4208 4209 4210 4212=汪精卫政权（南京）,39=中华民国维新政府（日本扶植）,1,1937 年 12 月被日军攻占；1938–40 年为日本扶植的维新政府驻地，1940 年起为汪精卫政权首都
上海,Shanghai,121.47,31.23,IP,,,0,中国最大港口与工业城市
重庆,Chongqing,106.55,29.56,I,*=中华民国,,0,中华民国战时首都（陪都），1938–43 年遭日军轰炸
延安,Yan'an,109.49,36.60,,,*=中共中央所在地,1,
武汉,Wuhan,114.31,30.59,C,,,1,长江中游重镇，1938 年 10 月失守
广州,Guangzhou,113.26,23.13,P,,,1,华南港口，1938 年 10 月失守
香港,Hong Kong,114.17,22.28,P,,39 40 41=香港（英属）,1,1941 年 12 月 25 日被日军占领
河内,Hanoi,105.85,21.03,,,*=法属印度支那,1,
海防,Haiphong,106.68,20.86,P,,,2,印度支那北部港口
西贡,Ho Chi Minh City,106.70,10.78,P,,,2,印度支那南部港口
曼谷,Bangkok,100.50,13.75,P,*=泰国,,1,
仰光,Yangon,96.16,16.80,P,,39 40 41 45=缅甸（英属）,1,滇缅公路起点港；1942–45 年被日军占领
新加坡,Singapore,103.85,1.29,P,,*=海峡殖民地,1,英国远东海军基地，1942 年 2 月 15 日失守
吉隆坡,Kuala Lumpur,101.69,3.14,,,*=马来联邦,2,
巴达维亚,Jakarta,106.85,-6.21,P,,*=荷属东印度,1,
泗水,Surabaya,112.75,-7.25,P,,,2,荷属东印度海军基地
巨港,Palembang,104.76,-2.99,I,,,2,苏门答腊油田与炼油厂
巴厘巴板,Balikpapan,116.83,-1.27,I,,,2,婆罗洲油田与炼油厂
马尼拉,Manila,120.98,14.60,P,,*=菲律宾,1,1942 年 1 月至 1945 年 3 月被日军占领
新德里,New Delhi,77.21,28.61,,,*=英属印度,1,
孟买,Mumbai,72.88,19.08,IP,,,1,港口与纺织工业
加尔各答,Kolkata,88.36,22.57,IP,,,1,港口与黄麻工业，中缅印战区后方基地
马德拉斯,Chennai,80.27,13.08,P,,,2,
卡拉奇,Karachi,67.01,24.86,P,,,2,
科伦坡,Colombo,79.86,6.93,P,,*=锡兰,2,
亭可马里,Trincomalee,81.23,8.59,P,,,2,英国东方舰队基地（1942 年 4 月遭空袭）
加德满都,Kathmandu,85.32,27.71,,*=尼泊尔,,2,
拉萨,Lhasa,91.13,29.65,,*=西藏,,2,
乌兰巴托,Ulaanbaatar,106.92,47.92,,*=蒙古人民共和国,,2,
克孜勒,Kyzyl,94.45,51.72,,39 40 41 42 44 4201 4202 4203 4204 4205 4206 4207 4208 4209 4210 4212=图瓦人民共和国,,2,
华盛顿,Washington,-77.04,38.91,,*=美国,,0,
纽约,New York,-74.01,40.71,IP,,,0,美国最大港口与工业城市
波士顿,Boston,-71.06,42.36,P,,,2,
费城,Philadelphia,-75.17,39.95,IP,,,2,海军船厂与工业
匹兹堡,Pittsburgh,-80.00,40.44,I,,,1,钢铁
底特律,Detroit,-83.05,42.33,I,,,1,“民主兵工厂”，汽车与坦克、轰炸机生产
芝加哥,Chicago,-87.63,41.88,I,,,1,钢铁与机械
克利夫兰,Cleveland,-81.69,41.50,I,,,2,钢铁
巴尔的摩,Baltimore,-76.61,39.29,IP,,,2,造船（自由轮）
诺福克,Norfolk,-76.29,36.85,P,,,2,美国大西洋舰队基地
洛杉矶,Los Angeles,-118.24,34.05,IP,,,1,飞机制造
旧金山,San Francisco,-122.42,37.77,P,,,1,太平洋战区出发港
西雅图,Seattle,-122.33,47.61,IP,,,2,波音轰炸机制造
圣迭戈,San Diego,-117.16,32.72,P,,,2,美国海军基地
新奥尔良,New Orleans,-90.07,29.95,P,,,2,
休斯敦,Houston,-95.37,29.76,IP,,,2,石油与化工
檀香山,Honolulu,-157.86,21.31,P,,*=夏威夷领地,1,珍珠港海军基地（1941 年 12 月 7 日遇袭）
渥太华,Ottawa,-75.70,45.42,,*=加拿大,,1,
蒙特利尔,Montreal,-73.57,45.50,IP,,,2,
多伦多,Toronto,-79.38,43.65,I,,,2,
哈利法克斯,Halifax,-63.57,44.65,P,,,2,北大西洋船队出发港
温哥华,Vancouver,-123.12,49.28,P,,,2,
墨西哥城,Mexico City,-99.13,19.43,,*=墨西哥,,1,
哈瓦那,Havana,-82.38,23.13,P,*=古巴,,2,
危地马拉城,Guatemala City,-90.51,14.63,,*=危地马拉,,2,
圣萨尔瓦多,San Salvador,-89.19,13.69,,*=萨尔瓦多,,2,
特古西加尔巴,Tegucigalpa,-87.21,14.07,,*=洪都拉斯,,2,
马那瓜,Managua,-86.27,12.13,,*=尼加拉瓜,,2,
圣何塞,San Jose,-84.09,9.93,,*=哥斯达黎加,,2,
巴拿马城,Panama City,-79.52,8.98,,*=巴拿马,,2,
科隆,Colon,-79.90,9.36,P,,,2,巴拿马运河大西洋端
太子港,Port-au-Prince,-72.34,18.54,,*=海地,,2,
特鲁希略城,Santo Domingo,-69.93,18.49,,*=多米尼加,,2,今圣多明各
加拉加斯,Caracas,-66.90,10.49,,*=委内瑞拉,,2,
马拉开波,Maracaibo,-71.64,10.65,I,,,2,委内瑞拉油田
波哥大,Bogota,-74.07,4.71,,*=哥伦比亚,,2,
基多,Quito,-78.47,-0.18,,*=厄瓜多尔,,2,
利马,Lima,-77.04,-12.05,,*=秘鲁,,2,
拉巴斯,La Paz,-68.15,-16.50,,*=玻利维亚,,2,政府所在地
圣地亚哥,Santiago,-70.65,-33.45,,*=智利,,2,
布宜诺斯艾利斯,Buenos Aires,-58.38,-34.60,P,*=阿根廷,,1,
蒙得维的亚,Montevideo,-56.16,-34.90,P,*=乌拉圭,,2,1939 年 12 月德舰“施佩伯爵”号在港外自沉
亚松森,Asuncion,-57.58,-25.26,,*=巴拉圭,,2,
里约热内卢,Rio de Janeiro,-43.17,-22.91,P,*=巴西,,1,
圣保罗,Sao Paulo,-46.63,-23.55,I,,,1,巴西工业中心
累西腓,Recife,-34.88,-8.05,P,,,2,美军南大西洋航空与海军基地
堪培拉,Canberra,149.13,-35.28,,*=澳大利亚,,1,
悉尼,Sydney,151.21,-33.87,IP,,,1,1942 年 5–6 月日军袖珍潜艇袭击港口
墨尔本,Melbourne,144.96,-37.81,IP,,,1,
布里斯班,Brisbane,153.03,-27.47,P,,,2,1942–44 年麦克阿瑟西南太平洋司令部所在地
达尔文,Darwin,130.84,-12.46,P,,,2,1942 年 2 月 19 日遭日军空袭
惠灵顿,Wellington,174.78,-41.29,P,*=新西兰,,1,
奥克兰,Auckland,174.76,-36.85,P,,,2,
莫尔兹比港,Port Moresby,147.18,-9.44,P,,*=巴布亚领地,2,1942 年日军进攻目标
拉包尔,Rabaul,152.17,-4.20,P,,,2,1942 年 1 月起为日军南太平洋主要基地
努美阿,Noumea,166.44,-22.27,P,,*=新喀里多尼亚,2,美军南太平洋基地
