snapshots,unit_match,admin_match,reference,controller_name,controller_name_zh,controller_gwcode,control_type,confidence,note,source_url
1944-01-01,Russia (Soviet Union)|Poland|Rumania,*,file:frontlines_1944/1944-01-01.geojson#axis&base:rule:38|rule:40|rule:41|rule:42,Germany,德国,255,military_occupation,whole,"Behind the German front on the OKH situation map (Lage Ost) of 1944-01-01, CAMO, Bestand 500, Findbuch 12457, Akte 923",https://wwii.germandocsinrussia.org/de/nodes/23444-akte-923-unterlagen-der-operationsabteilung-iiib-des-generalstabs-des-heeres-im-okh-karte-lage-ost-karte-zur-lage-der-truppen-der-wehrmacht-an-der-deutsch-sowjetischen-front-einschlie-lich-der-lage-der-verb-nde-der-roten-armee-stand-01-01-1944
1944-01-01,Russia (Soviet Union),*,file:frontlines_1944/1944-01-01.geojson#axis,Germany,德国,255,military_occupation,whole,"West of the German front on the OKH situation map (Lage Ost) of 1944-01-01, CAMO, Bestand 500, Findbuch 12457, Akte 923",https://wwii.germandocsinrussia.org/de/nodes/23444-akte-923-unterlagen-der-operationsabteilung-iiib-des-generalstabs-des-heeres-im-okh-karte-lage-ost-karte-zur-lage-der-truppen-der-wehrmacht-an-der-deutsch-sowjetischen-front-einschlie-lich-der-lage-der-verb-nde-der-roten-armee-stand-01-01-1944
1944-01-01,Russia (Soviet Union),*,file:frontlines_1944/1944-01-01.geojson#axis&MD|UA-77|UA-51,Romania,罗马尼亚,360,military_occupation,approximate,"Bessarabia, northern Bukovina and Transnistria under Romanian control behind the front",https://en.wikipedia.org/wiki/Romania_in_World_War_II
1944-01-01,Russia (Soviet Union),*,file:frontlines_1944/1944-01-01.geojson#soviet,Soviet Union,苏联,365,independent,whole,"East of the German front on the OKH situation map (Lage Ost) of 1944-01-01, CAMO, Bestand 500, Findbuch 12457, Akte 923",https://wwii.germandocsinrussia.org/de/nodes/23444-akte-923-unterlagen-der-operationsabteilung-iiib-des-generalstabs-des-heeres-im-okh-karte-lage-ost-karte-zur-lage-der-truppen-der-wehrmacht-an-der-deutsch-sowjetischen-front-einschlie-lich-der-lage-der-verb-nde-der-roten-armee-stand-01-01-1944
1944-01-01,Poland|Czechoslovakia|Germany (Prussia)|Hungary,*,file:frontlines_1944/1944-01-01.geojson#soviet,Soviet Union,苏联,365,military_occupation,whole,"Taken by the Red Army: east of the German front on the OKH situation map (Lage Ost) of 1944-01-01, CAMO, Bestand 500, Findbuch 12457, Akte 923",https://wwii.germandocsinrussia.org/de/nodes/23444-akte-923-unterlagen-der-operationsabteilung-iiib-des-generalstabs-des-heeres-im-okh-karte-lage-ost-karte-zur-lage-der-truppen-der-wehrmacht-an-der-deutsch-sowjetischen-front-einschlie-lich-der-lage-der-verb-nde-der-roten-armee-stand-01-01-1944
1944-01-01,Rumania,*,file:frontlines_1944/1944-01-01.geojson#soviet,Soviet Union,苏联,365,military_occupation,whole,"Taken by the Red Army: east of the German front on the OKH situation map (Lage Ost) of 1944-01-01, CAMO, Bestand 500, Findbuch 12457, Akte 923",https://wwii.germandocsinrussia.org/de/nodes/23444-akte-923-unterlagen-der-operationsabteilung-iiib-des-generalstabs-des-heeres-im-okh-karte-lage-ost-karte-zur-lage-der-truppen-der-wehrmacht-an-der-deutsch-sowjetischen-front-einschlie-lich-der-lage-der-verb-nde-der-roten-armee-stand-01-01-1944
1944-01-01,Russia (Soviet Union)|Poland|Rumania|Hungary|Czechoslovakia|Yugoslavia|Germany (Prussia),*,file:frontlines_1944/1944-01-01.geojson#axis_pocket,Germany,德国,255,military_occupation,whole,"German-held pocket on the OKH situation map (Crimea, Kholm)",https://wwii.germandocsinrussia.org/de/nodes/23444-akte-923-unterlagen-der-operationsabteilung-iiib-des-generalstabs-des-heeres-im-okh-karte-lage-ost-karte-zur-lage-der-truppen-der-wehrmacht-an-der-deutsch-sowjetischen-front-einschlie-lich-der-lage-der-verb-nde-der-roten-armee-stand-01-01-1944
1944-01-01,Russia (Soviet Union)|Poland|Rumania|Hungary|Czechoslovakia|Yugoslavia|Germany (Prussia),*,file:frontlines_1944/1944-01-01.geojson#soviet_pocket,Soviet Union,苏联,365,besieged,whole,"Soviet-held pocket on the OKH situation map (Oranienbaum bridgehead, Kerch bridgehead)",https://wwii.germandocsinrussia.org/de/nodes/23444-akte-923-unterlagen-der-operationsabteilung-iiib-des-generalstabs-des-heeres-im-okh-karte-lage-ost-karte-zur-lage-der-truppen-der-wehrmacht-an-der-deutsch-sowjetischen-front-einschlie-lich-der-lage-der-verb-nde-der-roten-armee-stand-01-01-1944
1944-02-01,Russia (Soviet Union)|Poland|Rumania,*,file:frontlines_1944/1944-02-01.geojson#axis&base:rule:38|rule:40|rule:41|rule:42,Germany,德国,255,military_occupation,whole,"Behind the German front on the OKH situation map (Lage Ost) of 1944-02-01, CAMO, Bestand 500, Findbuch 12457, Akte 954",https://wwii.germandocsinrussia.org/de/nodes/23475-akte-954-unterlagen-der-operationsabteilung-iiib-des-generalstabs-des-heeres-im-okh-karte-lage-ost-karte-zur-lage-der-truppen-der-wehrmacht-an-der-deutsch-sowjetischen-front-einschlie-lich-der-lage-der-verb-nde-der-roten-armee-stand-01-02-1944
1944-02-01,Russia (Soviet Union),*,file:frontlines_1944/1944-02-01.geojson#axis,Germany,德国,255,military_occupation,whole,"West of the German front on the OKH situation map (Lage Ost) of 1944-02-01, CAMO, Bestand 500, Findbuch 12457, Akte 954",https://wwii.germandocsinrussia.org/de/nodes/23475-akte-954-unterlagen-der-operationsabteilung-iiib-des-generalstabs-des-heeres-im-okh-karte-lage-ost-karte-zur-lage-der-truppen-der-wehrmacht-an-der-deutsch-sowjetischen-front-einschlie-lich-der-lage-der-verb-nde-der-roten-armee-stand-01-02-1944
1944-02-01,Russia (Soviet Union),*,file:frontlines_1944/1944-02-01.geojson#axis&MD|UA-77|UA-51,Romania,罗马尼亚,360,military_occupation,approximate,"Bessarabia, northern Bukovina and Transnistria under Romanian control behind the front",https://en.wikipedia.org/wiki/Romania_in_World_War_II
1944-02-01,Russia (Soviet Union),*,file:frontlines_1944/1944-02-01.geojson#soviet,Soviet Union,苏联,365,independent,whole,"East of the German front on the OKH situation map (Lage Ost) of 1944-02-01, CAMO, Bestand 500, Findbuch 12457, Akte 954",https://wwii.germandocsinrussia.org/de/nodes/23475-akte-954-unterlagen-der-operationsabteilung-iiib-des-generalstabs-des-heeres-im-okh-karte-lage-ost-karte-zur-lage-der-truppen-der-wehrmacht-an-der-deutsch-sowjetischen-front-einschlie-lich-der-lage-der-verb-nde-der-roten-armee-stand-01-02-1944
1944-02-01,Poland|Czechoslovakia|Germany (Prussia)|Hungary,*,file:frontlines_1944/1944-02-01.geojson#soviet,Soviet Union,苏联,365,military_occupation,whole,"Taken by the Red Army: east of the German front on the OKH situation map (Lage Ost) of 1944-02-01, CAMO, Bestand 500, Findbuch 12457, Akte 954",https://wwii.germandocsinrussia.org/de/nodes/23475-akte-954-unterlagen-der-operationsabteilung-iiib-des-generalstabs-des-heeres-im-okh-karte-lage-ost-karte-zur-lage-der-truppen-der-wehrmacht-an-der-deutsch-sowjetischen-front-einschlie-lich-der-lage-der-verb-nde-der-roten-armee-stand-01-02-1944
1944-02-01,Rumania,*,file:frontlines_1944/1944-02-01.geojson#soviet,Soviet Union,苏联,365,military_occupation,whole,"Taken by the Red Army: east of the German front on the OKH situation map (Lage Ost) of 1944-02-01, CAMO, Bestand 500, Findbuch 12457, Akte 954",https://wwii.germandocsinrussia.org/de/nodes/23475-akte-954-unterlagen-der-operationsabteilung-iiib-des-generalstabs-des-heeres-im-okh-karte-lage-ost-karte-zur-lage-der-truppen-der-wehrmacht-an-der-deutsch-sowjetischen-front-einschlie-lich-der-lage-der-verb-nde-der-roten-armee-stand-01-02-1944
1944-02-01,Russia (Soviet Union)|Poland|Rumania|Hungary|Czechoslovakia|Yugoslavia|Germany (Prussia),*,file:frontlines_1944/1944-02-01.geojson#axis_pocket,Germany,德国,255,military_occupation,whole,"German-held pocket on the OKH situation map (Crimea, Kholm, Korsun–Shevchenkovsky pocket)",https://wwii.germandocsinrussia.org/de/nodes/23475-akte-954-unterlagen-der-operationsabteilung-iiib-des-generalstabs-des-heeres-im-okh-karte-lage-ost-karte-zur-lage-der-truppen-der-wehrmacht-an-der-deutsch-sowjetischen-front-einschlie-lich-der-lage-der-verb-nde-der-roten-armee-stand-01-02-1944
1944-02-01,Russia (Soviet Union)|Poland|Rumania|Hungary|Czechoslovakia|Yugoslavia|Germany (Prussia),*,file:frontlines_1944/1944-02-01.geojson#soviet_pocket,Soviet Union,苏联,365,besieged,whole,Soviet-held pocket on the OKH situation map (Kerch bridgehead),https://wwii.germandocsinrussia.org/de/nodes/23475-akte-954-unterlagen-der-operationsabteilung-iiib-des-generalstabs-des-heeres-im-okh-karte-lage-ost-karte-zur-lage-der-truppen-der-wehrmacht-an-der-deutsch-sowjetischen-front-einschlie-lich-der-lage-der-verb-nde-der-roten-armee-stand-01-02-1944
1944-03-01,Russia (Soviet Union)|Poland|Rumania,*,file:frontlines_1944/1944-03-01.geojson#axis&base:rule:38|rule:40|rule:41|rule:42,Germany,德国,255,military_occupation,whole,"Behind the German front on the OKH situation map (Lage Ost) of 1944-03-01, CAMO, Bestand 500, Findbuch 12457, Akte 983",https://wwii.germandocsinrussia.org/de/nodes/23504-akte-983-unterlagen-der-operationsabteilung-iiib-des-generalstabs-des-heeres-im-okh-karte-lage-ost-karte-zur-lage-der-truppen-der-wehrmacht-an-der-deutsch-sowjetischen-front-einschlie-lich-der-lage-der-verb-nde-der-roten-armee-stand-01-03-1944
1944-03-01,Russia (Soviet Union),*,file:frontlines_1944/1944-03-01.geojson#axis,Germany,德国,255,military_occupation,whole,"West of the German front on the OKH situation map (Lage Ost) of 1944-03-01, CAMO, Bestand 500, Findbuch 12457, Akte 983",https://wwii.germandocsinrussia.org/de/nodes/23504-akte-983-unterlagen-der-operationsabteilung-iiib-des-generalstabs-des-heeres-im-okh-karte-lage-ost-karte-zur-lage-der-truppen-der-wehrmacht-an-der-deutsch-sowjetischen-front-einschlie-lich-der-lage-der-verb-nde-der-roten-armee-stand-01-03-1944
1944-03-01,Russia (Soviet Union),*,file:frontlines_1944/1944-03-01.geojson#axis&MD|UA-77|UA-51,Romania,罗马尼亚,360,military_occupation,approximate,"Bessarabia, northern Bukovina and Transnistria under Romanian control behind the front",https://en.wikipedia.org/wiki/Romania_in_World_War_II
1944-03-01,Russia (Soviet Union),*,file:frontlines_1944/1944-03-01.geojson#soviet,Soviet Union,苏联,365,independent,whole,"East of the German front on the OKH situation map (Lage Ost) of 1944-03-01, CAMO, Bestand 500, Findbuch 12457, Akte 983",https://wwii.germandocsinrussia.org/de/nodes/23504-akte-983-unterlagen-der-operationsabteilung-iiib-des-generalstabs-des-heeres-im-okh-karte-lage-ost-karte-zur-lage-der-truppen-der-wehrmacht-an-der-deutsch-sowjetischen-front-einschlie-lich-der-lage-der-verb-nde-der-roten-armee-stand-01-03-1944
1944-03-01,Poland|Czechoslovakia|Germany (Prussia)|Hungary,*,file:frontlines_1944/1944-03-01.geojson#soviet,Soviet Union,苏联,365,military_occupation,whole,"Taken by the Red Army: east of the German front on the OKH situation map (Lage Ost) of 1944-03-01, CAMO, Bestand 500, Findbuch 12457, Akte 983",https://wwii.germandocsinrussia.org/de/nodes/23504-akte-983-unterlagen-der-operationsabteilung-iiib-des-generalstabs-des-heeres-im-okh-karte-lage-ost-karte-zur-lage-der-truppen-der-wehrmacht-an-der-deutsch-sowjetischen-front-einschlie-lich-der-lage-der-verb-nde-der-roten-armee-stand-01-03-1944
1944-03-01,Rumania,*,file:frontlines_1944/1944-03-01.geojson#soviet,Soviet Union,苏联,365,military_occupation,whole,"Taken by the Red Army: east of the German front on the OKH situation map (Lage Ost) of 1944-03-01, CAMO, Bestand 500, Findbuch 12457, Akte 983",https://wwii.germandocsinrussia.org/de/nodes/23504-akte-983-unterlagen-der-operationsabteilung-iiib-des-generalstabs-des-heeres-im-okh-karte-lage-ost-karte-zur-lage-der-truppen-der-wehrmacht-an-der-deutsch-sowjetischen-front-einschlie-lich-der-lage-der-verb-nde-der-roten-armee-stand-01-03-1944
1944-03-01,Russia (Soviet Union)|Poland|Rumania|Hungary|Czechoslovakia|Yugoslavia|Germany (Prussia),*,file:frontlines_1944/1944-03-01.geojson#axis_pocket,Germany,德国,255,military_occupation,whole,German-held pocket on the OKH situation map (Crimea),https://wwii.germandocsinrussia.org/de/nodes/23504-akte-983-unterlagen-der-operationsabteilung-iiib-des-generalstabs-des-heeres-im-okh-karte-lage-ost-karte-zur-lage-der-truppen-der-wehrmacht-an-der-deutsch-sowjetischen-front-einschlie-lich-der-lage-der-verb-nde-der-roten-armee-stand-01-03-1944
1944-03-01,Russia (Soviet Union)|Poland|Rumania|Hungary|Czechoslovakia|Yugoslavia|Germany (Prussia),*,file:frontlines_1944/1944-03-01.geojson#soviet_pocket,Soviet Union,苏联,365,besieged,whole,Soviet-held pocket on the OKH situation map (Kerch bridgehead),https://wwii.germandocsinrussia.org/de/nodes/23504-akte-983-unterlagen-der-operationsabteilung-iiib-des-generalstabs-des-heeres-im-okh-karte-lage-ost-karte-zur-lage-der-truppen-der-wehrmacht-an-der-deutsch-sowjetischen-front-einschlie-lich-der-lage-der-verb-nde-der-roten-armee-stand-01-03-1944
1944-04-01,Russia (Soviet Union)|Poland|Rumania,*,file:frontlines_1944/1944-04-01.geojson#axis&base:rule:38|rule:40|rule:41|rule:42,Germany,德国,255,military_occupation,whole,"Behind the German front on the OKH situation map (Lage Ost) of 1944-04-01, CAMO, Bestand 500, Findbuch 12457, Akte 1011",https://wwii.germandocsinrussia.org/de/nodes/23532-akte-1011-unterlagen-der-operationsabteilung-iiib-des-generalstabs-des-heeres-im-okh-karte-lage-ost-karte-zur-lage-der-truppen-der-wehrmacht-an-der-deutsch-sowjetischen-front-einschlie-lich-der-lage-der-verb-nde-der-roten-armee-stand-01-04-1944
1944-04-01,Russia (Soviet Union),*,file:frontlines_1944/1944-04-01.geojson#axis,Germany,德国,255,military_occupation,whole,"West of the German front on the OKH situation map (Lage Ost) of 1944-04-01, CAMO, Bestand 500, Findbuch 12457, Akte 1011",https://wwii.germandocsinrussia.org/de/nodes/23532-akte-1011-unterlagen-der-operationsabteilung-iiib-des-generalstabs-des-heeres-im-okh-karte-lage-ost-karte-zur-lage-der-truppen-der-wehrmacht-an-der-deutsch-sowjetischen-front-einschlie-lich-der-lage-der-verb-nde-der-roten-armee-stand-01-04-1944
1944-04-01,Russia (Soviet Union),*,file:frontlines_1944/1944-04-01.geojson#axis&MD|UA-77|UA-51,Romania,罗马尼亚,360,military_occupation,approximate,"Bessarabia, northern Bukovina and Transnistria under Romanian control behind the front",https://en.wikipedia.org/wiki/Romania_in_World_War_II
1944-04-01,Russia (Soviet Union),*,file:frontlines_1944/1944-04-01.geojson#soviet,Soviet Union,苏联,365,independent,whole,"East of the German front on the OKH situation map (Lage Ost) of 1944-04-01, CAMO, Bestand 500, Findbuch 12457, Akte 1011",https://wwii.germandocsinrussia.org/de/nodes/23532-akte-1011-unterlagen-der-operationsabteilung-iiib-des-generalstabs-des-heeres-im-okh-karte-lage-ost-karte-zur-lage-der-truppen-der-wehrmacht-an-der-deutsch-sowjetischen-front-einschlie-lich-der-lage-der-verb-nde-der-roten-armee-stand-01-04-1944
1944-04-01,Poland|Czechoslovakia|Germany (Prussia)|Hungary,*,file:frontlines_1944/1944-04-01.geojson#soviet,Soviet Union,苏联,365,military_occupation,whole,"Taken by the Red Army: east of the German front on the OKH situation map (Lage Ost) of 1944-04-01, CAMO, Bestand 500, Findbuch 12457, Akte 1011",https://wwii.germandocsinrussia.org/de/nodes/23532-akte-1011-unterlagen-der-operationsabteilung-iiib-des-generalstabs-des-heeres-im-okh-karte-lage-ost-karte-zur-lage-der-truppen-der-wehrmacht-an-der-deutsch-sowjetischen-front-einschlie-lich-der-lage-der-verb-nde-der-roten-armee-stand-01-04-1944
1944-04-01,Rumania,*,file:frontlines_1944/1944-04-01.geojson#soviet,Soviet Union,苏联,365,military_occupation,whole,"Taken by the Red Army: east of the German front on the OKH situation map (Lage Ost) of 1944-04-01, CAMO, Bestand 500, Findbuch 12457, Akte 1011",https://wwii.germandocsinrussia.org/de/nodes/23532-akte-1011-unterlagen-der-operationsabteilung-iiib-des-generalstabs-des-heeres-im-okh-karte-lage-ost-karte-zur-lage-der-truppen-der-wehrmacht-an-der-deutsch-sowjetischen-front-einschlie-lich-der-lage-der-verb-nde-der-roten-armee-stand-01-04-1944
1944-04-01,Russia (Soviet Union)|Poland|Rumania|Hungary|Czechoslovakia|Yugoslavia|Germany (Prussia),*,file:frontlines_1944/1944-04-01.geojson#axis_pocket,Germany,德国,255,military_occupation,whole,"German-held pocket on the OKH situation map (Crimea, Tarnopol, 1st Panzer Army (Hube pocket))",https://wwii.germandocsinrussia.org/de/nodes/23532-akte-1011-unterlagen-der-operationsabteilung-iiib-des-generalstabs-des-heeres-im-okh-karte-lage-ost-karte-zur-lage-der-truppen-der-wehrmacht-an-der-deutsch-sowjetischen-front-einschlie-lich-der-lage-der-verb-nde-der-roten-armee-stand-01-04-1944
1944-04-01,Russia (Soviet Union)|Poland|Rumania|Hungary|Czechoslovakia|Yugoslavia|Germany (Prussia),*,file:frontlines_1944/1944-04-01.geojson#soviet_pocket,Soviet Union,苏联,365,besieged,whole,Soviet-held pocket on the OKH situation map (Kerch bridgehead),https://wwii.germandocsinrussia.org/de/nodes/23532-akte-1011-unterlagen-der-operationsabteilung-iiib-des-generalstabs-des-heeres-im-okh-karte-lage-ost-karte-zur-lage-der-truppen-der-wehrmacht-an-der-deutsch-sowjetischen-front-einschlie-lich-der-lage-der-verb-nde-der-roten-armee-stand-01-04-1944
1944-05-01,Russia (Soviet Union)|Poland|Rumania,*,file:frontlines_1944/1944-05-01.geojson#axis&base:rule:38|rule:40|rule:41|rule:42,Germany,德国,255,military_occupation,whole,"Behind the German front on the OKH situation map (Lage Ost) of 1944-05-01, CAMO, Bestand 500, Findbuch 12457, Akte 1041",https://wwii.germandocsinrussia.org/de/nodes/23562-akte-1041-unterlagen-der-operationsabteilung-iiib-des-generalstabs-des-heeres-im-okh-karte-lage-ost-karte-zur-lage-der-truppen-der-wehrmacht-an-der-deutsch-sowjetischen-front-einschlie-lich-der-lage-der-verb-nde-der-roten-armee-stand-01-05-1944
1944-05-01,Russia (Soviet Union),*,file:frontlines_1944/1944-05-01.geojson#axis,Germany,德国,255,military_occupation,whole,"West of the German front on the OKH situation map (Lage Ost) of 1944-05-01, CAMO, Bestand 500, Findbuch 12457, Akte 1041",https://wwii.germandocsinrussia.org/de/nodes/23562-akte-1041-unterlagen-der-operationsabteilung-iiib-des-generalstabs-des-heeres-im-okh-karte-lage-ost-karte-zur-lage-der-truppen-der-wehrmacht-an-der-deutsch-sowjetischen-front-einschlie-lich-der-lage-der-verb-nde-der-roten-armee-stand-01-05-1944
1944-05-01,Russia (Soviet Union),*,file:frontlines_1944/1944-05-01.geojson#axis&MD|UA-77|UA-51,Romania,罗马尼亚,360,military_occupation,approximate,"Bessarabia, northern Bukovina and Transnistria under Romanian control behind the front",https://en.wikipedia.org/wiki/Romania_in_World_War_II
1944-05-01,Russia (Soviet Union),*,file:frontlines_1944/1944-05-01.geojson#soviet,Soviet Union,苏联,365,independent,whole,"East of the German front on the OKH situation map (Lage Ost) of 1944-05-01, CAMO, Bestand 500, Findbuch 12457, Akte 1041",https://wwii.germandocsinrussia.org/de/nodes/23562-akte-1041-unterlagen-der-operationsabteilung-iiib-des-generalstabs-des-heeres-im-okh-karte-lage-ost-karte-zur-lage-der-truppen-der-wehrmacht-an-der-deutsch-sowjetischen-front-einschlie-lich-der-lage-der-verb-nde-der-roten-armee-stand-01-05-1944
1944-05-01,Poland|Czechoslovakia|Germany (Prussia)|Hungary,*,file:frontlines_1944/1944-05-01.geojson#soviet,Soviet Union,苏联,365,military_occupation,whole,"Taken by the Red Army: east of the German front on the OKH situation map (Lage Ost) of 1944-05-01, CAMO, Bestand 500, Findbuch 12457, Akte 1041",https://wwii.germandocsinrussia.org/de/nodes/23562-akte-1041-unterlagen-der-operationsabteilung-iiib-des-generalstabs-des-heeres-im-okh-karte-lage-ost-karte-zur-lage-der-truppen-der-wehrmacht-an-der-deutsch-sowjetischen-front-einschlie-lich-der-lage-der-verb-nde-der-roten-armee-stand-01-05-1944
1944-05-01,Rumania,*,file:frontlines_1944/1944-05-01.geojson#soviet,Soviet Union,苏联,365,military_occupation,whole,"Taken by the Red Army: east of the German front on the OKH situation map (Lage Ost) of 1944-05-01, CAMO, Bestand 500, Findbuch 12457, Akte 1041",https://wwii.germandocsinrussia.org/de/nodes/23562-akte-1041-unterlagen-der-operationsabteilung-iiib-des-generalstabs-des-heeres-im-okh-karte-lage-ost-karte-zur-lage-der-truppen-der-wehrmacht-an-der-deutsch-sowjetischen-front-einschlie-lich-der-lage-der-verb-nde-der-roten-armee-stand-01-05-1944
1944-05-01,Russia (Soviet Union)|Poland|Rumania|Hungary|Czechoslovakia|Yugoslavia|Germany (Prussia),*,file:frontlines_1944/1944-05-01.geojson#axis_pocket,Germany,德国,255,military_occupation,whole,German-held pocket on the OKH situation map (Sevastopol bridgehead),https://wwii.germandocsinrussia.org/de/nodes/23562-akte-1041-unterlagen-der-operationsabteilung-iiib-des-generalstabs-des-heeres-im-okh-karte-lage-ost-karte-zur-lage-der-truppen-der-wehrmacht-an-der-deutsch-sowjetischen-front-einschlie-lich-der-lage-der-verb-nde-der-roten-armee-stand-01-05-1944
1944-06-01,Russia (Soviet Union)|Poland|Rumania,*,file:frontlines_1944/1944-06-01.geojson#axis&base:rule:38|rule:40|rule:41|rule:42,Germany,德国,255,military_occupation,whole,"Behind the German front on the OKH situation map (Lage Ost) of 1944-06-01, CAMO, Bestand 500, Findbuch 12457, Akte 1072",https://wwii.germandocsinrussia.org/de/nodes/23593-akte-1072-unterlagen-der-operationsabteilung-iiib-des-generalstabs-des-heeres-im-okh-karte-lage-ost-karte-zur-lage-der-truppen-der-wehrmacht-an-der-deutsch-sowjetischen-front-einschlie-lich-der-lage-der-verb-nde-der-roten-armee-stand-01-06-1944
1944-06-01,Russia (Soviet Union),*,file:frontlines_1944/1944-06-01.geojson#axis,Germany,德国,255,military_occupation,whole,"West of the German front on the OKH situation map (Lage Ost) of 1944-06-01, CAMO, Bestand 500, Findbuch 12457, Akte 1072",https://wwii.germandocsinrussia.org/de/nodes/23593-akte-1072-unterlagen-der-operationsabteilung-iiib-des-generalstabs-des-heeres-im-okh-karte-lage-ost-karte-zur-lage-der-truppen-der-wehrmacht-an-der-deutsch-sowjetischen-front-einschlie-lich-der-lage-der-verb-nde-der-roten-armee-stand-01-06-1944
1944-06-01,Russia (Soviet Union),*,file:frontlines_1944/1944-06-01.geojson#axis&MD|UA-77|UA-51,Romania,罗马尼亚,360,military_occupation,approximate,"Bessarabia, northern Bukovina and Transnistria under Romanian control behind the front",https://en.wikipedia.org/wiki/Romania_in_World_War_II
1944-06-01,Russia (Soviet Union),*,file:frontlines_1944/1944-06-01.geojson#soviet,Soviet Union,苏联,365,independent,whole,"East of the German front on the OKH situation map (Lage Ost) of 1944-06-01, CAMO, Bestand 500, Findbuch 12457, Akte 1072",https://wwii.germandocsinrussia.org/de/nodes/23593-akte-1072-unterlagen-der-operationsabteilung-iiib-des-generalstabs-des-heeres-im-okh-karte-lage-ost-karte-zur-lage-der-truppen-der-wehrmacht-an-der-deutsch-sowjetischen-front-einschlie-lich-der-lage-der-verb-nde-der-roten-armee-stand-01-06-1944
1944-06-01,Poland|Czechoslovakia|Germany (Prussia)|Hungary,*,file:frontlines_1944/1944-06-01.geojson#soviet,Soviet Union,苏联,365,military_occupation,whole,"Taken by the Red Army: east of the German front on the OKH situation map (Lage Ost) of 1944-06-01, CAMO, Bestand 500, Findbuch 12457, Akte 1072",https://wwii.germandocsinrussia.org/de/nodes/23593-akte-1072-unterlagen-der-operationsabteilung-iiib-des-generalstabs-des-heeres-im-okh-karte-lage-ost-karte-zur-lage-der-truppen-der-wehrmacht-an-der-deutsch-sowjetischen-front-einschlie-lich-der-lage-der-verb-nde-der-roten-armee-stand-01-06-1944
1944-06-01,Rumania,*,file:frontlines_1944/1944-06-01.geojson#soviet,Soviet Union,苏联,365,military_occupation,whole,"Taken by the Red Army: east of the German front on the OKH situation map (Lage Ost) of 1944-06-01, CAMO, Bestand 500, Findbuch 12457, Akte 1072",https://wwii.germandocsinrussia.org/de/nodes/23593-akte-1072-unterlagen-der-operationsabteilung-iiib-des-generalstabs-des-heeres-im-okh-karte-lage-ost-karte-zur-lage-der-truppen-der-wehrmacht-an-der-deutsch-sowjetischen-front-einschlie-lich-der-lage-der-verb-nde-der-roten-armee-stand-01-06-1944
1944-07-01,Russia (Soviet Union)|Poland|Rumania,*,file:frontlines_1944/1944-07-01.geojson#axis&base:rule:38|rule:40|rule:41|rule:42,Germany,德国,255,military_occupation,whole,"Behind the German front on the OKH situation map (Lage Ost) of 1944-07-01, CAMO, Bestand 500, Findbuch 12457, Akte 1102",https://wwii.germandocsinrussia.org/de/nodes/23623-akte-1102-unterlagen-der-operationsabteilung-iiib-des-generalstabs-des-heeres-im-okh-karte-lage-ost-karte-zur-lage-der-truppen-der-wehrmacht-an-der-deutsch-sowjetischen-front-einschlie-lich-der-lage-der-verb-nde-der-roten-armee-stand-01-07-1944
1944-07-01,Russia (Soviet Union),*,file:frontlines_1944/1944-07-01.geojson#axis,Germany,德国,255,military_occupation,whole,"West of the German front on the OKH situation map (Lage Ost) of 1944-07-01, CAMO, Bestand 500, Findbuch 12457, Akte 1102",https://wwii.germandocsinrussia.org/de/nodes/23623-akte-1102-unterlagen-der-operationsabteilung-iiib-des-generalstabs-des-heeres-im-okh-karte-lage-ost-karte-zur-lage-der-truppen-der-wehrmacht-an-der-deutsch-sowjetischen-front-einschlie-lich-der-lage-der-verb-nde-der-roten-armee-stand-01-07-1944
1944-07-01,Russia (Soviet Union),*,file:frontlines_1944/1944-07-01.geojson#axis&MD|UA-77|UA-51,Romania,罗马尼亚,360,military_occupation,approximate,"Bessarabia, northern Bukovina and Transnistria under Romanian control behind the front",https://en.wikipedia.org/wiki/Romania_in_World_War_II
1944-07-01,Russia (Soviet Union),*,file:frontlines_1944/1944-07-01.geojson#soviet,Soviet Union,苏联,365,independent,whole,"East of the German front on the OKH situation map (Lage Ost) of 1944-07-01, CAMO, Bestand 500, Findbuch 12457, Akte 1102",https://wwii.germandocsinrussia.org/de/nodes/23623-akte-1102-unterlagen-der-operationsabteilung-iiib-des-generalstabs-des-heeres-im-okh-karte-lage-ost-karte-zur-lage-der-truppen-der-wehrmacht-an-der-deutsch-sowjetischen-front-einschlie-lich-der-lage-der-verb-nde-der-roten-armee-stand-01-07-1944
1944-07-01,Poland|Czechoslovakia|Germany (Prussia)|Hungary,*,file:frontlines_1944/1944-07-01.geojson#soviet,Soviet Union,苏联,365,military_occupation,whole,"Taken by the Red Army: east of the German front on the OKH situation map (Lage Ost) of 1944-07-01, CAMO, Bestand 500, Findbuch 12457, Akte 1102",https://wwii.germandocsinrussia.org/de/nodes/23623-akte-1102-unterlagen-der-operationsabteilung-iiib-des-generalstabs-des-heeres-im-okh-karte-lage-ost-karte-zur-lage-der-truppen-der-wehrmacht-an-der-deutsch-sowjetischen-front-einschlie-lich-der-lage-der-verb-nde-der-roten-armee-stand-01-07-1944
1944-07-01,Rumania,*,file:frontlines_1944/1944-07-01.geojson#soviet,Soviet Union,苏联,365,military_occupation,whole,"Taken by the Red Army: east of the German front on the OKH situation map (Lage Ost) of 1944-07-01, CAMO, Bestand 500, Findbuch 12457, Akte 1102",https://wwii.germandocsinrussia.org/de/nodes/23623-akte-1102-unterlagen-der-operationsabteilung-iiib-des-generalstabs-des-heeres-im-okh-karte-lage-ost-karte-zur-lage-der-truppen-der-wehrmacht-an-der-deutsch-sowjetischen-front-einschlie-lich-der-lage-der-verb-nde-der-roten-armee-stand-01-07-1944
1944-08-01,Russia (Soviet Union)|Poland|Rumania,*,file:frontlines_1944/1944-08-01.geojson#axis&base:rule:38|rule:40|rule:41|rule:42,Germany,德国,255,military_occupation,whole,"Behind the German front on the OKH situation map (Lage Ost) of 1944-08-01, CAMO, Bestand 500, Findbuch 12457, Akte 1133",https://wwii.germandocsinrussia.org/de/nodes/23654-akte-1133-unterlagen-der-operationsabteilung-iiib-des-generalstabs-des-heeres-im-okh-karte-lage-ost-karte-zur-lage-der-truppen-der-wehrmacht-an-der-deutsch-sowjetischen-front-einschlie-lich-der-lage-der-verb-nde-der-roten-armee-stand-01-08-1944
1944-08-01,Russia (Soviet Union),*,file:frontlines_1944/1944-08-01.geojson#axis,Germany,德国,255,military_occupation,whole,"West of the German front on the OKH situation map (Lage Ost) of 1944-08-01, CAMO, Bestand 500, Findbuch 12457, Akte 1133",https://wwii.germandocsinrussia.org/de/nodes/23654-akte-1133-unterlagen-der-operationsabteilung-iiib-des-generalstabs-des-heeres-im-okh-karte-lage-ost-karte-zur-lage-der-truppen-der-wehrmacht-an-der-deutsch-sowjetischen-front-einschlie-lich-der-lage-der-verb-nde-der-roten-armee-stand-01-08-1944
1944-08-01,Russia (Soviet Union),*,file:frontlines_1944/1944-08-01.geojson#axis&MD|UA-77|UA-51,Romania,罗马尼亚,360,military_occupation,approximate,"Bessarabia, northern Bukovina and Transnistria under Romanian control behind the front",https://en.wikipedia.org/wiki/Romania_in_World_War_II
1944-08-01,Russia (Soviet Union),*,file:frontlines_1944/1944-08-01.geojson#soviet,Soviet Union,苏联,365,independent,whole,"East of the German front on the OKH situation map (Lage Ost) of 1944-08-01, CAMO, Bestand 500, Findbuch 12457, Akte 1133",https://wwii.germandocsinrussia.org/de/nodes/23654-akte-1133-unterlagen-der-operationsabteilung-iiib-des-generalstabs-des-heeres-im-okh-karte-lage-ost-karte-zur-lage-der-truppen-der-wehrmacht-an-der-deutsch-sowjetischen-front-einschlie-lich-der-lage-der-verb-nde-der-roten-armee-stand-01-08-1944
1944-08-01,Poland|Czechoslovakia|Germany (Prussia)|Hungary,*,file:frontlines_1944/1944-08-01.geojson#soviet,Soviet Union,苏联,365,military_occupation,whole,"Taken by the Red Army: east of the German front on the OKH situation map (Lage Ost) of 1944-08-01, CAMO, Bestand 500, Findbuch 12457, Akte 1133",https://wwii.germandocsinrussia.org/de/nodes/23654-akte-1133-unterlagen-der-operationsabteilung-iiib-des-generalstabs-des-heeres-im-okh-karte-lage-ost-karte-zur-lage-der-truppen-der-wehrmacht-an-der-deutsch-sowjetischen-front-einschlie-lich-der-lage-der-verb-nde-der-roten-armee-stand-01-08-1944
1944-08-01,Rumania,*,file:frontlines_1944/1944-08-01.geojson#soviet,Soviet Union,苏联,365,military_occupation,whole,"Taken by the Red Army: east of the German front on the OKH situation map (Lage Ost) of 1944-08-01, CAMO, Bestand 500, Findbuch 12457, Akte 1133",https://wwii.germandocsinrussia.org/de/nodes/23654-akte-1133-unterlagen-der-operationsabteilung-iiib-des-generalstabs-des-heeres-im-okh-karte-lage-ost-karte-zur-lage-der-truppen-der-wehrmacht-an-der-deutsch-sowjetischen-front-einschlie-lich-der-lage-der-verb-nde-der-roten-armee-stand-01-08-1944
1944-09-01,Russia (Soviet Union),*,file:frontlines_1944/1944-09-01.geojson#axis,Germany,德国,255,military_occupation,whole,"West of the German front on the OKH situation map (Lage Ost) of 1944-09-01, CAMO, Bestand 500, Findbuch 12457, Akte 1164",https://wwii.germandocsinrussia.org/de/nodes/23685-akte-1164-unterlagen-der-operationsabteilung-iiib-des-generalstabs-des-heeres-im-okh-karte-lage-ost-karte-zur-lage-der-truppen-der-wehrmacht-an-der-deutsch-sowjetischen-front-einschlie-lich-der-lage-der-verb-nde-der-roten-armee-stand-01-09-1944
1944-09-01,Russia (Soviet Union),*,file:frontlines_1944/1944-09-01.geojson#soviet,Soviet Union,苏联,365,independent,whole,"East of the German front on the OKH situation map (Lage Ost) of 1944-09-01, CAMO, Bestand 500, Findbuch 12457, Akte 1164",https://wwii.germandocsinrussia.org/de/nodes/23685-akte-1164-unterlagen-der-operationsabteilung-iiib-des-generalstabs-des-heeres-im-okh-karte-lage-ost-karte-zur-lage-der-truppen-der-wehrmacht-an-der-deutsch-sowjetischen-front-einschlie-lich-der-lage-der-verb-nde-der-roten-armee-stand-01-09-1944
1944-09-01,Poland|Czechoslovakia|Germany (Prussia)|Hungary,*,file:frontlines_1944/1944-09-01.geojson#soviet,Soviet Union,苏联,365,military_occupation,whole,"Taken by the Red Army: east of the German front on the OKH situation map (Lage Ost) of 1944-09-01, CAMO, Bestand 500, Findbuch 12457, Akte 1164",https://wwii.germandocsinrussia.org/de/nodes/23685-akte-1164-unterlagen-der-operationsabteilung-iiib-des-generalstabs-des-heeres-im-okh-karte-lage-ost-karte-zur-lage-der-truppen-der-wehrmacht-an-der-deutsch-sowjetischen-front-einschlie-lich-der-lage-der-verb-nde-der-roten-armee-stand-01-09-1944
1944-09-01,Rumania,*,file:frontlines_1944/1944-09-01.geojson#soviet,Romania,罗马尼亚,360,independent,whole,"Romania after it changed sides (23 August 1944), under Soviet occupation: east of the German front on the OKH situation map (Lage Ost) of 1944-09-01, CAMO, Bestand 500, Findbuch 12457, Akte 1164",https://wwii.germandocsinrussia.org/de/nodes/23685-akte-1164-unterlagen-der-operationsabteilung-iiib-des-generalstabs-des-heeres-im-okh-karte-lage-ost-karte-zur-lage-der-truppen-der-wehrmacht-an-der-deutsch-sowjetischen-front-einschlie-lich-der-lage-der-verb-nde-der-roten-armee-stand-01-09-1944
1944-10-01,Russia (Soviet Union),*,file:frontlines_1944/1944-10-01.geojson#axis,Germany,德国,255,military_occupation,whole,"West of the German front on the OKH situation map (Lage Ost) of 1944-10-01, CAMO, Bestand 500, Findbuch 12457, Akte 1194",https://wwii.germandocsinrussia.org/de/nodes/23715-akte-1194-unterlagen-der-operationsabteilung-iiib-des-generalstabs-des-heeres-im-okh-karte-lage-ost-karte-zur-lage-der-truppen-der-wehrmacht-an-der-deutsch-sowjetischen-front-einschlie-lich-der-lage-der-verb-nde-der-roten-armee-stand-01-10-1944
1944-10-01,Russia (Soviet Union),*,file:frontlines_1944/1944-10-01.geojson#soviet,Soviet Union,苏联,365,independent,whole,"East of the German front on the OKH situation map (Lage Ost) of 1944-10-01, CAMO, Bestand 500, Findbuch 12457, Akte 1194",https://wwii.germandocsinrussia.org/de/nodes/23715-akte-1194-unterlagen-der-operationsabteilung-iiib-des-generalstabs-des-heeres-im-okh-karte-lage-ost-karte-zur-lage-der-truppen-der-wehrmacht-an-der-deutsch-sowjetischen-front-einschlie-lich-der-lage-der-verb-nde-der-roten-armee-stand-01-10-1944
1944-10-01,Poland|Czechoslovakia|Germany (Prussia)|Hungary,*,file:frontlines_1944/1944-10-01.geojson#soviet,Soviet Union,苏联,365,military_occupation,whole,"Taken by the Red Army: east of the German front on the OKH situation map (Lage Ost) of 1944-10-01, CAMO, Bestand 500, Findbuch 12457, Akte 1194",https://wwii.germandocsinrussia.org/de/nodes/23715-akte-1194-unterlagen-der-operationsabteilung-iiib-des-generalstabs-des-heeres-im-okh-karte-lage-ost-karte-zur-lage-der-truppen-der-wehrmacht-an-der-deutsch-sowjetischen-front-einschlie-lich-der-lage-der-verb-nde-der-roten-armee-stand-01-10-1944
1944-10-01,Rumania,*,file:frontlines_1944/1944-10-01.geojson#soviet,Romania,罗马尼亚,360,independent,whole,"Romania after it changed sides (23 August 1944), under Soviet occupation: east of the German front on the OKH situation map (Lage Ost) of 1944-10-01, CAMO, Bestand 500, Findbuch 12457, Akte 1194",https://wwii.germandocsinrussia.org/de/nodes/23715-akte-1194-unterlagen-der-operationsabteilung-iiib-des-generalstabs-des-heeres-im-okh-karte-lage-ost-karte-zur-lage-der-truppen-der-wehrmacht-an-der-deutsch-sowjetischen-front-einschlie-lich-der-lage-der-verb-nde-der-roten-armee-stand-01-10-1944
1944-11-01,Russia (Soviet Union),*,file:frontlines_1944/1944-11-01.geojson#axis,Germany,德国,255,military_occupation,whole,"West of the German front on the OKH situation map (Lage Ost) of 1944-10-31, CAMO, Bestand 500, Findbuch 12457, Akte 1224",https://wwii.germandocsinrussia.org/de/nodes/23745-akte-1224-unterlagen-der-operationsabteilung-iiib-des-generalstabs-des-heeres-im-okh-karte-lage-ost-karte-zur-lage-der-truppen-der-wehrmacht-an-der-deutsch-sowjetischen-front-einschlie-lich-der-lage-der-verb-nde-der-roten-armee-stand-31-10-1944
1944-11-01,Russia (Soviet Union),*,file:frontlines_1944/1944-11-01.geojson#soviet,Soviet Union,苏联,365,independent,whole,"East of the German front on the OKH situation map (Lage Ost) of 1944-10-31, CAMO, Bestand 500, Findbuch 12457, Akte 1224",https://wwii.germandocsinrussia.org/de/nodes/23745-akte-1224-unterlagen-der-operationsabteilung-iiib-des-generalstabs-des-heeres-im-okh-karte-lage-ost-karte-zur-lage-der-truppen-der-wehrmacht-an-der-deutsch-sowjetischen-front-einschlie-lich-der-lage-der-verb-nde-der-roten-armee-stand-31-10-1944
1944-11-01,Poland|Czechoslovakia|Germany (Prussia)|Hungary,*,file:frontlines_1944/1944-11-01.geojson#soviet,Soviet Union,苏联,365,military_occupation,whole,"Taken by the Red Army: east of the German front on the OKH situation map (Lage Ost) of 1944-10-31, CAMO, Bestand 500, Findbuch 12457, Akte 1224",https://wwii.germandocsinrussia.org/de/nodes/23745-akte-1224-unterlagen-der-operationsabteilung-iiib-des-generalstabs-des-heeres-im-okh-karte-lage-ost-karte-zur-lage-der-truppen-der-wehrmacht-an-der-deutsch-sowjetischen-front-einschlie-lich-der-lage-der-verb-nde-der-roten-armee-stand-31-10-1944
1944-11-01,Rumania,*,file:frontlines_1944/1944-11-01.geojson#soviet,Romania,罗马尼亚,360,independent,whole,"Romania after it changed sides (23 August 1944), under Soviet occupation: east of the German front on the OKH situation map (Lage Ost) of 1944-10-31, CAMO, Bestand 500, Findbuch 12457, Akte 1224",https://wwii.germandocsinrussia.org/de/nodes/23745-akte-1224-unterlagen-der-operationsabteilung-iiib-des-generalstabs-des-heeres-im-okh-karte-lage-ost-karte-zur-lage-der-truppen-der-wehrmacht-an-der-deutsch-sowjetischen-front-einschlie-lich-der-lage-der-verb-nde-der-roten-armee-stand-31-10-1944
1944-11-01,Yugoslavia,*,file:frontlines_1944/1944-11-01.geojson#soviet,Yugoslavia (Partisans),南斯拉夫（游击队）,345,liberated,whole,"Liberated by the Red Army and the Partisans (Belgrade 20 October 1944): east of the German front on the OKH situation map (Lage Ost) of 1944-10-31, CAMO, Bestand 500, Findbuch 12457, Akte 1224",https://wwii.germandocsinrussia.org/de/nodes/23745-akte-1224-unterlagen-der-operationsabteilung-iiib-des-generalstabs-des-heeres-im-okh-karte-lage-ost-karte-zur-lage-der-truppen-der-wehrmacht-an-der-deutsch-sowjetischen-front-einschlie-lich-der-lage-der-verb-nde-der-roten-armee-stand-31-10-1944
1944-11-01,Russia (Soviet Union)|Poland|Rumania|Hungary|Czechoslovakia|Yugoslavia|Germany (Prussia),*,file:frontlines_1944/1944-11-01.geojson#axis_pocket,Germany,德国,255,military_occupation,whole,"German-held pocket on the OKH situation map (Memel, Saaremaa (Sworbe))",https://wwii.germandocsinrussia.org/de/nodes/23745-akte-1224-unterlagen-der-operationsabteilung-iiib-des-generalstabs-des-heeres-im-okh-karte-lage-ost-karte-zur-lage-der-truppen-der-wehrmacht-an-der-deutsch-sowjetischen-front-einschlie-lich-der-lage-der-verb-nde-der-roten-armee-stand-31-10-1944
1944-12-01,Russia (Soviet Union),*,file:frontlines_1944/1944-12-01.geojson#axis,Germany,德国,255,military_occupation,whole,"West of the German front on the OKH situation map (Lage Ost) of 1944-11-13, CAMO, Bestand 500, Findbuch 12457, Akte 1232",https://wwii.germandocsinrussia.org/de/nodes/23753-akte-1232-unterlagen-der-operationsabteilung-iiib-des-generalstabs-des-heeres-im-okh-karte-lage-ost-karte-zur-lage-der-truppen-der-wehrmacht-an-der-deutsch-sowjetischen-front-einschlie-lich-der-lage-der-verb-nde-der-roten-armee-stand-13-11-1944
1944-12-01,Russia (Soviet Union),*,file:frontlines_1944/1944-12-01.geojson#soviet,Soviet Union,苏联,365,independent,whole,"East of the German front on the OKH situation map (Lage Ost) of 1944-11-13, CAMO, Bestand 500, Findbuch 12457, Akte 1232",https://wwii.germandocsinrussia.org/de/nodes/23753-akte-1232-unterlagen-der-operationsabteilung-iiib-des-generalstabs-des-heeres-im-okh-karte-lage-ost-karte-zur-lage-der-truppen-der-wehrmacht-an-der-deutsch-sowjetischen-front-einschlie-lich-der-lage-der-verb-nde-der-roten-armee-stand-13-11-1944
1944-12-01,Poland|Czechoslovakia|Germany (Prussia)|Hungary,*,file:frontlines_1944/1944-12-01.geojson#soviet,Soviet Union,苏联,365,military_occupation,whole,"Taken by the Red Army: east of the German front on the OKH situation map (Lage Ost) of 1944-11-13, CAMO, Bestand 500, Findbuch 12457, Akte 1232",https://wwii.germandocsinrussia.org/de/nodes/23753-akte-1232-unterlagen-der-operationsabteilung-iiib-des-generalstabs-des-heeres-im-okh-karte-lage-ost-karte-zur-lage-der-truppen-der-wehrmacht-an-der-deutsch-sowjetischen-front-einschlie-lich-der-lage-der-verb-nde-der-roten-armee-stand-13-11-1944
1944-12-01,Rumania,*,file:frontlines_1944/1944-12-01.geojson#soviet,Romania,罗马尼亚,360,independent,whole,"Romania after it changed sides (23 August 1944), under Soviet occupation: east of the German front on the OKH situation map (Lage Ost) of 1944-11-13, CAMO, Bestand 500, Findbuch 12457, Akte 1232",https://wwii.germandocsinrussia.org/de/nodes/23753-akte-1232-unterlagen-der-operationsabteilung-iiib-des-generalstabs-des-heeres-im-okh-karte-lage-ost-karte-zur-lage-der-truppen-der-wehrmacht-an-der-deutsch-sowjetischen-front-einschlie-lich-der-lage-der-verb-nde-der-roten-armee-stand-13-11-1944
1944-12-01,Yugoslavia,*,file:frontlines_1944/1944-12-01.geojson#soviet,Yugoslavia (Partisans),南斯拉夫（游击队）,345,liberated,whole,"Liberated by the Red Army and the Partisans (Belgrade 20 October 1944): east of the German front on the OKH situation map (Lage Ost) of 1944-11-13, CAMO, Bestand 500, Findbuch 12457, Akte 1232",https://wwii.germandocsinrussia.org/de/nodes/23753-akte-1232-unterlagen-der-operationsabteilung-iiib-des-generalstabs-des-heeres-im-okh-karte-lage-ost-karte-zur-lage-der-truppen-der-wehrmacht-an-der-deutsch-sowjetischen-front-einschlie-lich-der-lage-der-verb-nde-der-roten-armee-stand-13-11-1944
1944-12-01,Russia (Soviet Union)|Poland|Rumania|Hungary|Czechoslovakia|Yugoslavia|Germany (Prussia),*,file:frontlines_1944/1944-12-01.geojson#axis_pocket,Germany,德国,255,military_occupation,whole,German-held pocket on the OKH situation map (Memel),https://wwii.germandocsinrussia.org/de/nodes/23753-akte-1232-unterlagen-der-operationsabteilung-iiib-des-generalstabs-des-heeres-im-okh-karte-lage-ost-karte-zur-lage-der-truppen-der-wehrmacht-an-der-deutsch-sowjetischen-front-einschlie-lich-der-lage-der-verb-nde-der-roten-armee-stand-13-11-1944
1944-01-01|1944-02-01|1944-03-01|1944-04-01|1944-05-01|1944-06-01,Russia (Soviet Union),*,base:rule:29|rule:30,Finland,芬兰,375,military_occupation,whole,Karelian Isthmus and East Karelia held by Finland until the Vyborg–Petrozavodsk offensive (10 June 1944),https://en.wikipedia.org/wiki/Continuation_War
1944-07-01,Russia (Soviet Union),*,base:rule:29|rule:30,Front line (contested),前线（双方争夺）,-20,front_line,approximate,"Vyborg–Petrozavodsk offensive: Vyborg 20 June, Petrozavodsk 28 June 1944; Tali-Ihantala",https://en.wikipedia.org/wiki/Vyborg%E2%80%93Petrozavodsk_offensive
1944-08-01|1944-09-01,Russia (Soviet Union),*,base:rule:29,Front line (contested),前线（双方争夺）,-20,front_line,approximate,The VKT line north of Vyborg until the armistice of 19 September 1944,https://en.wikipedia.org/wiki/Battle_of_Tali%E2%80%93Ihantala
1944-01-01|1944-02-01|1944-03-01,Hungary,*,,Hungary,匈牙利,310,independent,whole,Hungary before the German occupation of 19 March 1944 (Operation Margarethe),https://en.wikipedia.org/wiki/Operation_Margarethe
1944-09-01|1944-10-01,Czechoslovakia,*,SK-BC,Front line (contested),前线（双方争夺）,-20,front_line,approximate,Slovak National Uprising (29 August – 27 October 1944),https://en.wikipedia.org/wiki/Slovak_National_Uprising
1944-01-01|1944-02-01|1944-03-01|1944-04-01|1944-05-01,Italy/Sardinia,*,IT-RM|IT-VT|IT-RI,Germany,德国,255,military_occupation,approximate,Rome held by Germany until 4 June 1944,https://en.wikipedia.org/wiki/Italian_campaign_(World_War_II)
1944-01-01|1944-02-01|1944-03-01|1944-04-01|1944-05-01,Italy/Sardinia,*,IT-LT|IT-FR|IT-IS|IT-CH|IT-AQ,Front line (contested),前线（双方争夺）,-20,front_line,approximate,"Gustav line: Cassino, the Garigliano and the Sangro",https://en.wikipedia.org/wiki/Gustav_Line
1944-02-01|1944-03-01|1944-04-01|1944-05-01,Italy/Sardinia,*,IT-RM,Front line (contested),前线（双方争夺）,-20,front_line,approximate,Anzio beachhead (22 January – 23 May 1944),https://en.wikipedia.org/wiki/Operation_Shingle
1944-06-01,Italy/Sardinia,*,IT-RM|IT-VT|IT-RI,Front line (contested),前线（双方争夺）,-20,front_line,approximate,Breakout from Cassino and Anzio; Rome 4 June 1944,https://en.wikipedia.org/wiki/Operation_Diadem
1944-07-01|1944-08-01|1944-09-01|1944-10-01|1944-11-01|1944-12-01,Italy/Sardinia,*,IT-RM|IT-VT|IT-RI|IT-LT|IT-FR|IT-AQ|IT-TE|IT-PE|IT-CH|IT-TR|IT-GR,Allied powers / Kingdom of Italy,同盟国（意大利王国）,-1,allied_occupation,approximate,"Central Italy taken after Rome (Grosseto 15 June, Terni 13 June 1944)",https://en.wikipedia.org/wiki/Italian_campaign_(World_War_II)
1944-07-01,Italy/Sardinia,*,IT-PG|IT-SI|IT-AR|IT-LI|IT-MC|IT-AN|IT-AP|IT-FM,Front line (contested),前线（双方争夺）,-20,front_line,approximate,Trasimene line (late June 1944),https://en.wikipedia.org/wiki/Trasimene_Line
1944-08-01|1944-09-01|1944-10-01|1944-11-01|1944-12-01,Italy/Sardinia,*,IT-PG|IT-SI|IT-AR|IT-LI|IT-MC|IT-AN|IT-AP|IT-FM,Allied powers / Kingdom of Italy,同盟国（意大利王国）,-1,allied_occupation,approximate,"Umbria, southern Tuscany and Marche (Ancona 18 July, Livorno 19 July 1944)",https://en.wikipedia.org/wiki/Italian_campaign_(World_War_II)
1944-08-01|1944-09-01,Italy/Sardinia,*,IT-FI|IT-PI|IT-PU|IT-LU|IT-PT|IT-PO,Front line (contested),前线（双方争夺）,-20,front_line,approximate,The Arno line and the approach to the Gothic line (Florence 4 August 1944),https://en.wikipedia.org/wiki/Gothic_Line
1944-10-01|1944-11-01|1944-12-01,Italy/Sardinia,*,IT-FI|IT-PI|IT-PU|IT-LU|IT-PT|IT-PO,Allied powers / Kingdom of Italy,同盟国（意大利王国）,-1,allied_occupation,approximate,"Gothic line breached: Pesaro, Lucca, Pistoia (September 1944)",https://en.wikipedia.org/wiki/Gothic_Line
1944-10-01|1944-11-01|1944-12-01,Italy/Sardinia,*,IT-RN|IT-FC|IT-RA|IT-MS|IT-BO,Front line (contested),前线（双方争夺）,-20,front_line,approximate,"Front in Romagna and the Apennines: Rimini 21 September, Forlì 9 November, Ravenna 4 December 1944",https://en.wikipedia.org/wiki/Gothic_Line
1944-07-01,France,*,FR-14|FR-50,Front line (contested),前线（双方争夺）,-20,front_line,approximate,Normandy beachhead (Cherbourg 26 June 1944),https://en.wikipedia.org/wiki/Operation_Overlord
1944-08-01,France,*,FR-14|FR-50,France (Provisional Government),法国（临时政府）,220,liberated,approximate,Normandy after Cobra (Avranches 31 July 1944),https://en.wikipedia.org/wiki/Operation_Cobra
1944-08-01,France,*,FR-61|FR-35|FR-22,Front line (contested),前线（双方争夺）,-20,front_line,approximate,Breakout into Brittany and the Falaise pocket,https://en.wikipedia.org/wiki/Operation_Cobra
1944-09-01|1944-10-01|1944-11-01|1944-12-01,France,*,,France (Provisional Government),法国（临时政府）,220,liberated,whole,Paris liberated 25 August 1944; Provence after Operation Dragoon (15 August); the Provisional Government,https://en.wikipedia.org/wiki/Liberation_of_France
1944-09-01,France,*,FR-59|FR-62|FR-80|FR-02|FR-08|FR-51|FR-55|FR-52|FR-21|FR-71|FR-01|FR-69|FR-39|FR-25|FR-70|FR-29,Front line (contested),前线（双方争夺）,-20,front_line,approximate,"Pursuit to the north-east (Lille 3 September, Lyon 3 September, Brest 19 September 1944)",https://en.wikipedia.org/wiki/Allied_advance_from_Paris_to_the_Rhine
1944-09-01,France,*,FR-54|FR-57|FR-88|FR-90|FR-67|FR-68,Germany,德国,255,military_occupation,approximate,Lorraine and Alsace still German,https://en.wikipedia.org/wiki/Lorraine_campaign
1944-10-01|1944-11-01,France,*,FR-54|FR-88|FR-25,Front line (contested),前线（双方争夺）,-20,front_line,approximate,Lorraine campaign and the Vosges,https://en.wikipedia.org/wiki/Lorraine_campaign
1944-10-01|1944-11-01,France,*,FR-57|FR-90|FR-67|FR-68,Germany,德国,255,military_occupation,approximate,"Metz, Belfort and Alsace still German",https://en.wikipedia.org/wiki/Lorraine_campaign
1944-12-01,France,*,FR-57|FR-67|FR-68,Front line (contested),前线（双方争夺）,-20,front_line,approximate,"Metz and Belfort (22 November), Strasbourg (23 November 1944) taken; the Colmar pocket",https://en.wikipedia.org/wiki/Colmar_Pocket
1944-09-01|1944-10-01|1944-11-01|1944-12-01,France,*,FR-56|FR-44|FR-17,Front line (contested),前线（双方争夺）,-20,front_line,approximate,"Atlantic pockets: Lorient, Saint-Nazaire, La Rochelle and Royan held by Germany until May 1945",https://en.wikipedia.org/wiki/Atlantic_pockets
1944-09-01,Belgium,*,,Front line (contested),前线（双方争夺）,-20,front_line,approximate,Allies enter Belgium (Brussels 3 September 1944),https://en.wikipedia.org/wiki/Liberation_of_Belgium
1944-10-01|1944-11-01|1944-12-01,Belgium,*,,Belgium,比利时,211,liberated,whole,Belgium liberated (Antwerp 4 September 1944),https://en.wikipedia.org/wiki/Liberation_of_Belgium
1944-10-01|1944-11-01|1944-12-01,Luxembourg,*,,Luxembourg,卢森堡,212,liberated,whole,Luxembourg liberated (10 September 1944),https://en.wikipedia.org/wiki/Luxembourg_in_World_War_II
1944-10-01,Netherlands,*,NL-LI|NL-NB|NL-GE|NL-ZE,Front line (contested),前线（双方争夺）,-20,front_line,approximate,"Maastricht (14 September), Operation Market Garden (17–25 September 1944)",https://en.wikipedia.org/wiki/Operation_Market_Garden
1944-11-01|1944-12-01,Netherlands,*,NL-LI|NL-NB,Netherlands,荷兰,210,liberated,approximate,North Brabant and Limburg liberated (October–November 1944),https://en.wikipedia.org/wiki/Liberation_of_the_Netherlands
1944-11-01,Netherlands,*,NL-ZE|NL-GE,Front line (contested),前线（双方争夺）,-20,front_line,approximate,Battle of the Scheldt; the Nijmegen salient,https://en.wikipedia.org/wiki/Battle_of_the_Scheldt
1944-12-01,Netherlands,*,NL-ZE,Netherlands,荷兰,210,liberated,approximate,Walcheren taken (8 November 1944),https://en.wikipedia.org/wiki/Battle_of_the_Scheldt
1944-12-01,Netherlands,*,NL-GE,Front line (contested),前线（双方争夺）,-20,front_line,approximate,The Nijmegen salient,https://en.wikipedia.org/wiki/Liberation_of_the_Netherlands
1944-10-01,Greece,*,,Front line (contested),前线（双方争夺）,-20,front_line,approximate,German withdrawal from Greece (Athens 12 October 1944),https://en.wikipedia.org/wiki/Liberation_of_Greece
1944-11-01|1944-12-01,Greece,*,,Greece,希腊,350,liberated,whole,Greece liberated; the Papandreou government returned on 18 October 1944,https://en.wikipedia.org/wiki/Liberation_of_Greece
1944-11-01,Albania,*,,Front line (contested),前线（双方争夺）,-20,front_line,approximate,German withdrawal from Albania (Tirana 17 November 1944),https://en.wikipedia.org/wiki/German_occupation_of_Albania
1944-12-01,Albania,*,,Albania (National Liberation Front),阿尔巴尼亚（民族解放阵线）,339,liberated,whole,Albania liberated by the National Liberation Army (29 November 1944),https://en.wikipedia.org/wiki/Albanian_resistance_during_World_War_II
1944-11-01|1944-12-01,Yugoslavia,*,base:rule:50,Yugoslavia (Partisans),南斯拉夫（游击队）,345,liberated,approximate,Vardar Macedonia after the Bulgarian withdrawal (October–November 1944),https://en.wikipedia.org/wiki/Yugoslav_Partisans
1944-04-01|1944-05-01|1944-06-01,India,*,IN-MN,Front line (contested),前线（双方争夺）,-20,front_line,approximate,Battle of Imphal (8 March – 3 July 1944),https://en.wikipedia.org/wiki/Battle_of_Imphal
1944-04-01|1944-05-01,India,*,IN-NL,Front line (contested),前线（双方争夺）,-20,front_line,approximate,Battle of Kohima (4 April – 22 June 1944),https://en.wikipedia.org/wiki/Battle_of_Kohima
1944-06-01|1944-07-01,Myanmar (Burma),*,MM-11,Front line (contested),前线（双方争夺）,-20,front_line,approximate,Siege of Myitkyina (17 May – 3 August 1944),https://en.wikipedia.org/wiki/Siege_of_Myitkyina
1944-08-01|1944-09-01|1944-10-01|1944-11-01|1944-12-01,Myanmar (Burma),*,MM-11,United Kingdom,英国,200,colony,approximate,Northern Burma (Myitkyina 3 August 1944),https://en.wikipedia.org/wiki/Burma_campaign_1944
1944-07-01|1944-08-01|1944-09-01|1944-10-01|1944-11-01|1944-12-01,China,*,CN-HA,Japan,日本,740,military_occupation,approximate,Henan taken in Operation Ichi-Go (Luoyang 25 May 1944),https://en.wikipedia.org/wiki/Operation_Ichi-Go
1944-07-01,China,*,CN-HN,Front line (contested),前线（双方争夺）,-20,front_line,approximate,Changsha (18 June) and the siege of Hengyang,https://en.wikipedia.org/wiki/Defense_of_Hengyang
1944-08-01|1944-09-01|1944-10-01|1944-11-01|1944-12-01,China,*,CN-HN,Japan,日本,740,military_occupation,approximate,Hunan taken (Hengyang 8 August 1944),https://en.wikipedia.org/wiki/Operation_Ichi-Go
1944-10-01,China,*,CN-GX,Front line (contested),前线（双方争夺）,-20,front_line,approximate,Battle of Guilin–Liuzhou,https://en.wikipedia.org/wiki/Battle_of_Guilin%E2%80%93Liuzhou
1944-11-01|1944-12-01,China,*,CN-GX,Japan,日本,740,military_occupation,approximate,Guilin and Liuzhou taken (10–11 November 1944),https://en.wikipedia.org/wiki/Battle_of_Guilin%E2%80%93Liuzhou
1944-01-01|1944-02-01|1944-03-01|1944-04-01,New Guinea (German New Guinea) (Kaiser Wilhelmsland),*,PG-MPM,Front line (contested),前线（双方争夺）,-20,front_line,approximate,"Huon Peninsula and Madang (Saidor 2 January, Madang 24 April 1944)",https://en.wikipedia.org/wiki/Huon_Peninsula_campaign
1944-01-01|1944-02-01,New Guinea (German New Guinea) (Kaiser Wilhelmsland),*,PG-WBK,Front line (contested),前线（双方争夺）,-20,front_line,approximate,"New Britain campaign (Cape Gloucester, 26 December 1943)",https://en.wikipedia.org/wiki/New_Britain_campaign
1944-01-01|1944-02-01,New Guinea (German New Guinea) (Kaiser Wilhelmsland),*,PG-MRL,Japan,日本,740,military_occupation,approximate,Admiralty Islands Japanese until the landings of 29 February 1944,https://en.wikipedia.org/wiki/Admiralty_Islands_campaign
1944-03-01,New Guinea (German New Guinea) (Kaiser Wilhelmsland),*,PG-MRL,Front line (contested),前线（双方争夺）,-20,front_line,approximate,Admiralty Islands campaign (29 February – 18 May 1944),https://en.wikipedia.org/wiki/Admiralty_Islands_campaign
1944-05-01|1944-06-01|1944-07-01|1944-08-01|1944-09-01|1944-10-01|1944-11-01|1944-12-01,New Guinea (German New Guinea) (Kaiser Wilhelmsland),*,PG-ESW,Front line (contested),前线（双方争夺）,-20,front_line,approximate,Aitape (22 April 1944) and the Driniumor river,https://en.wikipedia.org/wiki/Battle_of_Driniumor_River
1944-05-01|1944-06-01|1944-07-01,Indonesia,*,ID-PA,Front line (contested),前线（双方争夺）,-20,front_line,approximate,Hollandia (22 April) and Biak (27 May 1944),https://en.wikipedia.org/wiki/Western_New_Guinea_campaign
1944-08-01|1944-09-01|1944-10-01|1944-11-01|1944-12-01,Indonesia,*,ID-PA|ID-PB,United States,美国,2,military_occupation,approximate,Western New Guinea coast held by the Allies (Sansapor 30 July 1944),https://en.wikipedia.org/wiki/Western_New_Guinea_campaign
1944-11-01|1944-12-01,Philippines,*,PH-LEY|PH-SLE,Front line (contested),前线（双方争夺）,-20,front_line,approximate,Battle of Leyte (20 October 1944),https://en.wikipedia.org/wiki/Battle_of_Leyte
1944-01-01,South Seas Mandate*,*,base:rule:92,Japan,日本,740,military_occupation,whole,Japanese until the Marshall Islands landings (Kwajalein 31 January 1944),https://en.wikipedia.org/wiki/Gilbert_and_Marshall_Islands_campaign
