snapshot,unit_name_zh,unit_name_en,population_est,provinces,finest_tier,pop_share_province,pop_share_region_or_finer
1946-06-26,中华民国,Republic of China,532778432.0,44.0,3.0,0.998,0.998
1946-06-26,英属印度,British India,393271388.0,43.0,3.0,0.744,0.745
1946-06-26,苏联,Soviet Union,173999999.0,113.0,3.0,0.763,1.0
1946-06-26,美国,United States,140641302.0,50.0,3.0,1.0,1.0
1946-06-26,大日本帝国,Empire of Japan,80732897.0,47.0,3.0,1.0,1.0
1946-06-26,印度尼西亚,Indonesia,64644864.0,24.0,3.0,0.997,0.997
1946-06-26,西方盟国占领区（德国）,Western occupation zones of Germany,51824416.0,25.0,3.0,1.0,1.0
1946-06-26,英国,United Kingdom,49006415.0,5.0,3.0,1.0,1.0
1946-06-26,巴西,Brazil,47214653.0,28.0,3.0,1.0,1.0
1946-06-26,意大利,Italy,46039019.0,29.0,3.0,0.883,0.883
1946-06-26,法国,France,39872499.0,94.0,3.0,1.0,1.0
1946-06-26,英属尼日利亚,British Nigeria,31859732.0,1.0,3.0,0.001,0.001
1946-06-26,西班牙,Spain,27118973.0,14.0,3.0,0.932,0.932
1946-06-26,墨西哥,Mexico,24285019.0,32.0,3.0,1.0,1.0
1946-06-26,法属印度支那（东京、安南、交趾支那）,French Indochina (Tonkin/Annam/Cochinchina),24030275.0,5.0,3.0,1.0,1.0
1946-06-26,波兰,Poland,23964336.0,8.0,3.0,0.374,0.374
1946-06-26,埃及,Egypt,19825081.0,0.0,5.0,0.0,0.0
1946-06-26,土耳其,Turkey,19053504.0,0.0,5.0,0.0,0.0
1946-06-26,美军占领区（朝鲜南部）,US occupation zone of Korea,18484400.0,8.0,3.0,1.0,1.0
1946-06-26,暹罗,Siam,17894089.0,8.0,3.0,0.062,0.062
1946-06-26,英属缅甸,British Burma,17536396.0,10.0,3.0,0.999,0.999
1946-06-26,埃塞俄比亚,Ethiopia,16680878.0,0.0,5.0,0.0,0.0
1946-06-26,美属菲律宾,US Philippines,16599457.0,50.0,3.0,1.0,1.0
1946-06-26,罗马尼亚,Romania,16352282.0,15.0,3.0,0.213,0.213
1946-06-26,伊朗,Iran,15696932.0,0.0,5.0,0.0,0.0
1946-06-26,阿根廷,Argentina,15554131.0,16.0,3.0,0.562,0.562
1946-06-26,苏联占领区（德国）,Soviet occupation zone of Germany,15344767.0,11.0,3.0,0.78,0.78
1946-06-26,南斯拉夫,Yugoslavia,15186001.0,8.0,3.0,1.0,1.0
1946-06-26,捷克斯洛伐克,Czechoslovakia,12920001.0,5.0,3.0,0.093,0.093
1946-06-26,加拿大,Canada,12337952.0,11.0,3.0,0.999,0.999
1946-06-26,南非联邦,Union of South Africa,11978688.0,5.0,3.0,1.0,1.0
1946-06-26,比属刚果,Belgian Congo,11828797.0,0.0,5.0,0.0,0.0
1946-06-26,哥伦比亚,Colombia,10496509.0,25.0,3.0,1.0,1.0
1946-06-26,苏联占领区（朝鲜北部）,Soviet occupation zone of Korea,10434400.0,7.0,3.0,1.0,1.0
1946-06-26,荷兰,Netherlands,9566339.0,4.0,3.0,0.343,1.0
1946-06-26,匈牙利,Hungary,9041999.0,6.0,3.0,0.059,0.059
1946-06-26,法属阿尔及利亚,French Algeria,8550709.0,1.0,3.0,1.0,1.0
1946-06-26,英埃苏丹,Anglo-Egyptian Sudan,8465372.0,0.0,5.0,0.0,0.0
1946-06-26,葡萄牙,Portugal,8131895.0,3.0,3.0,0.038,0.038
1946-06-26,比利时,Belgium,8080840.0,10.0,3.0,1.0,1.0
1946-06-26,尼泊尔,Nepal,7867705.0,0.0,5.0,0.0,0.0
1946-06-26,澳大利亚,Australia,7490884.0,8.0,3.0,1.0,1.0
1946-06-26,阿富汗,Afghanistan,7365000.0,1.0,3.0,0.026,0.035
1946-06-26,法属摩洛哥,French protectorate of Morocco,7275383.0,0.0,5.0,0.0,0.0
1946-06-26,希腊,Greece,7238536.0,0.0,5.0,0.0,0.0
1946-06-26,秘鲁,Peru,7167436.0,25.0,3.0,0.997,0.997
1946-06-26,坦噶尼喀领地（英国管理）,Tanganyika Territory (British),7083232.0,0.0,5.0,0.0,0.0
1946-06-26,奥地利,Austria,6892357.0,10.0,3.0,1.0,1.0
1946-06-26,保加利亚,Bulgaria,6751205.0,2.0,3.0,0.032,0.032
1946-06-26,瑞典,Sweden,6706900.0,23.0,3.0,0.177,0.177
1946-06-26,英属锡兰,British Ceylon,6669233.0,9.0,3.0,1.0,1.0
1946-06-26,智利,Chile,6165350.0,18.0,3.0,0.825,0.852
1946-06-26,葡属莫桑比克,Portuguese Mozambique,5658479.0,0.0,5.0,0.0,0.0
1946-06-26,法属科特迪瓦,French Côte d'Ivoire,5386199.0,1.0,3.0,0.641,0.641
1946-06-26,法属苏丹,French Sudan,5334950.0,1.0,3.0,0.859,0.859
1946-06-26,乌干达保护国,Uganda Protectorate,5267873.0,1.0,3.0,0.037,0.037
1946-06-26,伊拉克,Iraq,5209745.0,1.0,3.0,0.0,0.0
1946-06-26,古巴,Cuba,5168543.0,6.0,3.0,1.0,1.0
1946-06-26,英属肯尼亚,Kenya Colony,4780698.0,0.0,5.0,0.0,0.0
1946-06-26,瑞士,Switzerland,4515723.0,26.0,3.0,1.0,1.0
1946-06-26,英属马来亚,British Malaya,4452811.0,10.0,3.0,1.0,1.0
1946-06-26,委内瑞拉,Venezuela,4389999.0,1.0,3.0,0.012,0.03
1946-06-26,卢旺达-乌隆迪（比利时管理）,Ruanda-Urundi (Belgian),4380150.0,2.0,3.0,1.0,1.0
1946-06-26,葡属安哥拉,Portuguese Angola,4374066.0,0.0,5.0,0.0,0.0
1946-06-26,英属黄金海岸,Gold Coast,4302410.0,1.0,3.0,0.023,0.35
1946-06-26,法属柬埔寨（保护国）,French Cambodia (protectorate),4178135.0,2.0,3.0,1.0,1.0
1946-06-26,丹麦,Denmark,4093804.0,18.0,3.0,0.96,0.96
1946-06-26,法属马达加斯加,French Madagascar,4055490.0,0.0,5.0,0.0,0.0
1946-06-26,芬兰,Finland,3817476.0,0.0,5.0,0.0,0.0
1946-06-26,叙利亚,Syria,3387788.0,0.0,5.0,0.0,0.0
1946-06-26,法属突尼斯,French protectorate of Tunisia,3369420.0,0.0,5.0,0.0,0.0
1946-06-26,玻利维亚,Bolivia,3180270.0,10.0,3.0,1.0,1.0
1946-06-26,也门王国,Kingdom of Yemen,3140000.0,0.0,4.0,0.0,0.027
1946-06-26,挪威,Norway,3125796.0,1.0,3.0,0.0,0.0
1946-06-26,法属喀麦隆,French Cameroun,3121248.0,2.0,3.0,0.133,0.133
1946-06-26,法属尼日尔,French Niger,3069202.0,1.0,3.0,1.0,1.0
1946-06-26,海地,Haiti,3059380.0,0.0,5.0,0.0,0.0
1946-06-26,厄瓜多尔,Ecuador,3024250.0,19.0,3.0,1.0,1.0
1946-06-26,爱尔兰,Ireland,2936204.0,27.0,3.0,1.0,1.0
1946-06-26,沙特阿拉伯,Saudi Arabia,2930000.0,2.0,3.0,0.006,0.006
1946-06-26,法属几内亚,French Guinea,2904574.0,1.0,3.0,1.0,1.0
1946-06-26,南罗得西亚,Southern Rhodesia,2698760.0,0.0,5.0,0.0,0.0
1946-06-26,危地马拉,Guatemala,2658384.0,22.0,3.0,1.0,1.0
1946-06-26,法属塞内加尔,French Senegal,2475038.0,0.0,5.0,0.0,0.0
1946-06-26,尼亚萨兰,Nyasaland,2306003.0,0.0,5.0,0.0,0.0
1946-06-26,法属乍得,French Chad,2211451.0,0.0,5.0,0.0,0.0
1946-06-26,乌拉圭,Uruguay,2148226.0,21.0,3.0,1.0,1.0
1946-06-26,法属达荷美,French Dahomey,2138222.0,1.0,3.0,1.0,1.0
1946-06-26,北罗得西亚,Northern Rhodesia,2100032.0,0.0,5.0,0.0,0.0
1946-06-26,萨尔瓦多,El Salvador,2016480.0,14.0,3.0,1.0,1.0
1946-06-26,波多黎各,Puerto Rico,2010149.0,4.0,3.0,1.0,1.0
1946-06-26,多米尼加,Dominican Republic,1975995.0,0.0,5.0,0.0,0.0
1946-06-26,英国委任统治巴勒斯坦,Mandatory Palestine (British),1950249.0,0.0,5.0,0.0,0.0
1946-06-26,英属塞拉利昂,British Sierra Leone,1948519.0,0.0,5.0,0.0,0.0
1946-06-26,新西兰,New Zealand,1750132.0,0.0,5.0,0.0,0.0
1946-06-26,法属老挝,French Laos,1630782.0,3.0,3.0,1.0,1.0
1946-06-26,英国管理下的索马里,Somalia (British administration),1606125.0,0.0,5.0,0.0,0.0
1946-06-26,西藏,Tibet,1514380.0,5.0,3.0,0.997,0.997
1946-06-26,英属喀麦隆,British Cameroons,1474646.0,2.0,3.0,0.963,0.963
1946-06-26,法属多哥,French Togoland,1375912.0,1.0,3.0,1.0,1.0
1946-06-26,洪都拉斯,Honduras,1367154.0,19.0,3.0,1.0,1.0
1946-06-26,巴拉圭,Paraguay,1318448.0,16.0,3.0,0.996,0.996
1946-06-26,英属牙买加,British Jamaica,1299464.0,0.0,5.0,0.0,0.0
1946-06-26,法属乌班吉沙立,French Ubangi-Shari,1275028.0,0.0,5.0,0.0,0.0
1946-06-26,黎巴嫩,Lebanon,1250015.0,0.0,5.0,0.0,0.0
1946-06-26,尼加拉瓜,Nicaragua,1162824.0,15.0,3.0,1.0,1.0
1946-06-26,西属摩洛哥,Spanish Morocco,1149425.0,3.0,3.0,0.0,0.0
1946-06-26,新几内亚领地（澳大利亚管理）,Territory of New Guinea (Australian),1146408.0,1.0,3.0,0.007,1.0
1946-06-26,阿尔巴尼亚,Albania,1138000.0,2.0,3.0,0.036,0.036
1946-06-26,英法管理下的利比亚,Libya (British/French administration),1108403.0,0.0,5.0,0.0,0.0
1946-06-26,英属新加坡,Singapore (British),899167.0,0.0,5.0,0.0,0.0
1946-06-26,利比里亚,Liberia,885871.0,0.0,5.0,0.0,0.0
1946-06-26,哥斯达黎加,Costa Rica,829283.0,7.0,3.0,1.0,1.0
1946-06-26,法属刚果,French Congo (Middle Congo),814013.0,0.0,5.0,0.0,0.0
1946-06-26,巴拿马,Panama,795880.0,10.0,3.0,1.0,1.0
1946-06-26,蒙古,Mongolia,772370.0,3.0,3.0,0.023,0.023
1946-06-26,英国管理下的厄立特里亚,Eritrea (British administration),768408.0,0.0,5.0,0.0,0.0
1946-06-26,北婆罗洲,North Borneo,737919.0,0.0,5.0,0.0,0.0
1946-06-26,英属特立尼达和多巴哥,British Trinidad and Tobago,650767.0,0.0,5.0,0.0,0.0
1946-06-26,法属毛里塔尼亚,French Mauritania,648604.0,1.0,3.0,1.0,1.0
1946-06-26,沙捞越,Sarawak,633171.0,0.0,5.0,0.0,0.0
1946-06-26,夏威夷（美国领地）,Territory of Hawaii,583974.0,1.0,3.0,1.0,1.0
1946-06-26,巴苏陀兰,Basutoland,542809.0,0.0,5.0,0.0,0.0
1946-06-26,葡属几内亚,Portuguese Guinea,523826.0,0.0,5.0,0.0,0.0
1946-06-26,英属索马里兰,British Somaliland,517439.0,0.0,5.0,0.0,0.0
1946-06-26,法属加蓬,French Gabon,516770.0,0.0,5.0,0.0,0.0
1946-06-26,亚丁,Aden,496827.0,0.0,4.0,0.0,0.016
1946-06-26,英属毛里求斯,British Mauritius,471539.0,3.0,3.0,0.0,0.0
1946-06-26,英属塞浦路斯,British Cyprus,452396.0,0.0,5.0,0.0,0.0
1946-06-26,巴布亚领地（澳大利亚）,Territory of Papua (Australian),451765.0,1.0,3.0,1.0,1.0
1946-06-26,英属斐济,British Fiji,430844.0,1.0,3.0,0.003,0.003
1946-06-26,葡属帝汶,Portuguese Timor,420735.0,0.0,5.0,0.0,0.0
1946-06-26,马斯喀特和阿曼,Muscat and Oman,417680.0,0.0,4.0,0.0,0.042
1946-06-26,外约旦,Transjordan,411939.0,0.0,5.0,0.0,0.0
1946-06-26,马提尼克,Martinique,407863.0,0.0,5.0,0.0,0.0
1946-06-26,英属圭亚那,British Guiana,402734.0,3.0,3.0,1.0,1.0
1946-06-26,西南非洲（南非管理）,South West Africa (South African administration),396119.0,1.0,3.0,1.0,1.0
1946-06-26,留尼汪,Réunion,390523.0,0.0,5.0,0.0,0.0
1946-06-26,瓜德罗普,Guadeloupe,378862.0,2.0,3.0,1.0,1.0
1946-06-26,东亚丁保护地,East Aden Protectorate,318551.0,0.0,4.0,0.0,0.101
1946-06-26,英属多哥兰,British Togoland,315114.0,1.0,3.0,0.375,0.375
1946-06-26,贝专纳保护地,Bechuanaland Protectorate,308955.0,0.0,5.0,0.0,0.0
1946-06-26,英属冈比亚,British Gambia,298337.0,0.0,5.0,0.0,0.0
1946-06-26,英属马耳他,British Malta,287789.0,0.0,5.0,0.0,0.0
1946-06-26,纽芬兰自治领,Dominion of Newfoundland,284870.0,1.0,3.0,0.013,0.013
1946-06-26,卢森堡,Luxembourg,282888.0,3.0,3.0,1.0,1.0
1946-06-26,阿拉斯加（美国领地）,Alaska (US territory),245754.0,1.0,3.0,1.0,1.0
1946-06-26,桑给巴尔（英国保护国）,Zanzibar (British protectorate),209169.0,0.0,5.0,0.0,0.0
1946-06-26,西属几内亚,Spanish Guinea,199976.0,0.0,5.0,0.0,0.0
1946-06-26,斯威士兰（英国保护地）,Swaziland (British protectorate),198129.0,0.0,5.0,0.0,0.0
1946-06-26,英属巴巴多斯,British Barbados,194142.0,11.0,3.0,1.0,1.0
1946-06-26,荷属苏里南,Dutch Suriname,185279.0,0.0,4.0,0.0,1.0
1946-06-26,葡属佛得角,Portuguese Cape Verde,177707.0,0.0,5.0,0.0,0.0
1946-06-26,英属所罗门群岛,British Solomon Islands,172383.0,0.0,5.0,0.0,0.0
1946-06-26,科威特（英国保护国）,Kuwait (British protectorate),170000.0,0.0,6.0,0.0,0.0
1946-06-26,不丹,Bhutan,159005.0,1.0,3.0,0.008,0.008
1946-06-26,冰岛,Iceland,139848.0,1.0,3.0,0.0,0.0
1946-06-26,巴林（英国保护国）,Bahrain (British protectorate),115000.0,0.0,6.0,0.0,0.0
1946-06-26,多德卡尼斯群岛（英国军事管理）,Dodecanese (British Military Administration),115000.0,0.0,6.0,0.0,0.0
1946-06-26,特鲁西尔诸国（休战诸国）,Trucial States,108502.0,0.0,5.0,0.0,0.0
1946-06-26,新喀里多尼亚,New Caledonia,94004.0,1.0,3.0,1.0,1.0
1946-06-26,西萨摩亚（新西兰托管地）,Western Samoa (New Zealand trust territory),80000.0,0.0,6.0,0.0,0.0
1946-06-26,英属巴哈马,British Bahamas,79610.0,1.0,3.0,0.034,0.034
1946-06-26,马尔代夫（英国保护国）,Maldives (British protectorate),76715.0,0.0,5.0,0.0,0.0
1946-06-26,格林纳达（英属向风群岛）,Grenada (British Windward Islands),72000.0,1.0,3.0,1.0,1.0
1946-06-26,圣卢西亚（英属向风群岛）,St Lucia (British Windward Islands),70000.0,1.0,3.0,1.0,1.0
1946-06-26,圣文森特（英属向风群岛）,St Vincent (British Windward Islands),61000.0,1.0,3.0,1.0,1.0
1946-06-26,法属索马里,French Somaliland,60254.0,0.0,5.0,0.0,0.0
1946-06-26,圣多美和普林西比（葡属）,São Tomé and Príncipe (Portuguese),60000.0,0.0,6.0,0.0,0.0
1946-06-26,英属洪都拉斯,British Honduras,59187.0,5.0,3.0,1.0,1.0
1946-06-26,原南洋群岛（美国军政府）,Former South Seas Mandate (US military government),50000.0,0.0,6.0,0.0,0.0
1946-06-26,多米尼克（英属）,Dominica (British),47000.0,1.0,3.0,1.0,1.0
1946-06-26,新赫布里底（英法共管地）,New Hebrides (Anglo-French condominium),45000.0,0.0,6.0,0.0,0.0
1946-06-26,法属圭亚那,French Guiana,44866.0,1.0,3.0,1.0,1.0
1946-06-26,西属西非,Spanish West Africa,44482.0,0.0,5.0,0.0,0.0
1946-06-26,圣基茨和尼维斯（英属背风群岛）,St Kitts-Nevis (British Leeward Islands),41000.0,1.0,3.0,1.0,1.0
1946-06-26,安提瓜（英属背风群岛）,Antigua (British Leeward Islands),40000.0,2.0,3.0,1.0,1.0
1946-06-26,文莱（英国保护国）,Brunei (British protectorate),37211.0,0.0,5.0,0.0,0.0
1946-06-26,吉尔伯特和埃利斯群岛（英属）,Gilbert and Ellice Islands (British),35000.0,0.0,6.0,0.0,0.0
1946-06-26,汤加（英国保护国）,Tonga (British protectorate),34000.0,0.0,6.0,0.0,0.0
1946-06-26,塞舌尔（英属）,Seychelles (British),32000.0,0.0,6.0,0.0,0.0
1946-06-26,卡塔尔（英国保护国）,Qatar (British protectorate),30856.0,0.0,5.0,0.0,0.0
1946-06-26,关岛（美国属地）,Guam (US territory),22000.0,1.0,3.0,1.0,1.0
1946-06-26,格陵兰（丹麦殖民地）,Greenland (Danish colony),18000.0,1.0,3.0,0.008,1.0
1946-06-26,美属萨摩亚（美国属地）,American Samoa (US territory),13000.0,1.0,3.0,1.0,1.0
1946-06-26,纽埃（新西兰属地）,Niue (New Zealand),4000.0,1.0,3.0,1.0,1.0
1946-06-26,瑙鲁（澳大利亚管理的托管地）,Nauru (Australian-administered trust territory),3000.0,0.0,6.0,0.0,0.0
1947-08-15,中华民国,Republic of China,538814789.0,41.0,3.0,0.998,0.998
1947-08-15,印度,India,326368358.0,34.0,3.0,0.68,0.68
1947-08-15,苏联,Soviet Union,173600002.0,113.0,3.0,0.763,1.0
1947-08-15,美国,United States,144040175.0,50.0,3.0,1.0,1.0
1947-08-15,日本,Japan,82103424.0,47.0,3.0,1.0,1.0
1947-08-15,巴基斯坦,Pakistan,71559999.0,12.0,3.0,1.0,1.0
1947-08-15,印度尼西亚,Indonesia,65503438.0,20.0,3.0,1.0,1.0
1947-08-15,西方盟国占领区（德国）,Western occupation zones of Germany,51902868.0,27.0,3.0,1.0,1.0
1947-08-15,英国,United Kingdom,49281774.0,5.0,3.0,1.0,1.0
1947-08-15,巴西,Brazil,48336946.0,26.0,3.0,1.0,1.0
1947-08-15,意大利,Italy,46351045.0,30.0,3.0,0.887,0.887
1947-08-15,法国,France,40334444.0,93.0,3.0,1.0,1.0
1947-08-15,英属尼日利亚,British Nigeria,33022236.0,1.0,3.0,0.001,0.001
1947-08-15,西班牙,Spain,27331753.0,14.0,3.0,0.932,0.932
1947-08-15,墨西哥,Mexico,24990333.0,32.0,3.0,1.0,1.0
1947-08-15,法属印度支那（东京、安南、交趾支那）,French Indochina (Tonkin/Annam/Cochinchina),24277818.0,5.0,3.0,1.0,1.0
1947-08-15,波兰,Poland,23667470.0,7.0,3.0,0.147,0.147
1947-08-15,埃及,Egypt,20134014.0,0.0,5.0,0.0,0.0
1947-08-15,土耳其,Turkey,19504179.0,0.0,5.0,0.0,0.0
1947-08-15,美军占领区（朝鲜南部）,US occupation zone of Korea,19166586.0,10.0,3.0,1.0,1.0
1947-08-15,暹罗,Siam,18325926.0,8.0,3.0,0.062,0.062
1947-08-15,英属缅甸,British Burma,17574881.0,10.0,3.0,0.999,0.999
1947-08-15,菲律宾,Philippines,17097369.0,50.0,3.0,1.0,1.0
1947-08-15,埃塞俄比亚,Ethiopia,16917656.0,0.0,5.0,0.0,0.0
1947-08-15,罗马尼亚,Romania,16343940.0,15.0,3.0,0.213,0.213
1947-08-15,伊朗,Iran,15893214.0,0.0,5.0,0.0,0.0
1947-08-15,阿根廷,Argentina,15857722.0,16.0,3.0,0.562,0.562
1947-08-15,南斯拉夫,Yugoslavia,15539001.0,8.0,3.0,1.0,1.0
1947-08-15,苏联占领区（德国）,Soviet occupation zone of Germany,15367939.0,14.0,3.0,0.777,0.777
1947-08-15,加拿大,Canada,12590174.0,11.0,3.0,0.999,0.999
1947-08-15,南非联邦,Union of South Africa,12240201.0,5.0,3.0,1.0,1.0
1947-08-15,捷克斯洛伐克,Czechoslovakia,12160000.0,3.0,3.0,0.046,0.046
1947-08-15,比属刚果,Belgian Congo,11907930.0,0.0,5.0,0.0,0.0
1947-08-15,哥伦比亚,Colombia,10777408.0,25.0,3.0,1.0,1.0
1947-08-15,苏联占领区（朝鲜北部）,Soviet occupation zone of Korea,10629763.0,7.0,3.0,1.0,1.0
1947-08-15,荷兰,Netherlands,9746543.0,4.0,3.0,0.343,1.0
1947-08-15,匈牙利,Hungary,9066105.0,6.0,3.0,0.067,0.067
1947-08-15,法属阿尔及利亚,French Algeria,8658941.0,1.0,3.0,1.0,1.0
1947-08-15,英埃苏丹,Anglo-Egyptian Sudan,8503291.0,0.0,5.0,0.0,0.0
1947-08-15,葡萄牙,Portugal,8204752.0,3.0,3.0,0.038,0.038
1947-08-15,比利时,Belgium,8150869.0,10.0,3.0,1.0,1.0
1947-08-15,尼泊尔,Nepal,7948715.0,0.0,5.0,0.0,0.0
1947-08-15,澳大利亚,Australia,7599703.0,8.0,3.0,1.0,1.0
1947-08-15,阿富汗,Afghanistan,7435740.0,1.0,3.0,0.026,0.035
1947-08-15,法属摩洛哥,French protectorate of Morocco,7386436.0,0.0,5.0,0.0,0.0
1947-08-15,希腊,Greece,7377274.0,0.0,5.0,0.0,0.0
1947-08-15,秘鲁,Peru,7290155.0,25.0,3.0,0.997,0.997
1947-08-15,坦噶尼喀领地（英国管理）,Tanganyika Territory (British),7242866.0,0.0,5.0,0.0,0.0
1947-08-15,奥地利,Austria,6944237.0,10.0,3.0,1.0,1.0
1947-08-15,英属锡兰,British Ceylon,6862093.0,9.0,3.0,1.0,1.0
1947-08-15,保加利亚,Bulgaria,6811627.0,2.0,3.0,0.032,0.032
1947-08-15,瑞典,Sweden,6782141.0,23.0,3.0,0.177,0.177
1947-08-15,智利,Chile,6279181.0,18.0,3.0,0.825,0.852
1947-08-15,葡属莫桑比克,Portuguese Mozambique,5708406.0,0.0,5.0,0.0,0.0
1947-08-15,乌干达保护国,Uganda Protectorate,5372391.0,1.0,3.0,0.037,0.037
1947-08-15,伊拉克,Iraq,5320865.0,1.0,3.0,0.0,0.0
1947-08-15,古巴,Cuba,5283362.0,6.0,3.0,1.0,1.0
1947-08-15,委内瑞拉,Venezuela,5105219.0,1.0,3.0,0.012,0.03
1947-08-15,英属肯尼亚,Kenya Colony,4935535.0,0.0,5.0,0.0,0.0
1947-08-15,瑞士,Switzerland,4572681.0,26.0,3.0,1.0,1.0
1947-08-15,法属苏丹,French Sudan,4567986.0,1.0,3.0,1.0,1.0
1947-08-15,英属马来亚,British Malaya,4508366.0,10.0,3.0,1.0,1.0
1947-08-15,葡属安哥拉,Portuguese Angola,4419917.0,0.0,5.0,0.0,0.0
1947-08-15,卢旺达-乌隆迪（比利时管理）,Ruanda-Urundi (Belgian),4411263.0,2.0,3.0,1.0,1.0
1947-08-15,英属黄金海岸,Gold Coast,4407271.0,1.0,3.0,0.023,0.35
1947-08-15,法属柬埔寨（保护国）,French Cambodia (protectorate),4217581.0,2.0,3.0,1.0,1.0
1947-08-15,丹麦,Denmark,4142093.0,18.0,3.0,0.96,0.96
1947-08-15,法属上沃尔特,French Upper Volta,4109061.0,1.0,3.0,0.146,0.146
1947-08-15,芬兰,Finland,3868610.0,0.0,5.0,0.0,0.0
1947-08-15,法属马达加斯加,French Madagascar,3867743.0,0.0,5.0,0.0,0.0
1947-08-15,叙利亚,Syria,3437576.0,0.0,5.0,0.0,0.0
1947-08-15,法属突尼斯,French protectorate of Tunisia,3427656.0,0.0,5.0,0.0,0.0
1947-08-15,玻利维亚,Bolivia,3217348.0,10.0,3.0,1.0,1.0
1947-08-15,法属喀麦隆,French Cameroun,3193599.0,2.0,3.0,0.133,0.133
1947-08-15,也门王国,Kingdom of Yemen,3185001.0,0.0,4.0,0.0,0.027
1947-08-15,挪威,Norway,3162440.0,1.0,3.0,0.0,0.0
1947-08-15,厄瓜多尔,Ecuador,3107525.0,19.0,3.0,1.0,1.0
1947-08-15,海地,Haiti,3094145.0,0.0,5.0,0.0,0.0
1947-08-15,查谟和克什米尔（印控）,Jammu and Kashmir (Indian-administered),3019527.0,1.0,3.0,1.0,1.0
1947-08-15,沙特阿拉伯,Saudi Arabia,2995000.0,2.0,3.0,0.006,0.006
1947-08-15,爱尔兰,Ireland,2947123.0,27.0,3.0,1.0,1.0
1947-08-15,法属几内亚,French Guinea,2930276.0,1.0,3.0,1.0,1.0
1947-08-15,危地马拉,Guatemala,2729172.0,22.0,3.0,1.0,1.0
1947-08-15,南罗得西亚,Southern Rhodesia,2718113.0,0.0,5.0,0.0,0.0
1947-08-15,法属科特迪瓦,French Côte d'Ivoire,2674686.0,1.0,3.0,1.0,1.0
1947-08-15,法属尼日尔,French Niger,2542408.0,1.0,3.0,1.0,1.0
1947-08-15,法属塞内加尔,French Senegal,2491708.0,0.0,5.0,0.0,0.0
1947-08-15,尼亚萨兰,Nyasaland,2465905.0,0.0,5.0,0.0,0.0
1947-08-15,法属乍得,French Chad,2295634.0,0.0,5.0,0.0,0.0
1947-08-15,乌拉圭,Uruguay,2175598.0,21.0,3.0,1.0,1.0
1947-08-15,北罗得西亚,Northern Rhodesia,2161816.0,0.0,5.0,0.0,0.0
1947-08-15,法属达荷美,French Dahomey,2159409.0,1.0,3.0,1.0,1.0
1947-08-15,萨尔瓦多,El Salvador,2059397.0,14.0,3.0,1.0,1.0
1947-08-15,波多黎各,Puerto Rico,2050570.0,4.0,3.0,1.0,1.0
1947-08-15,多米尼加,Dominican Republic,2024315.0,0.0,5.0,0.0,0.0
1947-08-15,英国委任统治巴勒斯坦,Mandatory Palestine (British),2015021.0,0.0,5.0,0.0,0.0
1947-08-15,英属塞拉利昂,British Sierra Leone,1961613.0,0.0,5.0,0.0,0.0
1947-08-15,新西兰,New Zealand,1798525.0,0.0,5.0,0.0,0.0
1947-08-15,法属老挝,French Laos,1639611.0,3.0,3.0,1.0,1.0
1947-08-15,英国管理下的索马里,Somalia (British administration),1616255.0,0.0,5.0,0.0,0.0
1947-08-15,西藏,Tibet,1522389.0,5.0,3.0,0.997,0.997
1947-08-15,英属喀麦隆,British Cameroons,1517274.0,2.0,3.0,0.963,0.963
1947-08-15,洪都拉斯,Honduras,1398953.0,19.0,3.0,1.0,1.0
1947-08-15,法属多哥,French Togoland,1388113.0,1.0,3.0,1.0,1.0
1947-08-15,巴拉圭,Paraguay,1348756.0,16.0,3.0,0.996,0.996
1947-08-15,英属牙买加,British Jamaica,1327518.0,0.0,5.0,0.0,0.0
1947-08-15,法属乌班吉沙立,French Ubangi-Shari,1317753.0,0.0,5.0,0.0,0.0
1947-08-15,黎巴嫩,Lebanon,1277411.0,0.0,5.0,0.0,0.0
1947-08-15,尼加拉瓜,Nicaragua,1195465.0,15.0,3.0,1.0,1.0
1947-08-15,西属摩洛哥,Spanish Morocco,1166472.0,3.0,3.0,0.0,0.0
1947-08-15,阿尔巴尼亚,Albania,1154000.0,2.0,3.0,0.036,0.036
1947-08-15,新几内亚领地（澳大利亚管理）,Territory of New Guinea (Australian),1153469.0,1.0,3.0,0.008,1.0
1947-08-15,英法管理下的利比亚,Libya (British/French administration),1113946.0,0.0,5.0,0.0,0.0
1947-08-15,自由克什米尔（巴控）,Azad Kashmir (Pakistani-administered),937194.0,2.0,3.0,0.972,0.972
1947-08-15,英属新加坡,Singapore (British),926606.0,0.0,5.0,0.0,0.0
1947-08-15,利比里亚,Liberia,893181.0,0.0,5.0,0.0,0.0
1947-08-15,哥斯达黎加,Costa Rica,852632.0,7.0,3.0,1.0,1.0
1947-08-15,法属刚果,French Congo (Middle Congo),819937.0,0.0,5.0,0.0,0.0
1947-08-15,巴拿马,Panama,806242.0,10.0,3.0,1.0,1.0
1947-08-15,英国管理下的厄立特里亚,Eritrea (British administration),778623.0,0.0,5.0,0.0,0.0
1947-08-15,蒙古,Mongolia,773913.0,3.0,3.0,0.023,0.023
1947-08-15,北婆罗洲,North Borneo,749145.0,0.0,5.0,0.0,0.0
1947-08-15,英属特立尼达和多巴哥,British Trinidad and Tobago,669729.0,0.0,5.0,0.0,0.0
1947-08-15,法属毛里塔尼亚,French Mauritania,651333.0,1.0,3.0,1.0,1.0
1947-08-15,沙捞越,Sarawak,641141.0,0.0,5.0,0.0,0.0
1947-08-15,夏威夷（美国领地）,Territory of Hawaii,593114.0,1.0,3.0,1.0,1.0
1947-08-15,巴苏陀兰,Basutoland,546941.0,0.0,5.0,0.0,0.0
1947-08-15,葡属几内亚,Portuguese Guinea,527325.0,0.0,5.0,0.0,0.0
1947-08-15,法属加蓬,French Gabon,521094.0,0.0,5.0,0.0,0.0
1947-08-15,英属索马里兰,British Somaliland,520701.0,0.0,5.0,0.0,0.0
1947-08-15,亚丁,Aden,500510.0,0.0,4.0,0.0,0.016
1947-08-15,英属毛里求斯,British Mauritius,484537.0,3.0,3.0,0.0,0.0
1947-08-15,英属塞浦路斯,British Cyprus,462139.0,0.0,5.0,0.0,0.0
1947-08-15,巴布亚领地（澳大利亚）,Territory of Papua (Australian),454611.0,2.0,3.0,1.0,1.0
1947-08-15,英属斐济,British Fiji,443624.0,1.0,3.0,0.003,0.003
1947-08-15,葡属帝汶,Portuguese Timor,419072.0,1.0,3.0,0.078,0.078
1947-08-15,西南非洲（南非管理）,South West Africa (South African administration),418904.0,1.0,3.0,1.0,1.0
1947-08-15,马斯喀特和阿曼,Muscat and Oman,417991.0,0.0,4.0,0.0,0.042
1947-08-15,外约旦,Transjordan,414798.0,0.0,5.0,0.0,0.0
1947-08-15,马提尼克,Martinique,414773.0,0.0,5.0,0.0,0.0
1947-08-15,英属圭亚那,British Guiana,405519.0,3.0,3.0,1.0,1.0
1947-08-15,留尼汪,Réunion,395086.0,0.0,5.0,0.0,0.0
1947-08-15,瓜德罗普,Guadeloupe,383663.0,2.0,3.0,1.0,1.0
1947-08-15,贝专纳保护地,Bechuanaland Protectorate,327995.0,0.0,5.0,0.0,0.0
1947-08-15,英属多哥兰,British Togoland,322565.0,1.0,3.0,0.375,0.375
1947-08-15,东亚丁保护地,East Aden Protectorate,320911.0,0.0,4.0,0.0,0.101
1947-08-15,英属冈比亚,British Gambia,300561.0,0.0,5.0,0.0,0.0
1947-08-15,纽芬兰自治领,Dominion of Newfoundland,290658.0,1.0,3.0,0.013,0.013
1947-08-15,英属马耳他,British Malta,289665.0,0.0,5.0,0.0,0.0
1947-08-15,卢森堡,Luxembourg,284730.0,3.0,3.0,1.0,1.0
1947-08-15,阿拉斯加（美国领地）,Alaska (US territory),249626.0,1.0,3.0,1.0,1.0
1947-08-15,法属科摩罗,French Comoros,216130.0,0.0,5.0,0.0,0.0
1947-08-15,桑给巴尔（英国保护国）,Zanzibar (British protectorate),213884.0,0.0,5.0,0.0,0.0
1947-08-15,斯威士兰（英国保护地）,Swaziland (British protectorate),212230.0,0.0,5.0,0.0,0.0
1947-08-15,西属几内亚,Spanish Guinea,206930.0,0.0,5.0,0.0,0.0
1947-08-15,英属巴巴多斯,British Barbados,197446.0,11.0,3.0,1.0,1.0
1947-08-15,荷属苏里南,Dutch Suriname,186682.0,0.0,4.0,0.0,1.0
1947-08-15,葡属佛得角,Portuguese Cape Verde,179302.0,0.0,5.0,0.0,0.0
1947-08-15,英属所罗门群岛,British Solomon Islands,173351.0,0.0,5.0,0.0,0.0
1947-08-15,科威特（英国保护国）,Kuwait (British protectorate),170000.0,0.0,6.0,0.0,0.0
1947-08-15,不丹,Bhutan,160558.0,1.0,3.0,0.008,0.008
1947-08-15,冰岛,Iceland,140773.0,1.0,3.0,0.0,0.0
1947-08-15,巴林（英国保护国）,Bahrain (British protectorate),115000.0,0.0,6.0,0.0,0.0
1947-08-15,多德卡尼斯群岛（希腊军事管理，意大利割让）,"Dodecanese (Greek military administration, ceded by Italy)",115000.0,0.0,6.0,0.0,0.0
1947-08-15,特鲁西尔诸国（休战诸国）,Trucial States,109145.0,0.0,5.0,0.0,0.0
1947-08-15,新喀里多尼亚,New Caledonia,94696.0,1.0,3.0,1.0,1.0
1947-08-15,英属巴哈马,British Bahamas,81178.0,1.0,3.0,0.034,0.034
1947-08-15,西萨摩亚（新西兰托管地）,Western Samoa (New Zealand trust territory),80000.0,0.0,6.0,0.0,0.0
1947-08-15,马尔代夫（英国保护国）,Maldives (British protectorate),76352.0,0.0,5.0,0.0,0.0
1947-08-15,法属波利尼西亚,French Polynesia,73332.0,1.0,3.0,1.0,1.0
1947-08-15,格林纳达（英属向风群岛）,Grenada (British Windward Islands),72000.0,1.0,3.0,1.0,1.0
1947-08-15,圣卢西亚（英属向风群岛）,St Lucia (British Windward Islands),70000.0,1.0,3.0,1.0,1.0
1947-08-15,圣文森特（英属向风群岛）,St Vincent (British Windward Islands),61000.0,1.0,3.0,1.0,1.0
1947-08-15,英属洪都拉斯,British Honduras,60954.0,5.0,3.0,1.0,1.0
1947-08-15,法属索马里,French Somaliland,60717.0,1.0,3.0,1.0,1.0
1947-08-15,圣多美和普林西比（葡属）,São Tomé and Príncipe (Portuguese),60000.0,0.0,6.0,0.0,0.0
1947-08-15,太平洋岛屿托管地（美国托管）,Trust Territory of the Pacific Islands (US),60000.0,1.0,3.0,0.997,0.997
1947-08-15,多米尼克（英属）,Dominica (British),47000.0,1.0,3.0,1.0,1.0
1947-08-15,法属圭亚那,French Guiana,45381.0,1.0,3.0,1.0,1.0
1947-08-15,西属西非,Spanish West Africa,45135.0,0.0,5.0,0.0,0.0
1947-08-15,新赫布里底（英法共管地）,New Hebrides (Anglo-French condominium),45000.0,0.0,6.0,0.0,0.0
1947-08-15,圣基茨和尼维斯（英属背风群岛）,St Kitts-Nevis (British Leeward Islands),41000.0,1.0,3.0,1.0,1.0
1947-08-15,安提瓜（英属背风群岛）,Antigua (British Leeward Islands),40000.0,2.0,3.0,1.0,1.0
1947-08-15,文莱（英国保护国）,Brunei (British protectorate),38363.0,0.0,5.0,0.0,0.0
1947-08-15,吉尔伯特和埃利斯群岛（英属）,Gilbert and Ellice Islands (British),35000.0,0.0,6.0,0.0,0.0
1947-08-15,汤加（英国保护国）,Tonga (British protectorate),34000.0,0.0,6.0,0.0,0.0
1947-08-15,塞舌尔（英属）,Seychelles (British),32000.0,0.0,6.0,0.0,0.0
1947-08-15,卡塔尔（英国保护国）,Qatar (British protectorate),31137.0,0.0,5.0,0.0,0.0
1947-08-15,关岛（美国属地）,Guam (US territory),22000.0,1.0,3.0,1.0,1.0
1947-08-15,格陵兰（丹麦殖民地）,Greenland (Danish colony),18000.0,1.0,3.0,0.008,1.0
1947-08-15,美属萨摩亚（美国属地）,American Samoa (US territory),13000.0,1.0,3.0,1.0,1.0
1947-08-15,纽埃（新西兰属地）,Niue (New Zealand),4000.0,1.0,3.0,1.0,1.0
1947-08-15,瑙鲁（澳大利亚管理的托管地）,Nauru (Australian-administered trust territory),3000.0,0.0,6.0,0.0,0.0
1948-09-12,中华民国,Republic of China,538814788.0,41.0,3.0,0.998,0.998
1948-09-12,印度,India,326368356.0,32.0,3.0,0.723,0.724
1948-09-12,苏联,Soviet Union,177999996.0,114.0,3.0,0.763,1.0
1948-09-12,美国,United States,146710137.0,50.0,3.0,1.0,1.0
1948-09-12,日本,Japan,83767137.0,47.0,3.0,1.0,1.0
1948-09-12,巴基斯坦,Pakistan,71560002.0,13.0,3.0,1.0,1.0
1948-09-12,印度尼西亚,Indonesia,66526068.0,21.0,3.0,1.0,1.0
1948-09-12,西方盟国占领区（德国）,Western occupation zones of Germany,52769914.0,28.0,3.0,1.0,1.0
1948-09-12,英国,United Kingdom,49644122.0,5.0,3.0,1.0,1.0
1948-09-12,巴西,Brazil,49486197.0,26.0,3.0,1.0,1.0
1948-09-12,意大利,Italy,46685921.0,26.0,3.0,0.896,0.902
1948-09-12,法国,France,40728314.0,93.0,3.0,1.0,1.0
1948-09-12,英属尼日利亚,British Nigeria,34227171.0,1.0,3.0,0.001,0.001
1948-09-12,西班牙,Spain,27545752.0,14.0,3.0,0.932,0.932
1948-09-12,墨西哥,Mexico,25716357.0,32.0,3.0,1.0,1.0
1948-09-12,法属印度支那（东京、安南、交趾支那）,French Indochina (Tonkin/Annam/Cochinchina),24527901.0,5.0,3.0,1.0,1.0
1948-09-12,波兰,Poland,23816401.0,7.0,3.0,0.147,0.147
1948-09-12,埃及,Egypt,20447761.0,0.0,5.0,0.0,0.0
1948-09-12,土耳其,Turkey,19965737.0,0.0,5.0,0.0,0.0
1948-09-12,韩国（大韩民国）,South Korea (Republic of Korea),19600752.0,10.0,3.0,1.0,1.0
1948-09-12,暹罗,Siam,18759445.0,8.0,3.0,0.062,0.062
1948-09-12,菲律宾,Philippines,18138652.0,50.0,3.0,1.0,1.0
1948-09-12,缅甸,Burma,17613462.0,10.0,3.0,0.999,0.999
1948-09-12,埃塞俄比亚,Ethiopia,17157798.0,0.0,5.0,0.0,0.0
1948-09-12,罗马尼亚,Romania,16385450.0,15.0,3.0,0.213,0.213
1948-09-12,阿根廷,Argentina,16216230.0,15.0,3.0,0.561,0.561
1948-09-12,伊朗,Iran,16091961.0,0.0,5.0,0.0,0.0
1948-09-12,南斯拉夫,Yugoslavia,15901000.0,9.0,3.0,1.0,1.0
1948-09-12,苏联占领区（德国）,Soviet occupation zone of Germany,15624526.0,21.0,3.0,0.715,0.715
1948-09-12,加拿大,Canada,13436953.0,13.0,3.0,0.979,0.979
1948-09-12,南非联邦,Union of South Africa,12507610.0,5.0,3.0,1.0,1.0
1948-09-12,捷克斯洛伐克,Czechoslovakia,12339000.0,3.0,3.0,0.046,0.046
1948-09-12,比属刚果,Belgian Congo,11987606.0,0.0,5.0,0.0,0.0
1948-09-12,哥伦比亚,Colombia,11065829.0,25.0,3.0,1.0,1.0
1948-09-12,朝鲜（朝鲜民主主义人民共和国）,North Korea (DPRK),11031249.0,7.0,3.0,1.0,1.0
1948-09-12,荷兰,Netherlands,9926094.0,4.0,3.0,0.343,1.0
1948-09-12,匈牙利,Hungary,9135188.0,6.0,3.0,0.067,0.067
1948-09-12,法属阿尔及利亚,French Algeria,8768543.0,1.0,3.0,1.0,1.0
1948-09-12,英埃苏丹,Anglo-Egyptian Sudan,8541383.0,0.0,5.0,0.0,0.0
1948-09-12,葡萄牙,Portugal,8277940.0,3.0,3.0,0.038,0.038
1948-09-12,比利时,Belgium,8230371.0,10.0,3.0,1.0,1.0
1948-09-12,尼泊尔,Nepal,8030623.0,0.0,5.0,0.0,0.0
1948-09-12,澳大利亚,Australia,7748246.0,8.0,3.0,1.0,1.0
1948-09-12,希腊,Greece,7519585.0,0.0,5.0,0.0,0.0
1948-09-12,阿富汗,Afghanistan,7507179.0,1.0,3.0,0.026,0.035
1948-09-12,法属摩洛哥,French protectorate of Morocco,7499186.0,0.0,5.0,0.0,0.0
1948-09-12,秘鲁,Peru,7414886.0,25.0,3.0,0.997,0.997
1948-09-12,坦噶尼喀领地（英国管理）,Tanganyika Territory (British),7336070.0,0.0,5.0,0.0,0.0
1948-09-12,锡兰,Ceylon,7057224.0,9.0,3.0,1.0,1.0
1948-09-12,奥地利,Austria,6925970.0,11.0,3.0,1.0,1.0
1948-09-12,保加利亚,Bulgaria,6874299.0,2.0,3.0,0.032,0.032
1948-09-12,瑞典,Sweden,6860276.0,23.0,3.0,0.177,0.177
1948-09-12,智利,Chile,6392821.0,18.0,3.0,0.825,0.852
1948-09-12,葡属莫桑比克,Portuguese Mozambique,5758821.0,0.0,5.0,0.0,0.0
1948-09-12,乌干达保护国,Uganda Protectorate,5479161.0,1.0,3.0,0.037,0.037
1948-09-12,伊拉克,Iraq,5434358.0,1.0,3.0,0.0,0.0
1948-09-12,古巴,Cuba,5401941.0,6.0,3.0,1.0,1.0
1948-09-12,委内瑞拉,Venezuela,5285964.0,1.0,3.0,0.012,0.03
1948-09-12,英属肯尼亚,Kenya Colony,5095397.0,0.0,5.0,0.0,0.0
1948-09-12,瑞士,Switzerland,4630362.0,26.0,3.0,1.0,1.0
1948-09-12,法属苏丹,French Sudan,4610143.0,1.0,3.0,1.0,1.0
1948-09-12,英属马来亚,British Malaya,4589745.0,10.0,3.0,1.0,1.0
1948-09-12,英属黄金海岸,Gold Coast,4514687.0,0.0,4.0,0.0,0.348
1948-09-12,葡属安哥拉,Portuguese Angola,4466301.0,0.0,5.0,0.0,0.0
1948-09-12,卢旺达-乌隆迪（比利时管理）,Ruanda-Urundi (Belgian),4442370.0,2.0,3.0,1.0,1.0
1948-09-12,法属柬埔寨（保护国）,French Cambodia (protectorate),4257403.0,2.0,3.0,1.0,1.0
1948-09-12,丹麦,Denmark,4185054.0,18.0,3.0,0.96,0.96
1948-09-12,法属上沃尔特,French Upper Volta,4139039.0,1.0,3.0,1.0,1.0
1948-09-12,芬兰,Finland,3920742.0,0.0,5.0,0.0,0.0
1948-09-12,法属马达加斯加,French Madagascar,3894292.0,0.0,5.0,0.0,0.0
1948-09-12,叙利亚,Syria,3488096.0,0.0,5.0,0.0,0.0
1948-09-12,法属突尼斯,French protectorate of Tunisia,3486906.0,0.0,5.0,0.0,0.0
1948-09-12,法属喀麦隆,French Cameroun,3267627.0,2.0,3.0,0.133,0.133
1948-09-12,玻利维亚,Bolivia,3254821.0,10.0,3.0,1.0,1.0
1948-09-12,也门王国,Kingdom of Yemen,3231001.0,0.0,4.0,0.0,0.027
1948-09-12,挪威,Norway,3198085.0,1.0,3.0,0.0,0.0
1948-09-12,厄瓜多尔,Ecuador,3196097.0,19.0,3.0,1.0,1.0
1948-09-12,海地,Haiti,3129265.0,0.0,5.0,0.0,0.0
1948-09-12,沙特阿拉伯,Saudi Arabia,3062000.0,2.0,3.0,0.006,0.006
1948-09-12,查谟和克什米尔（印控）,Jammu and Kashmir (Indian-administered),3019527.0,1.0,3.0,1.0,1.0
1948-09-12,法属几内亚,French Guinea,2956205.0,1.0,3.0,1.0,1.0
1948-09-12,爱尔兰,Ireland,2955080.0,27.0,3.0,1.0,1.0
1948-09-12,危地马拉,Guatemala,2807040.0,22.0,3.0,1.0,1.0
1948-09-12,南罗得西亚,Southern Rhodesia,2737604.0,0.0,5.0,0.0,0.0
1948-09-12,法属科特迪瓦,French Côte d'Ivoire,2693170.0,1.0,3.0,1.0,1.0
1948-09-12,尼亚萨兰,Nyasaland,2637005.0,0.0,5.0,0.0,0.0
1948-09-12,法属尼日尔,French Niger,2556409.0,1.0,3.0,1.0,1.0
1948-09-12,法属塞内加尔,French Senegal,2508492.0,0.0,5.0,0.0,0.0
1948-09-12,法属乍得,French Chad,2383051.0,0.0,5.0,0.0,0.0
1948-09-12,北罗得西亚,Northern Rhodesia,2225444.0,0.0,5.0,0.0,0.0
1948-09-12,乌拉圭,Uruguay,2203660.0,21.0,3.0,1.0,1.0
1948-09-12,法属达荷美,French Dahomey,2180814.0,1.0,3.0,1.0,1.0
1948-09-12,萨尔瓦多,El Salvador,2103239.0,14.0,3.0,1.0,1.0
1948-09-12,波多黎各,Puerto Rico,2091883.0,4.0,3.0,1.0,1.0
1948-09-12,多米尼加,Dominican Republic,2073656.0,0.0,5.0,0.0,0.0
1948-09-12,英属塞拉利昂,British Sierra Leone,1974795.0,0.0,5.0,0.0,0.0
1948-09-12,新西兰,New Zealand,1835903.0,0.0,5.0,0.0,0.0
1948-09-12,法属老挝,French Laos,1648487.0,3.0,3.0,1.0,1.0
1948-09-12,英国管理下的索马里,Somalia (British administration),1626450.0,0.0,5.0,0.0,0.0
1948-09-12,英属喀麦隆,British Cameroons,1561200.0,2.0,3.0,0.963,0.963
1948-09-12,西藏,Tibet,1530438.0,5.0,3.0,0.997,0.997
1948-09-12,洪都拉斯,Honduras,1434281.0,19.0,3.0,1.0,1.0
1948-09-12,法属多哥,French Togoland,1400422.0,1.0,3.0,1.0,1.0
1948-09-12,巴拉圭,Paraguay,1380107.0,16.0,3.0,0.996,0.996
1948-09-12,法属乌班吉沙立,French Ubangi-Shari,1361915.0,0.0,5.0,0.0,0.0
1948-09-12,英属牙买加,British Jamaica,1352900.0,0.0,5.0,0.0,0.0
1948-09-12,黎巴嫩,Lebanon,1305404.0,0.0,5.0,0.0,0.0
1948-09-12,尼加拉瓜,Nicaragua,1228106.0,15.0,3.0,1.0,1.0
1948-09-12,西属摩洛哥,Spanish Morocco,1183774.0,3.0,3.0,0.0,0.0
1948-09-12,阿尔巴尼亚,Albania,1163999.0,2.0,3.0,0.036,0.036
1948-09-12,新几内亚领地（澳大利亚管理）,Territory of New Guinea (Australian),1160572.0,1.0,3.0,0.008,1.0
1948-09-12,英法管理下的利比亚,Libya (British/French administration),1119517.0,0.0,5.0,0.0,0.0
1948-09-12,英属新加坡,Singapore (British),950229.0,0.0,5.0,0.0,0.0
1948-09-12,自由克什米尔（巴控）,Azad Kashmir (Pakistani-administered),937193.0,5.0,3.0,1.0,1.0
1948-09-12,利比里亚,Liberia,900551.0,0.0,5.0,0.0,0.0
1948-09-12,哥斯达黎加,Costa Rica,876635.0,7.0,3.0,1.0,1.0
1948-09-12,以色列,Israel,873000.0,0.0,5.0,0.0,0.0
1948-09-12,法属刚果,French Congo (Middle Congo),825904.0,0.0,5.0,0.0,0.0
1948-09-12,巴拿马,Panama,822945.0,10.0,3.0,1.0,1.0
1948-09-12,英国管理下的厄立特里亚,Eritrea (British administration),788975.0,0.0,5.0,0.0,0.0
1948-09-12,蒙古,Mongolia,775458.0,3.0,3.0,0.023,0.023
1948-09-12,北婆罗洲,North Borneo,764087.0,0.0,5.0,0.0,0.0
1948-09-12,约旦河西岸（约旦管理）,West Bank (Jordanian administration),734885.0,0.0,5.0,0.0,0.0
1948-09-12,英属特立尼达和多巴哥,British Trinidad and Tobago,689688.0,0.0,5.0,0.0,0.0
1948-09-12,法属毛里塔尼亚,French Mauritania,654072.0,1.0,3.0,1.0,1.0
1948-09-12,沙捞越,Sarawak,652809.0,0.0,5.0,0.0,0.0
1948-09-12,夏威夷（美国领地）,Territory of Hawaii,603746.0,1.0,3.0,1.0,1.0
1948-09-12,巴苏陀兰,Basutoland,551105.0,0.0,5.0,0.0,0.0
1948-09-12,葡属几内亚,Portuguese Guinea,530847.0,0.0,5.0,0.0,0.0
1948-09-12,法属加蓬,French Gabon,525456.0,0.0,5.0,0.0,0.0
1948-09-12,英属索马里兰,British Somaliland,523985.0,0.0,5.0,0.0,0.0
1948-09-12,亚丁,Aden,504220.0,0.0,4.0,0.0,0.016
1948-09-12,英属毛里求斯,British Mauritius,497893.0,2.0,3.0,0.0,0.0
1948-09-12,英属塞浦路斯,British Cyprus,473048.0,0.0,5.0,0.0,0.0
1948-09-12,巴布亚领地（澳大利亚）,Territory of Papua (Australian),457476.0,2.0,3.0,1.0,1.0
1948-09-12,英属斐济,British Fiji,456717.0,1.0,3.0,0.003,0.003
1948-09-12,西南非洲（南非管理）,South West Africa (South African administration),450734.0,1.0,3.0,1.0,1.0
1948-09-12,马提尼克,Martinique,422257.0,0.0,5.0,0.0,0.0
1948-09-12,马斯喀特和阿曼,Muscat and Oman,418303.0,0.0,4.0,0.0,0.042
1948-09-12,外约旦,Transjordan,417674.0,0.0,5.0,0.0,0.0
1948-09-12,葡属帝汶,Portuguese Timor,417426.0,1.0,3.0,0.078,0.078
1948-09-12,英属圭亚那,British Guiana,408323.0,3.0,3.0,1.0,1.0
1948-09-12,留尼汪,Réunion,398937.0,0.0,5.0,0.0,0.0
1948-09-12,瓜德罗普,Guadeloupe,388250.0,2.0,3.0,1.0,1.0
1948-09-12,贝专纳保护地,Bechuanaland Protectorate,356136.0,0.0,5.0,0.0,0.0
1948-09-12,英属多哥兰,British Togoland,330196.0,1.0,3.0,0.371,0.371
1948-09-12,东亚丁保护地,East Aden Protectorate,323288.0,0.0,4.0,0.0,0.101
1948-09-12,加沙地带（埃及管理）,Gaza Strip (Egyptian administration),319390.0,0.0,5.0,0.0,0.0
1948-09-12,英属冈比亚,British Gambia,302800.0,0.0,5.0,0.0,0.0
1948-09-12,英属马耳他,British Malta,291553.0,0.0,5.0,0.0,0.0
1948-09-12,卢森堡,Luxembourg,286598.0,3.0,3.0,1.0,1.0
1948-09-12,阿拉斯加（美国领地）,Alaska (US territory),254131.0,1.0,3.0,1.0,1.0
1948-09-12,斯威士兰（英国保护地）,Swaziland (British protectorate),232613.0,0.0,5.0,0.0,0.0
1948-09-12,法属科摩罗,French Comoros,218101.0,0.0,5.0,0.0,0.0
1948-09-12,桑给巴尔（英国保护国）,Zanzibar (British protectorate),216633.0,0.0,5.0,0.0,0.0
1948-09-12,西属几内亚,Spanish Guinea,214129.0,0.0,5.0,0.0,0.0
1948-09-12,英属巴巴多斯,British Barbados,201635.0,11.0,3.0,1.0,1.0
1948-09-12,荷属苏里南,Dutch Suriname,188094.0,0.0,4.0,0.0,1.0
1948-09-12,葡属佛得角,Portuguese Cape Verde,180912.0,0.0,5.0,0.0,0.0
1948-09-12,英属所罗门群岛,British Solomon Islands,174321.0,0.0,5.0,0.0,0.0
1948-09-12,科威特（英国保护国）,Kuwait (British protectorate),170000.0,0.0,6.0,0.0,0.0
1948-09-12,不丹,Bhutan,160558.0,1.0,3.0,0.008,0.008
1948-09-12,冰岛,Iceland,141705.0,1.0,3.0,0.0,0.0
1948-09-12,巴林（英国保护国）,Bahrain (British protectorate),115000.0,0.0,6.0,0.0,0.0
1948-09-12,特鲁西尔诸国（休战诸国）,Trucial States,109794.0,0.0,5.0,0.0,0.0
1948-09-12,新喀里多尼亚,New Caledonia,95394.0,1.0,3.0,1.0,1.0
1948-09-12,英属巴哈马,British Bahamas,82776.0,1.0,3.0,0.034,0.034
1948-09-12,西萨摩亚（新西兰托管地）,Western Samoa (New Zealand trust territory),80000.0,0.0,6.0,0.0,0.0
1948-09-12,法属波利尼西亚,French Polynesia,75796.0,1.0,3.0,1.0,1.0
1948-09-12,马尔代夫（英国保护国）,Maldives (British protectorate),75713.0,0.0,5.0,0.0,0.0
1948-09-12,格林纳达（英属向风群岛）,Grenada (British Windward Islands),72000.0,1.0,3.0,1.0,1.0
1948-09-12,圣卢西亚（英属向风群岛）,St Lucia (British Windward Islands),70000.0,1.0,3.0,1.0,1.0
1948-09-12,英属洪都拉斯,British Honduras,63368.0,5.0,3.0,1.0,1.0
1948-09-12,法属索马里,French Somaliland,61184.0,1.0,3.0,1.0,1.0
1948-09-12,圣文森特（英属向风群岛）,St Vincent (British Windward Islands),61000.0,1.0,3.0,1.0,1.0
1948-09-12,太平洋岛屿托管地（美国托管）,Trust Territory of the Pacific Islands (US),60000.0,1.0,3.0,0.997,0.997
1948-09-12,圣多美和普林西比（葡属）,São Tomé and Príncipe (Portuguese),60000.0,0.0,6.0,0.0,0.0
1948-09-12,多米尼克（英属）,Dominica (British),47000.0,1.0,3.0,1.0,1.0
1948-09-12,法属圭亚那,French Guiana,45818.0,1.0,3.0,1.0,1.0
1948-09-12,西属西非,Spanish West Africa,45797.0,0.0,5.0,0.0,0.0
1948-09-12,新赫布里底（英法共管地）,New Hebrides (Anglo-French condominium),45000.0,0.0,6.0,0.0,0.0
1948-09-12,圣基茨和尼维斯（英属背风群岛）,St Kitts-Nevis (British Leeward Islands),41000.0,1.0,3.0,1.0,1.0
1948-09-12,安提瓜（英属背风群岛）,Antigua (British Leeward Islands),40000.0,2.0,3.0,1.0,1.0
1948-09-12,文莱（英国保护国）,Brunei (British protectorate),39988.0,0.0,5.0,0.0,0.0
1948-09-12,吉尔伯特和埃利斯群岛（英属）,Gilbert and Ellice Islands (British),35000.0,0.0,6.0,0.0,0.0
1948-09-12,汤加（英国保护国）,Tonga (British protectorate),34000.0,0.0,6.0,0.0,0.0
1948-09-12,塞舌尔（英属）,Seychelles (British),32000.0,0.0,6.0,0.0,0.0
1948-09-12,卡塔尔（英国保护国）,Qatar (British protectorate),31422.0,0.0,5.0,0.0,0.0
1948-09-12,关岛（美国属地）,Guam (US territory),22000.0,1.0,3.0,1.0,1.0
1948-09-12,格陵兰（丹麦殖民地）,Greenland (Danish colony),18000.0,1.0,3.0,0.008,1.0
1948-09-12,美属萨摩亚（美国属地）,American Samoa (US territory),13000.0,1.0,3.0,1.0,1.0
1948-09-12,纽埃（新西兰属地）,Niue (New Zealand),4000.0,1.0,3.0,1.0,1.0
1948-09-12,瑙鲁（澳大利亚管理的托管地）,Nauru (Australian-administered trust territory),3000.0,0.0,6.0,0.0,0.0
1949-10-01,中华民国,Republic of China,543513206.0,42.0,3.0,0.998,0.998
1949-10-01,印度,India,337482777.0,32.0,3.0,0.724,0.727
1949-10-01,苏联,Soviet Union,175000003.0,114.0,3.0,0.763,1.0
1949-10-01,美国,United States,149303927.0,50.0,3.0,1.0,1.0
1949-10-01,日本,Japan,85189770.0,47.0,3.0,1.0,1.0
1949-10-01,巴基斯坦,Pakistan,73070000.0,18.0,3.0,0.998,0.998
1949-10-01,印度尼西亚,Indonesia,67657572.0,23.0,3.0,1.0,1.0
1949-10-01,西德（德意志联邦共和国）,West Germany (FRG),53739101.0,29.0,3.0,1.0,1.0
1949-10-01,巴西,Brazil,51327270.0,26.0,3.0,1.0,1.0
1949-10-01,英国,United Kingdom,50007090.0,5.0,3.0,1.0,1.0
1949-10-01,意大利,Italy,46794915.0,26.0,3.0,0.896,0.902
1949-10-01,法国,France,41107870.0,93.0,3.0,1.0,1.0
1949-10-01,英属尼日利亚,British Nigeria,35476085.0,1.0,3.0,0.001,0.001
1949-10-01,西班牙,Spain,27828945.0,14.0,3.0,0.932,0.932
1949-10-01,墨西哥,Mexico,26625359.0,32.0,3.0,1.0,1.0
1949-10-01,法属印度支那（东京、安南、交趾支那）,French Indochina (Tonkin/Annam/Cochinchina),24780640.0,5.0,3.0,1.0,1.0
1949-10-01,波兰,Poland,24176266.0,7.0,3.0,0.147,0.147
1949-10-01,埃及,Egypt,20766400.0,0.0,5.0,0.0,0.0
1949-10-01,土耳其,Turkey,20476519.0,0.0,5.0,0.0,0.0
1949-10-01,韩国（大韩民国）,South Korea (Republic of Korea),19600753.0,10.0,3.0,1.0,1.0
1949-10-01,泰国,Thailand,19585630.0,8.0,3.0,0.062,0.062
1949-10-01,菲律宾,Philippines,18138652.0,50.0,3.0,1.0,1.0
1949-10-01,缅甸,Burma,17652375.0,10.0,3.0,0.999,0.999
1949-10-01,埃塞俄比亚,Ethiopia,17401403.0,0.0,5.0,0.0,0.0
1949-10-01,阿根廷,Argentina,16616350.0,15.0,3.0,0.561,0.561
1949-10-01,罗马尼亚,Romania,16543401.0,15.0,3.0,0.213,0.213
1949-10-01,伊朗,Iran,16293196.0,0.0,5.0,0.0,0.0
1949-10-01,南斯拉夫,Yugoslavia,16133001.0,9.0,3.0,1.0,1.0
1949-10-01,苏联占领区（德国）,Soviet occupation zone of Germany,15801750.0,22.0,3.0,0.716,0.887
1949-10-01,加拿大,Canada,13436950.0,14.0,3.0,1.0,1.0
1949-10-01,南非联邦,Union of South Africa,12780900.0,5.0,3.0,1.0,1.0
1949-10-01,捷克斯洛伐克,Czechoslovakia,12339000.0,3.0,3.0,0.046,0.046
1949-10-01,比属刚果,Belgian Congo,12067830.0,0.0,5.0,0.0,0.0
1949-10-01,哥伦比亚,Colombia,11379558.0,25.0,3.0,1.0,1.0
1949-10-01,朝鲜（朝鲜民主主义人民共和国）,North Korea (DPRK),11031248.0,8.0,3.0,1.0,1.0
1949-10-01,荷兰,Netherlands,10060012.0,4.0,3.0,0.343,1.0
1949-10-01,匈牙利,Hungary,9221140.0,6.0,3.0,0.067,0.067
1949-10-01,法属阿尔及利亚,French Algeria,8879534.0,1.0,3.0,1.0,1.0
1949-10-01,英埃苏丹,Anglo-Egyptian Sudan,8579719.0,0.0,5.0,0.0,0.0
1949-10-01,葡萄牙,Portugal,8356140.0,3.0,3.0,0.038,0.038
1949-10-01,比利时,Belgium,8287839.0,10.0,3.0,1.0,1.0
1949-10-01,尼泊尔,Nepal,8114212.0,0.0,5.0,0.0,0.0
1949-10-01,澳大利亚,Australia,7948309.0,8.0,3.0,1.0,1.0
1949-10-01,法属摩洛哥,French protectorate of Morocco,7613657.0,0.0,5.0,0.0,0.0
1949-10-01,阿富汗,Afghanistan,7579313.0,1.0,3.0,0.026,0.035
1949-10-01,秘鲁,Peru,7542407.0,25.0,3.0,0.997,0.997
1949-10-01,希腊,Greece,7531688.0,0.0,5.0,0.0,0.0
1949-10-01,锡兰,Ceylon,7448015.0,9.0,3.0,1.0,1.0
1949-10-01,坦噶尼喀领地（英国管理）,Tanganyika Territory (British),7362043.0,0.0,5.0,0.0,0.0
1949-10-01,瑞典,Sweden,6947017.0,23.0,3.0,0.177,0.177
1949-10-01,保加利亚,Bulgaria,6934398.0,2.0,3.0,0.032,0.032
1949-10-01,奥地利,Austria,6914998.0,11.0,3.0,1.0,1.0
1949-10-01,智利,Chile,6509434.0,18.0,3.0,0.825,0.852
1949-10-01,葡属莫桑比克,Portuguese Mozambique,5809732.0,0.0,5.0,0.0,0.0
1949-10-01,古巴,Cuba,5664361.0,6.0,3.0,1.0,1.0
1949-10-01,乌干达保护国,Uganda Protectorate,5588993.0,1.0,3.0,0.037,0.037
1949-10-01,伊拉克,Iraq,5550280.0,1.0,3.0,0.0,0.0
1949-10-01,委内瑞拉,Venezuela,5507818.0,1.0,3.0,0.012,0.03
1949-10-01,英属肯尼亚,Kenya Colony,5420473.0,0.0,5.0,0.0,0.0
1949-10-01,瑞士,Switzerland,4678422.0,26.0,3.0,1.0,1.0
1949-10-01,英属马来亚,British Malaya,4673459.0,10.0,3.0,1.0,1.0
1949-10-01,法属苏丹,French Sudan,4652690.0,1.0,3.0,1.0,1.0
1949-10-01,英属黄金海岸,Gold Coast,4624721.0,0.0,4.0,0.0,0.348
1949-10-01,葡属安哥拉,Portuguese Angola,4513185.0,0.0,5.0,0.0,0.0
1949-10-01,卢旺达-乌隆迪（比利时管理）,Ruanda-Urundi (Belgian),4473470.0,2.0,3.0,1.0,1.0
1949-10-01,法属柬埔寨（保护国）,French Cambodia (protectorate),4297600.0,2.0,3.0,1.0,1.0
1949-10-01,丹麦,Denmark,4225780.0,18.0,3.0,0.96,0.96
1949-10-01,法属上沃尔特,French Upper Volta,4169236.0,1.0,3.0,1.0,1.0
1949-10-01,芬兰,Finland,3970551.0,0.0,5.0,0.0,0.0
1949-10-01,法属马达加斯加,French Madagascar,3921025.0,0.0,5.0,0.0,0.0
1949-10-01,法属突尼斯,French protectorate of Tunisia,3547126.0,0.0,5.0,0.0,0.0
1949-10-01,叙利亚,Syria,3539380.0,0.0,5.0,0.0,0.0
1949-10-01,厄瓜多尔,Ecuador,3355351.0,19.0,3.0,1.0,1.0
1949-10-01,法属喀麦隆,French Cameroun,3343374.0,2.0,3.0,0.133,0.133
1949-10-01,也门王国,Kingdom of Yemen,3276999.0,0.0,4.0,0.0,0.027
1949-10-01,挪威,Norway,3231398.0,1.0,3.0,0.0,0.0
1949-10-01,海地,Haiti,3208596.0,0.0,5.0,0.0,0.0
1949-10-01,玻利维亚,Bolivia,3182016.0,10.0,3.0,1.0,1.0
1949-10-01,沙特阿拉伯,Saudi Arabia,3131000.0,2.0,3.0,0.006,0.006
1949-10-01,法属几内亚,French Guinea,2982364.0,1.0,3.0,1.0,1.0
1949-10-01,危地马拉,Guatemala,2948219.0,22.0,3.0,1.0,1.0
1949-10-01,爱尔兰,Ireland,2935017.0,27.0,3.0,1.0,1.0
1949-10-01,尼亚萨兰,Nyasaland,2820098.0,0.0,5.0,0.0,0.0
1949-10-01,南罗得西亚,Southern Rhodesia,2757234.0,0.0,5.0,0.0,0.0
1949-10-01,法属科特迪瓦,French Côte d'Ivoire,2711787.0,1.0,3.0,1.0,1.0
1949-10-01,法属尼日尔,French Niger,2570506.0,1.0,3.0,1.0,1.0
1949-10-01,法属塞内加尔,French Senegal,2525389.0,0.0,5.0,0.0,0.0
1949-10-01,法属乍得,French Chad,2473826.0,0.0,5.0,0.0,0.0
1949-10-01,北罗得西亚,Northern Rhodesia,2290974.0,0.0,5.0,0.0,0.0
1949-10-01,乌拉圭,Uruguay,2240229.0,21.0,3.0,1.0,1.0
1949-10-01,多米尼加,Dominican Republic,2209102.0,0.0,5.0,0.0,0.0
1949-10-01,法属达荷美,French Dahomey,2202439.0,1.0,3.0,1.0,1.0
1949-10-01,波多黎各,Puerto Rico,2176541.0,4.0,3.0,1.0,1.0
1949-10-01,萨尔瓦多,El Salvador,2148171.0,14.0,3.0,1.0,1.0
1949-10-01,英属塞拉利昂,British Sierra Leone,1988066.0,0.0,5.0,0.0,0.0
1949-10-01,新西兰,New Zealand,1872949.0,0.0,5.0,0.0,0.0
1949-10-01,法属老挝,French Laos,1657680.0,3.0,3.0,1.0,1.0
1949-10-01,英国管理下的索马里,Somalia (British administration),1636709.0,0.0,5.0,0.0,0.0
1949-10-01,巴布亚和新几内亚领地,Territory of Papua and New Guinea,1628079.0,2.0,3.0,0.005,1.0
1949-10-01,英属喀麦隆,British Cameroons,1606463.0,2.0,3.0,0.963,0.963
1949-10-01,西藏,Tibet,1542258.0,5.0,3.0,0.997,0.997
1949-10-01,洪都拉斯,Honduras,1493349.0,19.0,3.0,1.0,1.0
1949-10-01,巴拉圭,Paraguay,1437994.0,16.0,3.0,0.996,0.996
1949-10-01,法属多哥,French Togoland,1412843.0,1.0,3.0,1.0,1.0
1949-10-01,法属乌班吉沙立,French Ubangi-Shari,1407564.0,0.0,5.0,0.0,0.0
1949-10-01,英属牙买加,British Jamaica,1378246.0,0.0,5.0,0.0,0.0
1949-10-01,黎巴嫩,Lebanon,1334013.0,0.0,5.0,0.0,0.0
1949-10-01,尼加拉瓜,Nicaragua,1276219.0,16.0,3.0,1.0,1.0
1949-10-01,西属摩洛哥,Spanish Morocco,1201505.0,3.0,3.0,0.0,0.0
1949-10-01,阿尔巴尼亚,Albania,1182999.0,2.0,3.0,0.036,0.036
1949-10-01,英法管理下的利比亚,Libya (British/French administration),1125115.0,0.0,5.0,0.0,0.0
1949-10-01,以色列,Israel,1066000.0,0.0,5.0,0.0,0.0
1949-10-01,英属新加坡,Singapore (British),977995.0,0.0,5.0,0.0,0.0
1949-10-01,利比里亚,Liberia,907981.0,0.0,5.0,0.0,0.0
1949-10-01,哥斯达黎加,Costa Rica,901321.0,7.0,3.0,1.0,1.0
1949-10-01,巴拿马,Panama,841681.0,10.0,3.0,1.0,1.0
1949-10-01,法属刚果,French Congo (Middle Congo),831915.0,0.0,5.0,0.0,0.0
1949-10-01,英国管理下的厄立特里亚,Eritrea (British administration),799464.0,0.0,5.0,0.0,0.0
1949-10-01,北婆罗洲,North Borneo,779458.0,0.0,5.0,0.0,0.0
1949-10-01,蒙古,Mongolia,777008.0,3.0,3.0,0.023,0.023
1949-10-01,约旦河西岸（约旦管理）,West Bank (Jordanian administration),752639.0,0.0,5.0,0.0,0.0
1949-10-01,英属特立尼达和多巴哥,British Trinidad and Tobago,708982.0,0.0,5.0,0.0,0.0
1949-10-01,沙捞越,Sarawak,664857.0,0.0,5.0,0.0,0.0
1949-10-01,法属毛里塔尼亚,French Mauritania,656822.0,1.0,3.0,1.0,1.0
1949-10-01,夏威夷（美国领地）,Territory of Hawaii,621560.0,1.0,3.0,1.0,1.0
1949-10-01,巴苏陀兰,Basutoland,555302.0,0.0,5.0,0.0,0.0
1949-10-01,葡属几内亚,Portuguese Guinea,534392.0,0.0,5.0,0.0,0.0
1949-10-01,法属加蓬,French Gabon,529855.0,0.0,5.0,0.0,0.0
1949-10-01,英属索马里兰,British Somaliland,527289.0,0.0,5.0,0.0,0.0
1949-10-01,英属毛里求斯,British Mauritius,511618.0,2.0,3.0,0.0,0.0
1949-10-01,亚丁,Aden,507958.0,0.0,4.0,0.0,0.016
1949-10-01,西南非洲（南非管理）,South West Africa (South African administration),484982.0,1.0,3.0,1.0,1.0
1949-10-01,英属塞浦路斯,British Cyprus,484213.0,0.0,5.0,0.0,0.0
1949-10-01,英属斐济,British Fiji,470210.0,1.0,3.0,0.003,0.003
1949-10-01,马提尼克,Martinique,429842.0,0.0,5.0,0.0,0.0
1949-10-01,约旦,Jordan,420570.0,0.0,5.0,0.0,0.0
1949-10-01,马斯喀特和阿曼,Muscat and Oman,418615.0,0.0,4.0,0.0,0.042
1949-10-01,葡属帝汶,Portuguese Timor,415793.0,1.0,3.0,0.078,0.078
1949-10-01,英属圭亚那,British Guiana,411149.0,3.0,3.0,1.0,1.0
1949-10-01,留尼汪,Réunion,402665.0,0.0,5.0,0.0,0.0
1949-10-01,瓜德罗普,Guadeloupe,393177.0,2.0,3.0,1.0,1.0
1949-10-01,贝专纳保护地,Bechuanaland Protectorate,386708.0,0.0,5.0,0.0,0.0
1949-10-01,英属多哥兰,British Togoland,338011.0,1.0,3.0,0.371,0.371
1949-10-01,加沙地带（埃及管理）,Gaza Strip (Egyptian administration),326407.0,0.0,5.0,0.0,0.0
1949-10-01,东亚丁保护地,East Aden Protectorate,325683.0,0.0,4.0,0.0,0.101
1949-10-01,英属冈比亚,British Gambia,305056.0,0.0,5.0,0.0,0.0
1949-10-01,英属马耳他,British Malta,293452.0,0.0,5.0,0.0,0.0
1949-10-01,卢森堡,Luxembourg,288471.0,3.0,3.0,1.0,1.0
1949-10-01,阿拉斯加（美国领地）,Alaska (US territory),261684.0,1.0,3.0,1.0,1.0
1949-10-01,斯威士兰（英国保护地）,Swaziland (British protectorate),254983.0,0.0,5.0,0.0,0.0
1949-10-01,西属几内亚,Spanish Guinea,221581.0,0.0,5.0,0.0,0.0
1949-10-01,法属科摩罗,French Comoros,220081.0,0.0,5.0,0.0,0.0
1949-10-01,桑给巴尔（英国保护国）,Zanzibar (British protectorate),217383.0,0.0,5.0,0.0,0.0
1949-10-01,英属巴巴多斯,British Barbados,205913.0,11.0,3.0,1.0,1.0
1949-10-01,荷属苏里南,Dutch Suriname,189518.0,0.0,4.0,0.0,1.0
1949-10-01,葡属佛得角,Portuguese Cape Verde,182536.0,0.0,5.0,0.0,0.0
1949-10-01,英属所罗门群岛,British Solomon Islands,175301.0,0.0,5.0,0.0,0.0
1949-10-01,科威特（英国保护国）,Kuwait (British protectorate),170000.0,0.0,6.0,0.0,0.0
1949-10-01,不丹,Bhutan,161350.0,1.0,3.0,0.008,0.008
1949-10-01,冰岛,Iceland,142660.0,1.0,3.0,0.0,0.0
1949-10-01,巴林（英国保护国）,Bahrain (British protectorate),115000.0,0.0,6.0,0.0,0.0
1949-10-01,特鲁西尔诸国（休战诸国）,Trucial States,110448.0,0.0,5.0,0.0,0.0
1949-10-01,新喀里多尼亚,New Caledonia,96102.0,1.0,3.0,1.0,1.0
1949-10-01,英属巴哈马,British Bahamas,84464.0,1.0,3.0,0.034,0.034
1949-10-01,西萨摩亚（新西兰托管地）,Western Samoa (New Zealand trust territory),80000.0,0.0,6.0,0.0,0.0
1949-10-01,法属波利尼西亚,French Polynesia,78348.0,1.0,3.0,1.0,1.0
1949-10-01,马尔代夫（英国保护国）,Maldives (British protectorate),75080.0,0.0,5.0,0.0,0.0
1949-10-01,格林纳达（英属向风群岛）,Grenada (British Windward Islands),72000.0,1.0,3.0,1.0,1.0
1949-10-01,圣卢西亚（英属向风群岛）,St Lucia (British Windward Islands),70000.0,1.0,3.0,1.0,1.0
1949-10-01,英属洪都拉斯,British Honduras,65878.0,5.0,3.0,1.0,1.0
1949-10-01,法属索马里,French Somaliland,61655.0,1.0,3.0,1.0,1.0
1949-10-01,圣文森特（英属向风群岛）,St Vincent (British Windward Islands),61000.0,1.0,3.0,1.0,1.0
1949-10-01,太平洋岛屿托管地（美国托管）,Trust Territory of the Pacific Islands (US),60000.0,1.0,3.0,0.997,0.997
1949-10-01,圣多美和普林西比（葡属）,São Tomé and Príncipe (Portuguese),60000.0,0.0,6.0,0.0,0.0
1949-10-01,多米尼克（英属）,Dominica (British),47000.0,1.0,3.0,1.0,1.0
1949-10-01,西属西非,Spanish West Africa,46469.0,0.0,5.0,0.0,0.0
1949-10-01,法属圭亚那,French Guiana,46243.0,1.0,3.0,1.0,1.0
1949-10-01,新赫布里底（英法共管地）,New Hebrides (Anglo-French condominium),45000.0,0.0,6.0,0.0,0.0
1949-10-01,文莱（英国保护国）,Brunei (British protectorate),42117.0,0.0,5.0,0.0,0.0
1949-10-01,圣基茨和尼维斯（英属背风群岛）,St Kitts-Nevis (British Leeward Islands),41000.0,1.0,3.0,1.0,1.0
1949-10-01,安提瓜（英属背风群岛）,Antigua (British Leeward Islands),40000.0,2.0,3.0,1.0,1.0
1949-10-01,吉尔伯特和埃利斯群岛（英属）,Gilbert and Ellice Islands (British),35000.0,0.0,6.0,0.0,0.0
1949-10-01,汤加（英国保护国）,Tonga (British protectorate),34000.0,0.0,6.0,0.0,0.0
1949-10-01,塞舌尔（英属）,Seychelles (British),32000.0,0.0,6.0,0.0,0.0
1949-10-01,卡塔尔（英国保护国）,Qatar (British protectorate),31710.0,0.0,5.0,0.0,0.0
1949-10-01,关岛（美国属地）,Guam (US territory),22000.0,1.0,3.0,1.0,1.0
1949-10-01,格陵兰（丹麦殖民地）,Greenland (Danish colony),18000.0,1.0,3.0,0.008,1.0
1949-10-01,美属萨摩亚（美国属地）,American Samoa (US territory),13000.0,1.0,3.0,1.0,1.0
1949-10-01,纽埃（新西兰属地）,Niue (New Zealand),4000.0,1.0,3.0,1.0,1.0
1949-10-01,瑙鲁（澳大利亚管理的托管地）,Nauru (Australian-administered trust territory),3000.0,0.0,6.0,0.0,0.0
1953-07-27,中华人民共和国,People's Republic of China,580081803.0,40.0,3.0,0.998,0.998
1953-07-27,印度,India,370139520.0,33.0,3.0,0.992,0.992
1953-07-27,苏联,Soviet Union,189718481.0,114.0,3.0,0.763,1.0
1953-07-27,美国,United States,158928404.0,50.0,3.0,1.0,1.0
1953-07-27,日本,Japan,90340148.0,47.0,3.0,1.0,1.0
1953-07-27,巴基斯坦,Pakistan,82214181.0,15.0,3.0,0.996,0.996
1953-07-27,印度尼西亚,Indonesia,73359437.0,13.0,3.0,1.0,1.0
1953-07-27,巴西,Brazil,58366998.0,26.0,3.0,1.0,1.0
1953-07-27,西德（德意志联邦共和国）,West Germany (FRG),53809510.0,34.0,3.0,1.0,1.0
1953-07-27,英国,United Kingdom,50817811.0,5.0,3.0,1.0,1.0
1953-07-27,意大利,Italy,47951614.0,26.0,3.0,0.896,0.902
1953-07-27,法国,France,42728709.0,93.0,3.0,1.0,1.0
1953-07-27,英属尼日利亚,British Nigeria,38647598.0,1.0,3.0,0.001,0.001
1953-07-27,墨西哥,Mexico,29848441.0,32.0,3.0,1.0,1.0
1953-07-27,西班牙,Spain,28652447.0,14.0,3.0,0.932,0.932
1953-07-27,法属印度支那（东京、安南、交趾支那）,French Indochina (Tonkin/Annam/Cochinchina),26771984.0,5.0,3.0,1.0,1.0
1953-07-27,波兰,Poland,25979132.0,9.0,3.0,0.167,0.167
1953-07-27,土耳其,Turkey,22978064.0,0.0,5.0,0.0,0.0
1953-07-27,埃及,Egypt,22652255.0,0.0,5.0,0.0,0.0
1953-07-27,泰国,Thailand,22135453.0,8.0,3.0,0.062,0.062
1953-07-27,菲律宾,Philippines,20986504.0,50.0,3.0,1.0,1.0
1953-07-27,韩国（大韩民国）,South Korea (Republic of Korea),20767702.0,10.0,3.0,1.0,1.0
1953-07-27,埃塞俄比亚,Ethiopia,19534350.0,0.0,5.0,0.0,0.0
1953-07-27,缅甸,Burma,18829629.0,10.0,3.0,0.999,0.999
1953-07-27,阿根廷,Argentina,18036628.0,14.0,3.0,0.529,0.529
1953-07-27,伊朗,Iran,17809268.0,0.0,5.0,0.0,0.0
1953-07-27,罗马尼亚,Romania,17456490.0,13.0,3.0,0.165,0.165
1953-07-27,南斯拉夫,Yugoslavia,16981316.0,9.0,3.0,1.0,1.0
1953-07-27,东德（德意志民主共和国）,East Germany (GDR),15933772.0,18.0,3.0,0.898,1.0
1953-07-27,加拿大,Canada,14910458.0,14.0,3.0,1.0,1.0
1953-07-27,南非联邦,Union of South Africa,13919829.0,5.0,3.0,1.0,1.0
1953-07-27,比属刚果,Belgian Congo,12979432.0,0.0,5.0,0.0,0.0
1953-07-27,捷克斯洛伐克,Czechoslovakia,12919469.0,6.0,3.0,0.05,0.05
1953-07-27,哥伦比亚,Colombia,12683964.0,25.0,3.0,1.0,1.0
1953-07-27,荷兰,Netherlands,10556224.0,3.0,3.0,0.177,1.0
1953-07-27,朝鲜（朝鲜民主主义人民共和国）,North Korea (DPRK),10167412.0,8.0,3.0,1.0,1.0
1953-07-27,法属阿尔及利亚,French Algeria,9776951.0,1.0,3.0,1.0,1.0
1953-07-27,匈牙利,Hungary,9584313.0,19.0,3.0,1.0,1.0
1953-07-27,英埃苏丹,Anglo-Egyptian Sudan,9358160.0,0.0,5.0,0.0,0.0
1953-07-27,澳大利亚,Australia,8815787.0,8.0,3.0,1.0,1.0
1953-07-27,尼泊尔,Nepal,8728467.0,0.0,5.0,0.0,0.0
1953-07-27,葡萄牙,Portugal,8568803.0,3.0,3.0,0.038,0.038
1953-07-27,比利时,Belgium,8443197.0,10.0,3.0,1.0,1.0
1953-07-27,中华民国（台湾）,Republic of China (Taiwan),8425164.0,1.0,3.0,1.0,1.0
1953-07-27,法属摩洛哥,French protectorate of Morocco,8363252.0,0.0,5.0,0.0,0.0
1953-07-27,秘鲁,Peru,8360175.0,25.0,3.0,0.997,0.997
1953-07-27,锡兰,Ceylon,8275144.0,9.0,3.0,1.0,1.0
1953-07-27,阿富汗,Afghanistan,7983293.0,1.0,3.0,0.026,0.035
1953-07-27,坦噶尼喀领地（英国管理）,Tanganyika Territory (British),7966912.0,0.0,5.0,0.0,0.0
1953-07-27,希腊,Greece,7685027.0,0.0,5.0,0.0,0.0
1953-07-27,瑞典,Sweden,7184914.0,23.0,3.0,0.177,0.177
1953-07-27,保加利亚,Bulgaria,7144727.0,2.0,3.0,0.032,0.032
1953-07-27,智利,Chile,7033867.0,18.0,3.0,0.825,0.852
1953-07-27,奥地利,Austria,6903389.0,11.0,3.0,1.0,1.0
1953-07-27,委内瑞拉,Venezuela,6492324.0,4.0,3.0,0.029,0.029
1953-07-27,古巴,Cuba,6293194.0,6.0,3.0,1.0,1.0
1953-07-27,乌干达保护国,Uganda Protectorate,6213208.0,1.0,3.0,0.037,0.037
1953-07-27,英属肯尼亚,Kenya Colony,6158396.0,0.0,5.0,0.0,0.0
1953-07-27,伊拉克,Iraq,6107670.0,1.0,3.0,0.0,0.0
1953-07-27,葡属莫桑比克,Portuguese Mozambique,6084211.0,1.0,3.0,1.0,1.0
1953-07-27,英属黄金海岸,Gold Coast,5174098.0,0.0,4.0,0.0,0.348
1953-07-27,英属马来亚,British Malaya,5148310.0,10.0,3.0,1.0,1.0
1953-07-27,卢旺达-乌隆迪（比利时管理）,Ruanda-Urundi (Belgian),4927163.0,2.0,3.0,1.0,1.0
1953-07-27,瑞士,Switzerland,4909523.0,26.0,3.0,1.0,1.0
1953-07-27,法属苏丹,French Sudan,4908034.0,1.0,3.0,1.0,1.0
1953-07-27,葡属安哥拉,Portuguese Angola,4726515.0,1.0,3.0,0.997,0.997
1953-07-27,法属柬埔寨（保护国）,French Cambodia (protectorate),4665728.0,2.0,3.0,1.0,1.0
1953-07-27,丹麦,Denmark,4365730.0,18.0,3.0,0.96,0.96
1953-07-27,法属上沃尔特,French Upper Volta,4351143.0,1.0,3.0,1.0,1.0
1953-07-27,法属马达加斯加,French Madagascar,4278146.0,0.0,5.0,0.0,0.0
1953-07-27,芬兰,Finland,4147181.0,0.0,5.0,0.0,0.0
1953-07-27,也门王国,Kingdom of Yemen,3948789.0,0.0,4.0,0.0,0.027
1953-07-27,叙利亚,Syria,3844094.0,1.0,3.0,0.0,0.0
1953-07-27,法属突尼斯,French protectorate of Tunisia,3838371.0,0.0,5.0,0.0,0.0
1953-07-27,厄瓜多尔,Ecuador,3800652.0,19.0,3.0,1.0,1.0
1953-07-27,法属喀麦隆,French Cameroun,3579999.0,2.0,3.0,0.133,0.133
1953-07-27,海地,Haiti,3451854.0,0.0,5.0,0.0,0.0
1953-07-27,挪威,Norway,3359997.0,1.0,3.0,0.0,0.0
1953-07-27,危地马拉,Guatemala,3347166.0,22.0,3.0,1.0,1.0
1953-07-27,玻利维亚,Bolivia,3270191.0,10.0,3.0,1.0,1.0
1953-07-27,法属几内亚,French Guinea,3164267.0,1.0,3.0,1.0,1.0
1953-07-27,尼亚萨兰,Nyasaland,3132401.0,0.0,5.0,0.0,0.0
1953-07-27,南罗得西亚,Southern Rhodesia,3074836.0,0.0,5.0,0.0,0.0
1953-07-27,法属科特迪瓦,French Côte d'Ivoire,2982784.0,1.0,3.0,1.0,1.0
1953-07-27,爱尔兰,Ireland,2930306.0,27.0,3.0,1.0,1.0
1953-07-27,法属尼日尔,French Niger,2866918.0,1.0,3.0,1.0,1.0
1953-07-27,法属塞内加尔,French Senegal,2755087.0,1.0,3.0,0.029,0.029
1953-07-27,法属乍得,French Chad,2691462.0,0.0,5.0,0.0,0.0
1953-07-27,北罗得西亚,Northern Rhodesia,2577980.0,0.0,5.0,0.0,0.0
1953-07-27,多米尼加,Dominican Republic,2574816.0,0.0,5.0,0.0,0.0
1953-07-27,乌拉圭,Uruguay,2354099.0,21.0,3.0,1.0,1.0
1953-07-27,萨尔瓦多,El Salvador,2349728.0,14.0,3.0,1.0,1.0
1953-07-27,波多黎各,Puerto Rico,2314930.0,4.0,3.0,1.0,1.0
1953-07-27,法属达荷美,French Dahomey,2273336.0,1.0,3.0,1.0,1.0
1953-07-27,沙特阿拉伯,Saudi Arabia,2169004.0,2.0,3.0,0.006,0.006
1953-07-27,英属塞拉利昂,British Sierra Leone,2077423.0,0.0,5.0,0.0,0.0
1953-07-27,新西兰,New Zealand,2047751.0,0.0,5.0,0.0,0.0
1953-07-27,法属老挝,French Laos,1800403.0,3.0,3.0,1.0,1.0
1953-07-27,意大利托管索马里兰,Trust Territory of Somaliland (Italian administration),1798008.0,0.0,5.0,0.0,0.0
1953-07-27,巴布亚和新几内亚领地,Territory of Papua and New Guinea,1753671.0,0.0,4.0,0.0,1.0
1953-07-27,英属喀麦隆,British Cameroons,1733311.0,2.0,3.0,0.963,0.963
1953-07-27,洪都拉斯,Honduras,1687831.0,19.0,3.0,1.0,1.0
1953-07-27,巴拉圭,Paraguay,1602510.0,16.0,3.0,0.996,0.996
1953-07-27,法属乌班吉沙立,French Ubangi-Shari,1514696.0,0.0,5.0,0.0,0.0
1953-07-27,阿尔巴尼亚,Albania,1510142.0,2.0,3.0,0.036,0.036
1953-07-27,英属牙买加,British Jamaica,1509736.0,0.0,5.0,0.0,0.0
1953-07-27,法属多哥,French Togoland,1508240.0,1.0,3.0,1.0,1.0
1953-07-27,黎巴嫩,Lebanon,1481231.0,1.0,3.0,0.016,0.016
1953-07-27,尼加拉瓜,Nicaragua,1446940.0,16.0,3.0,1.0,1.0
1953-07-27,西属摩洛哥,Spanish Morocco,1315032.0,3.0,3.0,0.0,0.0
1953-07-27,以色列,Israel,1273129.0,8.0,3.0,1.0,1.0
1953-07-27,英属新加坡,Singapore (British),1187520.0,0.0,5.0,0.0,0.0
1953-07-27,利比亚,Libya,1182973.0,0.0,5.0,0.0,0.0
1953-07-27,哥斯达黎加,Costa Rica,1027304.0,7.0,3.0,1.0,1.0
1953-07-27,利比里亚,Liberia,972972.0,0.0,5.0,0.0,0.0
1953-07-27,巴拿马,Panama,928860.0,10.0,3.0,1.0,1.0
1953-07-27,法属刚果,French Congo (Middle Congo),899225.0,0.0,5.0,0.0,0.0
1953-07-27,北婆罗洲,North Borneo,865638.0,0.0,5.0,0.0,0.0
1953-07-27,蒙古,Mongolia,821210.0,2.0,3.0,0.002,0.002
1953-07-27,约旦河西岸（约旦管理）,West Bank (Jordanian administration),806736.0,4.0,3.0,0.572,0.572
1953-07-27,英属特立尼达和多巴哥,British Trinidad and Tobago,782076.0,0.0,5.0,0.0,0.0
1953-07-27,沙捞越,Sarawak,733088.0,0.0,5.0,0.0,0.0
1953-07-27,法属毛里塔尼亚,French Mauritania,705828.0,1.0,3.0,1.0,1.0
1953-07-27,巴苏陀兰,Basutoland,594568.0,0.0,5.0,0.0,0.0
1953-07-27,英属索马里兰,British Somaliland,579257.0,0.0,5.0,0.0,0.0
1953-07-27,英属毛里求斯,British Mauritius,571920.0,2.0,3.0,0.0,0.0
1953-07-27,葡属几内亚,Portuguese Guinea,553920.0,1.0,3.0,1.0,1.0
1953-07-27,约旦,Jordan,545009.0,2.0,3.0,0.039,0.039
1953-07-27,法属加蓬,French Gabon,544087.0,0.0,5.0,0.0,0.0
1953-07-27,亚丁,Aden,537609.0,0.0,4.0,0.0,0.016
1953-07-27,西南非洲（南非管理）,South West Africa (South African administration),530528.0,1.0,3.0,1.0,1.0
1953-07-27,夏威夷（美国领地）,Territory of Hawaii,522233.0,1.0,3.0,1.0,1.0
1953-07-27,英属斐济,British Fiji,518235.0,1.0,3.0,0.003,0.003
1953-07-27,英属塞浦路斯,British Cyprus,516730.0,0.0,5.0,0.0,0.0
1953-07-27,英属圭亚那,British Guiana,455361.0,3.0,3.0,1.0,1.0
1953-07-27,马提尼克,Martinique,451778.0,0.0,5.0,0.0,0.0
1953-07-27,贝专纳保护地,Bechuanaland Protectorate,442464.0,0.0,5.0,0.0,0.0
1953-07-27,马斯喀特和阿曼,Muscat and Oman,437808.0,0.0,4.0,0.0,0.042
1953-07-27,葡属帝汶,Portuguese Timor,428732.0,1.0,3.0,1.0,1.0
1953-07-27,留尼汪,Réunion,418692.0,0.0,5.0,0.0,0.0
1953-07-27,瓜德罗普,Guadeloupe,413354.0,3.0,3.0,1.0,1.0
1953-07-27,英属多哥兰,British Togoland,377404.0,1.0,3.0,0.371,0.371
1953-07-27,东亚丁保护地,East Aden Protectorate,344692.0,0.0,4.0,0.0,0.101
1953-07-27,加沙地带（埃及管理）,Gaza Strip (Egyptian administration),342778.0,1.0,3.0,1.0,1.0
1953-07-27,英属冈比亚,British Gambia,331572.0,0.0,5.0,0.0,0.0
1953-07-27,英属马耳他,British Malta,309684.0,0.0,5.0,0.0,0.0
1953-07-27,卢森堡,Luxembourg,295112.0,3.0,3.0,1.0,1.0
1953-07-27,斯威士兰（英国保护地）,Swaziland (British protectorate),293675.0,0.0,5.0,0.0,0.0
1953-07-27,西属几内亚,Spanish Guinea,240403.0,0.0,5.0,0.0,0.0
1953-07-27,法属科摩罗,French Comoros,235488.0,0.0,5.0,0.0,0.0
1953-07-27,桑给巴尔（英国保护国）,Zanzibar (British protectorate),235226.0,0.0,5.0,0.0,0.0
1953-07-27,英属巴巴多斯,British Barbados,219700.0,11.0,3.0,1.0,1.0
1953-07-27,荷属新几内亚,Netherlands New Guinea,218374.0,1.0,3.0,0.573,1.0
1953-07-27,荷属苏里南,Dutch Suriname,209267.0,0.0,4.0,0.0,1.0
1953-07-27,阿拉斯加（美国领地）,Alaska (US territory),207783.0,1.0,3.0,1.0,1.0
1953-07-27,葡属佛得角,Portuguese Cape Verde,191546.0,1.0,3.0,1.0,1.0
1953-07-27,英属所罗门群岛,British Solomon Islands,188251.0,0.0,5.0,0.0,0.0
1953-07-27,不丹,Bhutan,177618.0,1.0,3.0,0.008,0.008
1953-07-27,科威特（英国保护国）,Kuwait (British protectorate),170000.0,0.0,6.0,0.0,0.0
1953-07-27,冰岛,Iceland,152239.0,1.0,3.0,0.0,0.0
1953-07-27,特鲁西尔诸国（休战诸国）,Trucial States,127505.0,0.0,5.0,0.0,0.0
1953-07-27,巴林（英国保护国）,Bahrain (British protectorate),115000.0,0.0,6.0,0.0,0.0
1953-07-27,新喀里多尼亚,New Caledonia,101793.0,1.0,3.0,1.0,1.0
1953-07-27,英属巴哈马,British Bahamas,90642.0,1.0,3.0,0.034,0.034
1953-07-27,法属波利尼西亚,French Polynesia,87094.0,1.0,3.0,1.0,1.0
1953-07-27,西萨摩亚（新西兰托管地）,Western Samoa (New Zealand trust territory),80000.0,0.0,6.0,0.0,0.0
1953-07-27,马尔代夫（英国保护国）,Maldives (British protectorate),78491.0,0.0,5.0,0.0,0.0
1953-07-27,英属洪都拉斯,British Honduras,74693.0,6.0,3.0,1.0,1.0
1953-07-27,格林纳达（英属向风群岛）,Grenada (British Windward Islands),72000.0,1.0,3.0,1.0,1.0
1953-07-27,圣卢西亚（英属向风群岛）,St Lucia (British Windward Islands),70000.0,1.0,3.0,1.0,1.0
1953-07-27,法属索马里,French Somaliland,68618.0,1.0,3.0,1.0,1.0
1953-07-27,圣文森特（英属向风群岛）,St Vincent (British Windward Islands),61000.0,1.0,3.0,1.0,1.0
1953-07-27,太平洋岛屿托管地（美国托管）,Trust Territory of the Pacific Islands (US),60000.0,1.0,3.0,0.997,0.997
1953-07-27,圣多美和普林西比（葡属）,São Tomé and Príncipe (Portuguese),60000.0,1.0,3.0,1.0,1.0
1953-07-27,西属西非,Spanish West Africa,54001.0,0.0,5.0,0.0,0.0
1953-07-27,文莱（英国保护国）,Brunei (British protectorate),52947.0,0.0,5.0,0.0,0.0
1953-07-27,法属圭亚那,French Guiana,48241.0,1.0,3.0,1.0,1.0
1953-07-27,多米尼克（英属）,Dominica (British),47000.0,1.0,3.0,1.0,1.0
1953-07-27,新赫布里底（英法共管地）,New Hebrides (Anglo-French condominium),45000.0,0.0,6.0,0.0,0.0
1953-07-27,圣基茨和尼维斯（英属背风群岛）,St Kitts-Nevis (British Leeward Islands),41000.0,1.0,3.0,1.0,1.0
1953-07-27,安提瓜（英属背风群岛）,Antigua (British Leeward Islands),40000.0,2.0,3.0,1.0,1.0
1953-07-27,卡塔尔（英国保护国）,Qatar (British protectorate),35960.0,0.0,5.0,0.0,0.0
1953-07-27,吉尔伯特和埃利斯群岛（英属）,Gilbert and Ellice Islands (British),35000.0,0.0,6.0,0.0,0.0
1953-07-27,汤加（英国保护国）,Tonga (British protectorate),34000.0,0.0,6.0,0.0,0.0
1953-07-27,塞舌尔（英属）,Seychelles (British),32000.0,0.0,6.0,0.0,0.0
1953-07-27,格陵兰（丹麦的一个郡）,Greenland (Danish county),30000.0,3.0,3.0,1.0,1.0
1953-07-27,关岛（美国属地）,Guam (US territory),22000.0,1.0,3.0,1.0,1.0
1953-07-27,美属萨摩亚（美国属地）,American Samoa (US territory),13000.0,1.0,3.0,1.0,1.0
1953-07-27,纽埃（新西兰属地）,Niue (New Zealand),4000.0,1.0,3.0,1.0,1.0
1953-07-27,瑙鲁（澳大利亚管理的托管地）,Nauru (Australian-administered trust territory),3000.0,0.0,6.0,0.0,0.0
1991-12-26,中华人民共和国,People's Republic of China,1176828104.0,37.0,3.0,0.999,0.999
1991-12-26,印度,India,884121133.0,35.0,3.0,0.999,0.999
1991-12-26,美国,United States,253261845.0,52.0,3.0,1.0,1.0
1991-12-26,印度尼西亚,Indonesia,187580969.0,27.0,3.0,1.0,1.0
1991-12-26,巴西,Brazil,151571699.0,28.0,3.0,1.0,1.0
1991-12-26,俄罗斯,Russia,146307442.0,76.0,3.0,0.962,1.0
1991-12-26,日本,Japan,123909287.0,47.0,3.0,1.0,1.0
1991-12-26,巴基斯坦,Pakistan,120296944.0,8.0,3.0,1.0,1.0
1991-12-26,孟加拉国,Bangladesh,113900678.0,4.0,3.0,1.0,1.0
1991-12-26,尼日利亚,Nigeria,99723652.0,31.0,3.0,1.0,1.0
1991-12-26,墨西哥,Mexico,84309115.0,33.0,3.0,1.0,1.0
1991-12-26,德国,Germany,80125232.0,27.0,3.0,1.0,1.0
1991-12-26,越南,Vietnam,66884618.0,55.0,3.0,1.0,1.0
1991-12-26,菲律宾,Philippines,64203406.0,75.0,3.0,1.0,1.0
1991-12-26,埃及,Egypt,60057690.0,27.0,3.0,1.0,1.0
1991-12-26,伊朗,Iran,60031830.0,24.0,3.0,1.0,1.0
1991-12-26,意大利,Italy,57698028.0,27.0,3.0,0.902,0.902
1991-12-26,英国,United Kingdom,57669851.0,7.0,3.0,1.0,1.0
1991-12-26,土耳其,Turkey,57069603.0,74.0,3.0,1.0,1.0
1991-12-26,法国,France,56243523.0,27.0,3.0,1.0,1.0
1991-12-26,泰国,Thailand,55641566.0,74.0,3.0,1.0,1.0
1991-12-26,乌克兰,Ukraine,54718766.0,25.0,3.0,0.999,0.999
1991-12-26,埃塞俄比亚,Ethiopia,51655926.0,0.0,5.0,0.0,0.0
1991-12-26,韩国（大韩民国）,South Korea (Republic of Korea),44429998.0,19.0,3.0,1.0,1.0
1991-12-26,南非,South Africa,41774750.0,4.0,3.0,1.0,1.0
1991-12-26,缅甸,Myanmar,40552681.0,14.0,3.0,1.0,1.0
1991-12-26,西班牙,Spain,39213985.0,18.0,3.0,0.962,0.962
1991-12-26,波兰,Poland,37961075.0,9.0,3.0,0.104,0.127
1991-12-26,扎伊尔,Zaire,37787408.0,12.0,3.0,0.998,0.998
1991-12-26,阿根廷,Argentina,33226834.0,24.0,3.0,1.0,1.0
1991-12-26,哥伦比亚,Colombia,32910470.0,34.0,3.0,1.0,1.0
1991-12-26,加拿大,Canada,28190653.0,14.0,3.0,1.0,1.0
1991-12-26,苏丹,Sudan,27265230.0,9.0,3.0,1.0,1.0
1991-12-26,坦桑尼亚,Tanzania,26741271.0,0.0,5.0,0.0,0.0
1991-12-26,阿尔及利亚,Algeria,25998662.0,48.0,3.0,0.999,0.999
1991-12-26,摩洛哥,Morocco,25104110.0,6.0,3.0,0.01,0.014
1991-12-26,南斯拉夫,Yugoslavia,23647989.0,8.0,3.0,1.0,1.0
1991-12-26,肯尼亚,Kenya,23551293.0,8.0,3.0,1.0,1.0
1991-12-26,罗马尼亚,Romania,23467707.0,46.0,3.0,1.0,1.0
1991-12-26,秘鲁,Peru,22529343.0,24.0,3.0,1.0,1.0
1991-12-26,乌兹别克斯坦,Uzbekistan,21498511.0,13.0,3.0,1.0,1.0
1991-12-26,朝鲜（朝鲜民主主义人民共和国）,North Korea (DPRK),21408548.0,13.0,3.0,1.0,1.0
1991-12-26,中华民国（台湾）,Republic of China (Taiwan),20733404.0,2.0,3.0,1.0,1.0
1991-12-26,委内瑞拉,Venezuela,20685660.0,3.0,3.0,0.024,0.029
1991-12-26,尼泊尔,Nepal,19567144.0,0.0,5.0,0.0,0.0
1991-12-26,马来西亚,Malaysia,18553649.0,15.0,3.0,1.0,1.0
1991-12-26,乌干达,Uganda,18070299.0,1.0,3.0,0.03,0.03
1991-12-26,伊拉克,Iraq,17846732.0,19.0,3.0,1.0,1.0
1991-12-26,澳大利亚,Australia,17352337.0,8.0,3.0,1.0,1.0
1991-12-26,哈萨克斯坦,Kazakhstan,17337343.0,19.0,3.0,1.0,1.0
1991-12-26,斯里兰卡,Sri Lanka,16475356.0,8.0,3.0,1.0,1.0
1991-12-26,加纳,Ghana,15766397.0,10.0,3.0,1.0,1.0
1991-12-26,捷克斯洛伐克,Czechoslovakia,15717786.0,1.0,3.0,0.007,1.0
1991-12-26,荷兰,Netherlands,15216730.0,5.0,3.0,0.254,1.0
1991-12-26,也门,Yemen,14432170.0,2.0,3.0,0.015,0.015
1991-12-26,智利,Chile,13663565.0,0.0,4.0,0.0,0.153
1991-12-26,莫桑比克,Mozambique,13264238.0,10.0,3.0,1.0,1.0
1991-12-26,叙利亚,Syria,12915380.0,14.0,3.0,1.0,1.0
1991-12-26,科特迪瓦,Côte d'Ivoire,12728647.0,2.0,3.0,0.033,0.033
1991-12-26,马达加斯加,Madagascar,12441079.0,0.0,5.0,0.0,0.0
1991-12-26,安哥拉,Angola,12068031.0,1.0,3.0,0.003,0.003
1991-12-26,阿富汗,Afghanistan,12009786.0,2.0,3.0,0.034,0.035
1991-12-26,喀麦隆,Cameroon,11623097.0,11.0,3.0,1.0,1.0
1991-12-26,沙特阿拉伯,Saudi Arabia,11161235.0,14.0,3.0,0.999,0.999
1991-12-26,古巴,Cuba,10745088.0,15.0,3.0,1.0,1.0
1991-12-26,厄瓜多尔,Ecuador,10702976.0,22.0,3.0,0.993,0.993
1991-12-26,津巴布韦,Zimbabwe,10419582.0,10.0,3.0,1.0,1.0
1991-12-26,匈牙利,Hungary,10374868.0,19.0,3.0,1.0,1.0
1991-12-26,希腊,Greece,10285116.0,2.0,3.0,0.005,0.005
1991-12-26,白俄罗斯,Belarus,10213258.0,7.0,3.0,1.0,1.0
1991-12-26,葡萄牙,Portugal,9965620.0,5.0,3.0,0.083,0.083
1991-12-26,马拉维,Malawi,9859036.0,0.0,5.0,0.0,0.0
1991-12-26,比利时,Belgium,9677372.0,11.0,3.0,1.0,1.0
1991-12-26,布基纳法索,Burkina Faso,9380090.0,2.0,3.0,0.028,0.028
1991-12-26,马里,Mali,9370991.0,0.0,5.0,0.0,0.0
1991-12-26,危地马拉,Guatemala,9267748.0,22.0,3.0,1.0,1.0
1991-12-26,瑞典,Sweden,8632002.0,23.0,3.0,0.177,0.177
1991-12-26,尼日尔,Niger,8560795.0,4.0,3.0,0.093,0.093
1991-12-26,突尼斯,Tunisia,8491374.0,3.0,3.0,0.036,0.036
1991-12-26,保加利亚,Bulgaria,8371011.0,9.0,3.0,0.114,0.114
1991-12-26,赞比亚,Zambia,8045624.0,0.0,5.0,0.0,0.0
1991-12-26,塞内加尔,Senegal,7925307.0,0.0,5.0,0.0,0.0
1991-12-26,卢旺达,Rwanda,7836584.0,0.0,5.0,0.0,0.0
1991-12-26,奥地利,Austria,7724906.0,10.0,3.0,1.0,1.0
1991-12-26,柬埔寨,Cambodia,7700864.0,7.0,3.0,0.169,0.169
1991-12-26,阿塞拜疆,Azerbaijan,7386706.0,2.0,3.0,0.069,1.0
1991-12-26,玻利维亚,Bolivia,7340216.0,10.0,3.0,1.0,1.0
1991-12-26,多米尼加,Dominican Republic,7222417.0,0.0,5.0,0.0,0.0
1991-12-26,海地,Haiti,7076635.0,0.0,5.0,0.0,0.0
1991-12-26,以色列,Israel,6946918.0,8.0,3.0,1.0,1.0
1991-12-26,瑞士,Switzerland,6842708.0,26.0,3.0,1.0,1.0
1991-12-26,索马里,Somalia,6734617.0,1.0,3.0,0.266,0.266
1991-12-26,几内亚,Guinea,6709780.0,0.0,5.0,0.0,0.0
1991-12-26,乍得,Chad,6265900.0,1.0,3.0,0.087,0.087
1991-12-26,布隆迪,Burundi,5686024.0,0.0,5.0,0.0,0.0
1991-12-26,塔吉克斯坦,Tajikistan,5578989.0,5.0,3.0,1.0,1.0
1991-12-26,萨尔瓦多,El Salvador,5513586.0,14.0,3.0,1.0,1.0
1991-12-26,贝宁,Benin,5382048.0,2.0,3.0,0.103,0.103
1991-12-26,格鲁吉亚,Georgia,5271444.0,1.0,3.0,0.024,1.0
1991-12-26,丹麦,Denmark,5149996.0,14.0,3.0,1.0,1.0
1991-12-26,洪都拉斯,Honduras,5114931.0,20.0,3.0,1.0,1.0
1991-12-26,芬兰,Finland,5019721.0,0.0,5.0,0.0,0.0
1991-12-26,吉尔吉斯斯坦,Kyrgyzstan,4641255.0,7.0,3.0,1.0,1.0
1991-12-26,利比亚,Libya,4543066.0,0.0,5.0,0.0,0.0
1991-12-26,摩尔多瓦,Moldova,4486233.0,0.0,4.0,0.0,1.0
1991-12-26,老挝,Laos,4443171.0,8.0,3.0,0.207,0.207
1991-12-26,巴布亚新几内亚,Papua New Guinea,4305083.0,0.0,5.0,0.0,0.0
1991-12-26,挪威,Norway,4260406.0,1.0,3.0,0.0,0.0
1991-12-26,塞拉利昂,Sierra Leone,4260097.0,0.0,5.0,0.0,0.0
1991-12-26,尼加拉瓜,Nicaragua,4251856.0,17.0,3.0,1.0,1.0
1991-12-26,多哥,Togo,4187719.0,1.0,3.0,0.155,0.155
1991-12-26,巴拉圭,Paraguay,4129988.0,20.0,3.0,1.0,1.0
1991-12-26,土库曼斯坦,Turkmenistan,3978863.0,5.0,3.0,0.994,1.0
1991-12-26,约旦,Jordan,3917208.0,4.0,3.0,0.162,0.162
1991-12-26,黎巴嫩,Lebanon,3718405.0,3.0,3.0,0.076,0.076
1991-12-26,立陶宛,Lithuania,3701627.0,1.0,3.0,0.008,0.008
1991-12-26,波多黎各,Puerto Rico,3694416.0,2.0,3.0,1.0,1.0
1991-12-26,亚美尼亚,Armenia,3580636.0,1.0,3.0,0.0,1.0
1991-12-26,爱尔兰,Ireland,3535795.0,27.0,3.0,1.0,1.0
1991-12-26,新西兰,New Zealand,3480937.0,0.0,5.0,0.0,0.0
1991-12-26,阿尔巴尼亚,Albania,3321386.0,1.0,3.0,0.005,0.005
1991-12-26,乌拉圭,Uruguay,3225236.0,20.0,3.0,1.0,1.0
1991-12-26,哥斯达黎加,Costa Rica,3203043.0,7.0,3.0,1.0,1.0
1991-12-26,新加坡,Singapore,3136294.0,1.0,3.0,0.091,0.091
1991-12-26,中非共和国,Central African Republic,2985456.0,0.0,5.0,0.0,0.0
1991-12-26,拉脱维亚,Latvia,2629218.0,5.0,3.0,0.021,0.021
1991-12-26,巴拿马,Panama,2509916.0,11.0,3.0,1.0,1.0
1991-12-26,刚果（布）,Republic of the Congo,2469831.0,0.0,5.0,0.0,0.0
1991-12-26,牙买加,Jamaica,2400869.0,0.0,5.0,0.0,0.0
1991-12-26,蒙古,Mongolia,2204343.0,0.0,5.0,0.0,0.0
1991-12-26,阿拉伯联合酋长国,United Arab Emirates,2115924.0,1.0,3.0,0.027,0.027
1991-12-26,马其顿,Macedonia,2035459.0,1.0,3.0,0.184,0.184
1991-12-26,毛里塔尼亚,Mauritania,2023129.0,0.0,5.0,0.0,0.0
1991-12-26,利比里亚,Liberia,1946019.0,0.0,5.0,0.0,0.0
1991-12-26,莱索托,Lesotho,1785437.0,0.0,5.0,0.0,0.0
1991-12-26,阿曼,Oman,1742270.0,8.0,3.0,1.0,1.0
1991-12-26,爱沙尼亚,Estonia,1520528.0,15.0,3.0,1.0,1.0
1991-12-26,纳米比亚,Namibia,1406050.0,0.0,5.0,0.0,0.0
1991-12-26,特立尼达和多巴哥,Trinidad and Tobago,1362964.0,0.0,5.0,0.0,0.0
1991-12-26,科威特,Kuwait,1349743.0,1.0,3.0,0.009,0.009
1991-12-26,博茨瓦纳,Botswana,1330157.0,0.0,5.0,0.0,0.0
1991-12-26,加蓬,Gabon,1135306.0,0.0,5.0,0.0,0.0
1991-12-26,斐济,Fiji,1121085.0,2.0,3.0,0.02,0.02
1991-12-26,冈比亚,Gambia,1107009.0,0.0,5.0,0.0,0.0
1991-12-26,毛里求斯,Mauritius,1103041.0,0.0,5.0,0.0,0.0
1991-12-26,几内亚比绍,Guinea-Bissau,990422.0,0.0,5.0,0.0,0.0
1991-12-26,斯威士兰,Swaziland,910610.0,1.0,3.0,0.066,0.066
1991-12-26,塞浦路斯,Cyprus,798944.0,3.0,3.0,0.725,0.725
1991-12-26,圭亚那,Guyana,749198.0,10.0,3.0,1.0,1.0
1991-12-26,留尼汪,Réunion,666602.0,0.0,5.0,0.0,0.0
1991-12-26,马提尼克,Martinique,661982.0,0.0,5.0,0.0,0.0
1991-12-26,吉布提,Djibouti,631034.0,0.0,5.0,0.0,0.0
1991-12-26,科摩罗,Comoros,608968.0,0.0,5.0,0.0,0.0
1991-12-26,瓜德罗普,Guadeloupe,585261.0,4.0,3.0,1.0,1.0
1991-12-26,不丹,Bhutan,578342.0,2.0,3.0,0.122,0.122
1991-12-26,巴林,Bahrain,531869.0,0.0,5.0,0.0,0.0
1991-12-26,所罗门群岛,Solomon Islands,523140.0,0.0,5.0,0.0,0.0
1991-12-26,赤道几内亚,Equatorial Guinea,494432.0,0.0,5.0,0.0,0.0
1991-12-26,卡塔尔,Qatar,454855.0,0.0,5.0,0.0,0.0
1991-12-26,苏里南,Suriname,407728.0,0.0,5.0,0.0,0.0
1991-12-26,佛得角,Cape Verde,384586.0,0.0,5.0,0.0,0.0
1991-12-26,卢森堡,Luxembourg,378550.0,3.0,3.0,1.0,1.0
1991-12-26,马耳他,Malta,371720.0,0.0,5.0,0.0,0.0
1991-12-26,巴哈马,Bahamas,287650.0,0.0,5.0,0.0,0.0
1991-12-26,新喀里多尼亚,New Caledonia,275799.0,1.0,3.0,1.0,1.0
1991-12-26,冰岛,Iceland,261169.0,1.0,3.0,0.0,0.0
1991-12-26,巴巴多斯,Barbados,260056.0,1.0,3.0,1.0,1.0
1991-12-26,文莱,Brunei,240417.0,1.0,3.0,0.283,0.283
1991-12-26,马尔代夫,Maldives,232589.0,0.0,5.0,0.0,0.0
1991-12-26,法属波利尼西亚,French Polynesia,226715.0,1.0,3.0,1.0,1.0
1991-12-26,密克罗尼西亚、马绍尔群岛、北马里亚纳与帕劳（与美国自由联系、美国联邦属地及托管地）,"Micronesia, Marshall Islands, Northern Marianas and Palau (US free association, commonwealth and trust territory)",205000.0,1.0,3.0,0.105,0.105
1991-12-26,伯利兹,Belize,185159.0,6.0,3.0,1.0,1.0
1991-12-26,西萨摩亚,Western Samoa,160000.0,0.0,6.0,0.0,0.0
1991-12-26,瓦努阿图,Vanuatu,150000.0,0.0,6.0,0.0,0.0
1991-12-26,圣卢西亚,Saint Lucia,135000.0,0.0,6.0,0.0,0.0
1991-12-26,法属圭亚那,French Guiana,120746.0,1.0,3.0,1.0,1.0
1991-12-26,圣多美和普林西比,São Tomé and Príncipe,120000.0,0.0,6.0,0.0,0.0
1991-12-26,圣文森特和格林纳丁斯,Saint Vincent and the Grenadines,108000.0,0.0,6.0,0.0,0.0
1991-12-26,格林纳达,Grenada,96000.0,0.0,6.0,0.0,0.0
1991-12-26,汤加,Tonga,95000.0,0.0,6.0,0.0,0.0
1991-12-26,基里巴斯和图瓦卢,Kiribati and Tuvalu,80000.0,0.0,6.0,0.0,0.0
1991-12-26,多米尼克,Dominica,71000.0,0.0,6.0,0.0,0.0
1991-12-26,塞舌尔,Seychelles,70000.0,0.0,6.0,0.0,0.0
1991-12-26,安提瓜和巴布达,Antigua and Barbuda,63000.0,1.0,3.0,0.0,0.0
1991-12-26,格陵兰（丹麦自治领地）,Greenland (Danish home rule),56000.0,3.0,3.0,1.0,1.0
1991-12-26,圣基茨和尼维斯,Saint Kitts and Nevis,41000.0,0.0,6.0,0.0,0.0
1991-12-26,关岛（美国属地）,Guam (US territory),22000.0,1.0,3.0,1.0,1.0
1991-12-26,美属萨摩亚（美国属地）,American Samoa (US territory),13000.0,1.0,3.0,1.0,1.0
1991-12-26,瑙鲁,Nauru,9500.0,0.0,6.0,0.0,0.0
1991-12-26,纽埃（与新西兰自由联系的自治领地）,"Niue (self-governing, in free association with New Zealand)",2300.0,0.0,6.0,0.0,0.0
