snapshot,tier,tier_zh,admin_units,area_km2,population_est,area_share,pop_share
1939-09-01,1,县级,4197,14418607,251969044,0.1046,0.113
1939-09-01,2,地区级,308,4111020,145023033,0.0298,0.065
1939-09-01,3,省级,919,78750654,1355161807,0.5713,0.6075
1939-09-01,4,大区级,28,4685135,56605639,0.034,0.0254
1939-09-01,5,整个国家/殖民地,144,35850120,421231979,0.2601,0.1888
1939-09-01,6,岛屿属地,11,28814,609400,0.0002,0.0003
1940-07-01,1,县级,4161,14376082,247818866,0.1043,0.1105
1940-07-01,2,地区级,311,4147922,151671462,0.0301,0.0677
1940-07-01,3,省级,917,78646443,1359926195,0.5706,0.6066
1940-07-01,4,大区级,28,4879174,57666921,0.0354,0.0257
1940-07-01,5,整个国家/殖民地,142,35759974,424049886,0.2594,0.1892
1940-07-01,6,岛屿属地,11,28814,609400,0.0002,0.0003
1941-12-07,1,县级,4176,14437628,252398518,0.1048,0.1116
1941-12-07,2,地区级,310,4145024,153138208,0.0301,0.0677
1941-12-07,3,省级,919,79973496,1358144542,0.5802,0.6004
1941-12-07,4,大区级,26,2472231,57754868,0.0179,0.0255
1941-12-07,5,整个国家/殖民地,142,36771542,439902878,0.2668,0.1945
1941-12-07,6,岛屿属地,11,28814,609400,0.0002,0.0003
1942-11-01,1,县级,4171,14499240,253593187,0.1052,0.1111
1942-11-01,2,地区级,311,4158111,154791767,0.0302,0.0678
1942-11-01,3,省级,922,80019740,1375437185,0.5806,0.6028
1942-11-01,4,大区级,26,2360663,54166704,0.0171,0.0237
1942-11-01,5,整个国家/殖民地,142,36764134,443071794,0.2667,0.1942
1942-11-01,6,岛屿属地,11,28814,609400,0.0002,0.0003
1944-06-06,1,县级,4178,14593505,254982789,0.1059,0.11
1944-06-06,2,地区级,308,4131955,153171538,0.03,0.0661
1944-06-06,3,省级,936,80103521,1401420331,0.581,0.6047
1944-06-06,4,大区级,28,2454895,57944053,0.0178,0.025
1944-06-06,5,整个国家/殖民地,142,36548353,449516869,0.2651,0.194
1944-06-06,6,岛屿属地,11,28814,609400,0.0002,0.0003
1945-09-02,1,县级,4106,14539149,259917081,0.1055,0.1108
1945-09-02,2,地区级,300,4105402,151768860,0.0298,0.0647
1945-09-02,3,省级,954,79994502,1403486332,0.5803,0.5985
1945-09-02,4,大区级,30,2754029,64079383,0.02,0.0273
1945-09-02,5,整个国家/殖民地,142,36440164,465286043,0.2643,0.1984
1945-09-02,6,岛屿属地,11,28814,609400,0.0002,0.0003
