snapshot,unit_name_zh,unit_name_en,population_est,finest_tier,pop_share_county,pop_share_province_or_finer
1939-09-01,中华民国,Republic of China,507571515.0,1.0,0.0,0.997
1939-09-01,英属印度,British India,361386983.0,1.0,0.051,0.744
1939-09-01,苏联,Soviet Union,168400209.0,1.0,0.015,0.795
1939-09-01,美国,United States,131521276.0,1.0,0.995,1.0
1939-09-01,大日本帝国,Empire of Japan,75735683.0,1.0,0.002,1.0
1939-09-01,纳粹德国（德意志国）,Nazi Germany (German Reich),71061611.0,1.0,0.257,0.999
1939-09-01,荷属东印度,Dutch East Indies,60243316.0,2.0,0.0,0.997
1939-09-01,英国,United Kingdom,47614170.0,1.0,0.071,1.0
1939-09-01,意大利王国,Kingdom of Italy,44184066.0,1.0,0.218,0.902
1939-09-01,法国,France,41239533.0,1.0,0.025,1.0
1939-09-01,巴西,Brazil,40204027.0,3.0,0.0,0.996
1939-09-01,波兰,Poland,35486003.0,1.0,0.128,0.689
1939-09-01,西班牙,Spain,25624454.0,2.0,0.0,0.932
1939-09-01,日据朝鲜（朝鲜总督府）,Korea under Japanese rule (Chōsen),25124942.0,1.0,0.977,1.0
1939-09-01,英属尼日利亚,British Nigeria,24791151.0,3.0,0.0,0.001
1939-09-01,法属印度支那（东京、安南、交趾支那）,French Indochina (Tonkin/Annam/Cochinchina),22366792.0,2.0,0.0,0.982
1939-09-01,墨西哥,Mexico,19938616.0,1.0,0.138,1.0
1939-09-01,罗马尼亚,Romania,19930000.0,2.0,0.0,0.198
1939-09-01,埃及,Egypt,17791474.0,5.0,0.0,0.0
1939-09-01,土耳其,Turkey,17283953.0,1.0,0.026,0.026
1939-09-01,英属缅甸,British Burma,16876822.0,1.0,0.999,0.999
1939-09-01,南斯拉夫,Yugoslavia,15596000.0,1.0,0.005,0.064
1939-09-01,泰国,Thailand,15405184.0,1.0,0.012,0.053
1939-09-01,埃塞俄比亚,Ethiopia,15113691.0,3.0,0.0,0.999
1939-09-01,捷克斯洛伐克,Czechoslovakia,14679995.0,1.0,0.074,0.183
1939-09-01,伊朗,Iran,14389393.0,5.0,0.0,0.0
1939-09-01,美属菲律宾,US Philippines,14375929.0,1.0,0.036,1.0
1939-09-01,阿根廷,Argentina,13862500.0,1.0,0.0,0.562
1939-09-01,比属刚果,Belgian Congo,11289720.0,5.0,0.0,0.0
1939-09-01,加拿大,Canada,11287913.0,1.0,0.002,0.999
1939-09-01,南非联邦,Union of South Africa,10299982.0,3.0,0.0,1.0
1939-09-01,匈牙利,Hungary,10288514.0,2.0,0.0,0.725
1939-09-01,荷兰,Netherlands,8911423.0,3.0,0.0,0.177
1939-09-01,哥伦比亚,Colombia,8725381.0,3.0,0.0,1.0
1939-09-01,英埃苏丹,Anglo-Egyptian Sudan,8204728.0,5.0,0.0,0.0
1939-09-01,比利时,Belgium,8066506.0,1.0,0.0,1.0
1939-09-01,法属阿尔及利亚,French Algeria,7830032.0,3.0,0.0,1.0
1939-09-01,葡萄牙,Portugal,7601531.0,3.0,0.0,0.038
1939-09-01,尼泊尔,Nepal,7323576.0,5.0,0.0,0.0
1939-09-01,希腊,Greece,6987402.0,5.0,0.0,0.0
1939-09-01,澳大利亚,Australia,6982167.0,3.0,0.0,0.985
1939-09-01,阿富汗,Afghanistan,6888828.0,3.0,0.0,0.026
1939-09-01,奥地利,Austria,6676229.0,1.0,0.001,0.589
1939-09-01,法属摩洛哥,French protectorate of Morocco,6543377.0,5.0,0.0,0.0
1939-09-01,秘鲁,Peru,6361406.0,1.0,0.824,0.975
1939-09-01,瑞典,Sweden,6343841.0,2.0,0.0,0.192
1939-09-01,保加利亚,Bulgaria,6290000.0,5.0,0.0,0.0
1939-09-01,坦噶尼喀领地（英国管理）,Tanganyika Territory (British),6060156.0,5.0,0.0,0.0
1939-09-01,英属锡兰,British Ceylon,5933186.0,3.0,0.0,1.0
1939-09-01,日据台湾（台湾总督府）,Taiwan under Japanese rule,5632062.0,1.0,1.0,1.0
1939-09-01,智利,Chile,5412039.0,1.0,0.221,0.825
1939-09-01,葡属莫桑比克,Portuguese Mozambique,5325087.0,5.0,0.0,0.0
1939-09-01,法属科特迪瓦,French Côte d'Ivoire,5125899.0,3.0,0.0,0.641
1939-09-01,法属苏丹,French Sudan,5120766.0,3.0,0.0,0.863
1939-09-01,古巴,Cuba,4610778.0,3.0,0.0,0.991
1939-09-01,乌干达保护国,Uganda Protectorate,4591116.0,3.0,0.0,0.037
1939-09-01,伊拉克,Iraq,4494416.0,3.0,0.0,0.0
1939-09-01,瑞士,Switzerland,4254859.0,1.0,0.014,0.513
1939-09-01,卢旺达-乌隆迪（比利时管理）,Ruanda-Urundi (Belgian),4168674.0,3.0,0.0,0.996
1939-09-01,葡属安哥拉,Portuguese Angola,4079437.0,5.0,0.0,0.0
1939-09-01,法属柬埔寨（保护国）,French Cambodia (protectorate),3912132.0,2.0,0.0,1.0
1939-09-01,法属马达加斯加,French Madagascar,3865950.0,5.0,0.0,0.0
1939-09-01,英属肯尼亚,Kenya Colony,3824898.0,5.0,0.0,0.0
1939-09-01,丹麦,Denmark,3801459.0,1.0,0.013,0.969
1939-09-01,芬兰,Finland,3700000.0,3.0,0.0,0.039
1939-09-01,英属黄金海岸,Gold Coast,3635032.0,3.0,0.0,0.023
1939-09-01,委内瑞拉,Venezuela,3629999.0,3.0,0.0,0.012
1939-09-01,法国委任统治叙利亚,French Mandate Syria,3059553.0,5.0,0.0,0.0
1939-09-01,法属突尼斯,French protectorate of Tunisia,2988640.0,5.0,0.0,0.0
1939-09-01,挪威,Norway,2952565.0,3.0,0.0,0.0
1939-09-01,法属尼日尔,French Niger,2947613.0,3.0,0.0,0.995
1939-09-01,玻利维亚,Bolivia,2931835.0,1.0,0.0,1.0
1939-09-01,爱尔兰,Ireland,2918242.0,1.0,0.987,1.0
1939-09-01,也门王国,Kingdom of Yemen,2843001.0,4.0,0.0,0.0
1939-09-01,海地,Haiti,2804798.0,5.0,0.0,0.0
1939-09-01,法属几内亚,French Guinea,2730867.0,3.0,0.0,0.997
1939-09-01,立陶宛,Lithuania,2710000.0,1.0,0.115,0.129
1939-09-01,法属喀麦隆,French Cameroun,2658688.0,3.0,0.0,0.133
1939-09-01,南罗得西亚,Southern Rhodesia,2567098.0,5.0,0.0,0.0
1939-09-01,厄瓜多尔,Ecuador,2561519.0,1.0,0.001,1.0
1939-09-01,沙特阿拉伯,Saudi Arabia,2509000.0,3.0,0.0,0.13
1939-09-01,法属塞内加尔,French Senegal,2361422.0,5.0,0.0,0.0
1939-09-01,危地马拉,Guatemala,2286720.0,1.0,0.019,1.0
1939-09-01,法属达荷美,French Dahomey,1995799.0,3.0,0.0,0.993
1939-09-01,乌拉圭,Uruguay,1988032.0,3.0,0.0,1.0
1939-09-01,尼亚萨兰,Nyasaland,1939809.0,5.0,0.0,0.0
1939-09-01,英属塞拉利昂,British Sierra Leone,1859277.0,5.0,0.0,0.0
1939-09-01,马来属邦,Unfederated Malay States,1848793.0,2.0,0.0,0.008
1939-09-01,波多黎各,Puerto Rico,1792921.0,3.0,0.0,1.0
1939-09-01,拉脱维亚,Latvia,1757507.0,1.0,0.055,0.067
1939-09-01,萨尔瓦多,El Salvador,1740279.0,2.0,0.0,1.0
1939-09-01,马来联邦,Federated Malay States,1719625.0,1.0,0.035,0.997
1939-09-01,北罗得西亚,Northern Rhodesia,1716889.0,5.0,0.0,0.0
1939-09-01,法属乍得,French Chad,1703219.0,5.0,0.0,0.0
1939-09-01,多米尼加,Dominican Republic,1669098.0,5.0,0.0,0.0
1939-09-01,新西兰,New Zealand,1624312.0,5.0,0.0,0.0
1939-09-01,法属老挝,French Laos,1570586.0,2.0,0.0,1.0
1939-09-01,英国委任统治巴勒斯坦,Mandatory Palestine (British),1542341.0,5.0,0.0,0.0
1939-09-01,意属索马里兰,Italian Somaliland,1536967.0,5.0,0.0,0.0
1939-09-01,西藏,Tibet,1459495.0,3.0,0.0,0.997
1939-09-01,法属多哥,French Togoland,1293467.0,3.0,0.0,0.996
1939-09-01,海峡殖民地,Straits Settlements,1276136.0,2.0,0.0,0.263
1939-09-01,英属喀麦隆,British Cameroons,1209351.0,3.0,0.0,0.963
1939-09-01,英属牙买加,British Jamaica,1190925.0,5.0,0.0,0.0
1939-09-01,洪都拉斯,Honduras,1190474.0,3.0,0.0,1.0
1939-09-01,爱沙尼亚,Estonia,1141000.0,1.0,0.027,0.027
1939-09-01,巴拉圭,Paraguay,1122555.0,3.0,0.0,0.817
1939-09-01,新几内亚领地（澳大利亚管理）,Territory of New Guinea (Australian),1098195.0,3.0,0.0,0.056
1939-09-01,法国委任统治黎巴嫩,French Mandate Lebanon,1074217.0,5.0,0.0,0.0
1939-09-01,意属利比亚,Italian Libya,1070366.0,5.0,0.0,0.0
1939-09-01,阿尔巴尼亚,Albania,1070000.0,5.0,0.0,0.0
1939-09-01,西属摩洛哥,Spanish Morocco,1036815.0,3.0,0.0,0.0
1939-09-01,法属乌班吉沙立,French Ubangi-Shari,1012493.0,5.0,0.0,0.0
1939-09-01,尼加拉瓜,Nicaragua,987381.0,3.0,0.0,1.0
1939-09-01,利比里亚,Liberia,836358.0,5.0,0.0,0.0
1939-09-01,法属刚果,French Congo (Middle Congo),773726.0,5.0,0.0,0.0
1939-09-01,蒙古,Mongolia,761665.0,3.0,0.0,0.024
1939-09-01,意属厄立特里亚,Italian Eritrea,700553.0,5.0,0.0,0.0
1939-09-01,哥斯达黎加,Costa Rica,682823.0,3.0,0.0,1.0
1939-09-01,北婆罗洲,North Borneo,676197.0,5.0,0.0,0.0
1939-09-01,巴拿马,Panama,665621.0,1.0,0.022,1.0
1939-09-01,沙捞越,Sarawak,585918.0,5.0,0.0,0.0
1939-09-01,英属特立尼达和多巴哥,British Trinidad and Tobago,549327.0,3.0,0.0,0.085
1939-09-01,夏威夷（美国领地）,Territory of Hawaii,539870.0,1.0,0.97,1.0
1939-09-01,法属毛里塔尼亚,French Mauritania,521970.0,3.0,0.0,0.989
1939-09-01,巴苏陀兰,Basutoland,514759.0,5.0,0.0,0.0
1939-09-01,葡属几内亚,Portuguese Guinea,499976.0,5.0,0.0,0.0
1939-09-01,英属索马里兰,British Somaliland,495164.0,5.0,0.0,0.0
1939-09-01,法属加蓬,French Gabon,487629.0,5.0,0.0,0.0
1939-09-01,亚丁,Aden,471794.0,4.0,0.0,0.0
1939-09-01,英属毛里求斯,British Mauritius,435606.0,3.0,0.0,0.0
1939-09-01,葡属帝汶,Portuguese Timor,432668.0,5.0,0.0,0.0
1939-09-01,巴布亚领地（澳大利亚）,Territory of Papua (Australian),432330.0,3.0,0.0,1.0
1939-09-01,马斯喀特和阿曼,Muscat and Oman,415503.0,4.0,0.0,0.0
1939-09-01,留尼汪,Réunion,404083.0,5.0,0.0,0.0
1939-09-01,马提尼克,Martinique,401351.0,3.0,0.0,0.419
1939-09-01,英属塞浦路斯,British Cyprus,400414.0,5.0,0.0,0.0
1939-09-01,外约旦（英国委任统治）,Transjordan (British mandate),392457.0,5.0,0.0,0.0
1939-09-01,英属圭亚那,British Guiana,383764.0,3.0,0.0,1.0
1939-09-01,瓜德罗普,Guadeloupe,377452.0,3.0,0.0,1.0
1939-09-01,英属斐济,British Fiji,357961.0,3.0,0.0,0.06
1939-09-01,西南非洲（南非管理）,South West Africa (South African administration),341896.0,3.0,0.0,0.986
1939-09-01,桦太（日属南库页岛）,Karafuto (Japanese South Sakhalin),325418.0,3.0,0.0,1.0
1939-09-01,东亚丁保护地,East Aden Protectorate,302509.0,4.0,0.0,0.0
1939-09-01,英属冈比亚,British Gambia,283231.0,5.0,0.0,0.0
1939-09-01,贝专纳保护地,Bechuanaland Protectorate,279716.0,5.0,0.0,0.0
1939-09-01,英属马耳他,British Malta,274995.0,5.0,0.0,0.0
1939-09-01,卢森堡,Luxembourg,270354.0,1.0,0.143,1.0
1939-09-01,英属多哥兰,British Togoland,267638.0,3.0,0.0,0.375
1939-09-01,纽芬兰自治领,Dominion of Newfoundland,260700.0,3.0,0.0,0.012
1939-09-01,阿拉斯加（美国领地）,Alaska (US territory),227083.0,1.0,0.946,1.0
1939-09-01,英属巴巴多斯,British Barbados,182177.0,3.0,0.0,1.0
1939-09-01,桑给巴尔（英国保护国）,Zanzibar (British protectorate),178947.0,5.0,0.0,0.0
1939-09-01,荷属苏里南,Dutch Suriname,175787.0,4.0,0.0,0.0
1939-09-01,西属几内亚,Spanish Guinea,173091.0,5.0,0.0,0.0
1939-09-01,斯威士兰（英国保护地）,Swaziland (British protectorate),170208.0,5.0,0.0,0.0
1939-09-01,葡属佛得角,Portuguese Cape Verde,166930.0,5.0,0.0,0.0
1939-09-01,英属所罗门群岛,British Solomon Islands,165780.0,3.0,0.0,0.441
1939-09-01,不丹,Bhutan,153693.0,3.0,0.0,0.008
1939-09-01,冰岛王国（与丹麦联合）,Kingdom of Iceland (in union with Denmark),133587.0,3.0,0.0,1.0
1939-09-01,南洋群岛（日本委任统治地）,South Seas Mandate (Japanese),130000.0,6.0,0.0,0.0
1939-09-01,意属爱琴海群岛（多德卡尼斯）,Italian Islands of the Aegean (Dodecanese),120000.0,6.0,0.0,0.0
1939-09-01,特鲁西尔诸国（休战诸国）,Trucial States,104140.0,5.0,0.0,0.0
1939-09-01,巴林（英国保护国）,Bahrain (British protectorate),90000.0,6.0,0.0,0.0
1939-09-01,马尔代夫（英国保护国）,Maldives (British protectorate),75666.0,5.0,0.0,0.0
1939-09-01,英属巴哈马,British Bahamas,71641.0,3.0,0.0,0.034
1939-09-01,圣多美和普林西比（葡属）,São Tomé and Príncipe (Portuguese),60000.0,6.0,0.0,0.0
1939-09-01,西萨摩亚（新西兰委任统治地）,Western Samoa (New Zealand mandate),60000.0,6.0,0.0,0.0
1939-09-01,法属索马里,French Somaliland,57106.0,5.0,0.0,0.0
1939-09-01,英属洪都拉斯,British Honduras,54752.0,3.0,0.0,1.0
1939-09-01,新赫布里底（英法共管地）,New Hebrides (Anglo-French condominium),45000.0,6.0,0.0,0.0
1939-09-01,法属圭亚那,French Guiana,42028.0,5.0,0.0,0.0
1939-09-01,西属西非,Spanish West Africa,40177.0,5.0,0.0,0.0
1939-09-01,吉尔伯特和埃利斯群岛（英属）,Gilbert and Ellice Islands (British),35000.0,6.0,0.0,0.0
1939-09-01,汤加（英国保护国）,Tonga (British protectorate),34000.0,6.0,0.0,0.0
1939-09-01,文莱（英国保护国）,Brunei (British protectorate),32500.0,5.0,0.0,0.0
1939-09-01,塞舌尔（英属）,Seychelles (British),32000.0,6.0,0.0,0.0
1939-09-01,卡塔尔（英国保护国）,Qatar (British protectorate),28949.0,5.0,0.0,0.0
1939-09-01,伊尼尼（法属圭亚那内陆）,Inini (French Guiana interior),4190.0,5.0,0.0,0.0
1939-09-01,瑙鲁（澳大利亚管理的委任统治地）,Nauru (Australian-administered mandate),3400.0,6.0,0.0,0.0
1939-09-01,格陵兰（丹麦殖民地）,Greenland (Danish colony),0.0,6.0,0.0,0.0
1940-07-01,中华民国,Republic of China,510297301.0,1.0,0.0,0.997
1940-07-01,英属印度,British India,365989893.0,1.0,0.051,0.744
1940-07-01,苏联,Soviet Union,179083209.0,1.0,0.016,0.758
1940-07-01,美国,United States,132597852.0,1.0,0.995,1.0
1940-07-01,大日本帝国,Empire of Japan,76476956.0,1.0,0.002,1.0
1940-07-01,纳粹德国（德意志国）,Nazi Germany (German Reich),71404240.0,1.0,0.239,0.999
1940-07-01,荷属东印度,Dutch East Indies,61168093.0,2.0,0.0,0.997
1940-07-01,英国,United Kingdom,47853096.0,1.0,0.071,1.0
1940-07-01,意大利王国,Kingdom of Italy,44620576.0,1.0,0.218,0.902
1940-07-01,巴西,Brazil,41064923.0,3.0,0.0,0.996
1940-07-01,法国,France,40473589.0,1.0,0.004,1.0
1940-07-01,波兰,Poland,29726266.0,1.0,0.025,0.859
1940-07-01,西班牙,Spain,25856872.0,2.0,0.0,0.932
1940-07-01,英属尼日利亚,British Nigeria,25695658.0,3.0,0.0,0.001
1940-07-01,日据朝鲜（朝鲜总督府）,Korea under Japanese rule (Chōsen),25460359.0,1.0,0.977,1.0
1940-07-01,法属印度支那（东京、安南、交趾支那）,French Indochina (Tonkin/Annam/Cochinchina),22597190.0,2.0,0.0,0.982
1940-07-01,墨西哥,Mexico,20352852.0,1.0,0.138,1.0
1940-07-01,埃及,Egypt,18068704.0,5.0,0.0,0.0
1940-07-01,土耳其,Turkey,17612289.0,1.0,0.026,0.026
1940-07-01,英属缅甸,British Burma,17109904.0,1.0,0.999,0.999
1940-07-01,罗马尼亚,Romania,16535225.0,2.0,0.0,0.212
1940-07-01,南斯拉夫,Yugoslavia,15811000.0,1.0,0.005,0.064
1940-07-01,泰国,Thailand,15676512.0,1.0,0.012,0.053
1940-07-01,埃塞俄比亚,Ethiopia,15328217.0,3.0,0.0,0.999
1940-07-01,美属菲律宾,US Philippines,14661124.0,1.0,0.036,1.0
1940-07-01,伊朗,Iran,14569259.0,5.0,0.0,0.0
1940-07-01,阿根廷,Argentina,14086981.0,1.0,0.0,0.562
1940-07-01,加拿大,Canada,11406908.0,1.0,0.002,0.999
1940-07-01,比属刚果,Belgian Congo,11365162.0,5.0,0.0,0.0
1940-07-01,南非联邦,Union of South Africa,10524527.0,3.0,0.0,1.0
1940-07-01,匈牙利,Hungary,10351334.0,2.0,0.0,0.725
1940-07-01,捷克斯洛伐克,Czechoslovakia,9815027.0,1.0,0.07,0.19
1940-07-01,荷兰,Netherlands,9006233.0,3.0,0.0,0.177
1940-07-01,哥伦比亚,Colombia,8958674.0,3.0,0.0,1.0
1940-07-01,英埃苏丹,Anglo-Egyptian Sudan,8241456.0,5.0,0.0,0.0
1940-07-01,比利时,Belgium,8035363.0,1.0,0.0,0.013
1940-07-01,法属阿尔及利亚,French Algeria,7929141.0,3.0,0.0,1.0
1940-07-01,葡萄牙,Portugal,7691426.0,3.0,0.0,0.038
1940-07-01,尼泊尔,Nepal,7398984.0,5.0,0.0,0.0
1940-07-01,希腊,Greece,7085206.0,5.0,0.0,0.0
1940-07-01,澳大利亚,Australia,7051265.0,3.0,0.0,0.985
1940-07-01,阿富汗,Afghanistan,6954836.0,3.0,0.0,0.026
1940-07-01,奥地利,Austria,6673905.0,1.0,0.001,0.589
1940-07-01,法属摩洛哥,French protectorate of Morocco,6643256.0,5.0,0.0,0.0
1940-07-01,秘鲁,Peru,6466195.0,1.0,0.827,0.975
1940-07-01,瑞典,Sweden,6371407.0,2.0,0.0,0.192
1940-07-01,保加利亚,Bulgaria,6340000.0,5.0,0.0,0.0
1940-07-01,坦噶尼喀领地（英国管理）,Tanganyika Territory (British),6196715.0,5.0,0.0,0.0
1940-07-01,英属锡兰,British Ceylon,5973445.0,3.0,0.0,1.0
1940-07-01,日据台湾（台湾总督府）,Taiwan under Japanese rule,5788272.0,1.0,1.0,1.0
1940-07-01,智利,Chile,5512275.0,1.0,0.204,0.825
1940-07-01,葡属莫桑比克,Portuguese Mozambique,5371388.0,5.0,0.0,0.0
1940-07-01,法属苏丹,French Sudan,5165998.0,3.0,0.0,0.863
1940-07-01,法属科特迪瓦,French Côte d'Ivoire,5162288.0,3.0,0.0,0.641
1940-07-01,乌干达保护国,Uganda Protectorate,4682183.0,3.0,0.0,0.037
1940-07-01,古巴,Cuba,4681528.0,3.0,0.0,0.991
1940-07-01,伊拉克,Iraq,4590250.0,3.0,0.0,0.0
1940-07-01,瑞士,Switzerland,4275627.0,3.0,0.0,0.513
1940-07-01,卢旺达-乌隆迪（比利时管理）,Ruanda-Urundi (Belgian),4198221.0,3.0,0.0,0.996
1940-07-01,葡属安哥拉,Portuguese Angola,4113529.0,5.0,0.0,0.0
1940-07-01,法属柬埔寨（保护国）,French Cambodia (protectorate),3949071.0,2.0,0.0,1.0
1940-07-01,英属肯尼亚,Kenya Colony,3948711.0,5.0,0.0,0.0
1940-07-01,法属马达加斯加,French Madagascar,3891990.0,5.0,0.0,0.0
1940-07-01,丹麦,Denmark,3830098.0,1.0,0.013,0.969
1940-07-01,英属黄金海岸,Gold Coast,3723624.0,3.0,0.0,0.023
1940-07-01,委内瑞拉,Venezuela,3710000.0,3.0,0.0,0.012
1940-07-01,芬兰,Finland,3705566.0,5.0,0.0,0.0
1940-07-01,法国委任统治叙利亚,French Mandate Syria,3104470.0,5.0,0.0,0.0
1940-07-01,法属突尼斯,French protectorate of Tunisia,3040319.0,5.0,0.0,0.0
1940-07-01,挪威,Norway,2970554.0,3.0,0.0,0.0
1940-07-01,玻利维亚,Bolivia,2965849.0,1.0,0.0,1.0
1940-07-01,法属尼日尔,French Niger,2964634.0,3.0,0.0,0.995
1940-07-01,爱尔兰,Ireland,2936744.0,1.0,0.987,1.0
1940-07-01,也门王国,Kingdom of Yemen,2884000.0,4.0,0.0,0.0
1940-07-01,海地,Haiti,2840832.0,5.0,0.0,0.0
1940-07-01,法属几内亚,French Guinea,2755031.0,3.0,0.0,0.997
1940-07-01,法属喀麦隆,French Cameroun,2720311.0,3.0,0.0,0.133
1940-07-01,厄瓜多尔,Ecuador,2627304.0,1.0,0.001,1.0
1940-07-01,南罗得西亚,Southern Rhodesia,2585506.0,5.0,0.0,0.0
1940-07-01,沙特阿拉伯,Saudi Arabia,2565000.0,3.0,0.0,0.13
1940-07-01,法属塞内加尔,French Senegal,2377328.0,5.0,0.0,0.0
1940-07-01,危地马拉,Guatemala,2336275.0,1.0,0.019,1.0
1940-07-01,法属达荷美,French Dahomey,2015530.0,3.0,0.0,0.993
1940-07-01,乌拉圭,Uruguay,2000520.0,3.0,0.0,1.0
1940-07-01,尼亚萨兰,Nyasaland,1973893.0,5.0,0.0,0.0
1940-07-01,马来属邦,Unfederated Malay States,1888988.0,2.0,0.0,0.008
1940-07-01,英属塞拉利昂,British Sierra Leone,1871772.0,5.0,0.0,0.0
1940-07-01,波多黎各,Puerto Rico,1822511.0,3.0,0.0,1.0
1940-07-01,萨尔瓦多,El Salvador,1777294.0,2.0,0.0,1.0
1940-07-01,法属乍得,French Chad,1767876.0,5.0,0.0,0.0
1940-07-01,北罗得西亚,Northern Rhodesia,1766914.0,5.0,0.0,0.0
1940-07-01,马来联邦,Federated Malay States,1757018.0,1.0,0.035,0.997
1940-07-01,多米尼加,Dominican Republic,1709587.0,5.0,0.0,0.0
1940-07-01,新西兰,New Zealand,1632656.0,5.0,0.0,0.0
1940-07-01,英国委任统治巴勒斯坦,Mandatory Palestine (British),1601895.0,5.0,0.0,0.0
1940-07-01,法属老挝,French Laos,1578998.0,2.0,0.0,1.0
1940-07-01,意属索马里兰,Italian Somaliland,1546661.0,5.0,0.0,0.0
1940-07-01,西藏,Tibet,1467213.0,3.0,0.0,0.997
1940-07-01,海峡殖民地,Straits Settlements,1307648.0,2.0,0.0,0.263
1940-07-01,法属多哥,French Togoland,1304933.0,3.0,0.0,0.996
1940-07-01,阿尔巴尼亚,Albania,1262827.0,5.0,0.0,0.0
1940-07-01,英属喀麦隆,British Cameroons,1243954.0,3.0,0.0,0.963
1940-07-01,洪都拉斯,Honduras,1215211.0,3.0,0.0,1.0
1940-07-01,英属牙买加,British Jamaica,1213302.0,5.0,0.0,0.0
1940-07-01,巴拉圭,Paraguay,1148717.0,3.0,0.0,0.874
1940-07-01,新几内亚领地（澳大利亚管理）,Territory of New Guinea (Australian),1104955.0,3.0,0.0,0.056
1940-07-01,法国委任统治黎巴嫩,French Mandate Lebanon,1097752.0,5.0,0.0,0.0
1940-07-01,意属利比亚,Italian Libya,1075720.0,5.0,0.0,0.0
1940-07-01,西属摩洛哥,Spanish Morocco,1052254.0,3.0,0.0,0.0
1940-07-01,法属乌班吉沙立,French Ubangi-Shari,1046377.0,5.0,0.0,0.0
1940-07-01,尼加拉瓜,Nicaragua,1011862.0,3.0,0.0,1.0
1940-07-01,利比里亚,Liberia,843258.0,5.0,0.0,0.0
1940-07-01,法属刚果,French Congo (Middle Congo),779357.0,5.0,0.0,0.0
1940-07-01,蒙古,Mongolia,763185.0,3.0,0.0,0.024
1940-07-01,意属厄立特里亚,Italian Eritrea,709867.0,5.0,0.0,0.0
1940-07-01,哥斯达黎加,Costa Rica,702045.0,3.0,0.0,1.0
1940-07-01,巴拿马,Panama,692334.0,1.0,0.022,1.0
1940-07-01,北婆罗洲,North Borneo,690710.0,5.0,0.0,0.0
1940-07-01,沙捞越,Sarawak,598648.0,5.0,0.0,0.0
1940-07-01,英属特立尼达和多巴哥,British Trinidad and Tobago,561187.0,3.0,0.0,0.085
1940-07-01,夏威夷（美国领地）,Territory of Hawaii,544557.0,1.0,0.97,1.0
1940-07-01,法属毛里塔尼亚,French Mauritania,524166.0,3.0,0.0,0.989
1940-07-01,巴苏陀兰,Basutoland,518674.0,5.0,0.0,0.0
1940-07-01,葡属几内亚,Portuguese Guinea,503315.0,5.0,0.0,0.0
1940-07-01,英属索马里兰,British Somaliland,498287.0,5.0,0.0,0.0
1940-07-01,法属加蓬,French Gabon,491665.0,5.0,0.0,0.0
1940-07-01,亚丁,Aden,475291.0,4.0,0.0,0.0
1940-07-01,英属毛里求斯,British Mauritius,437758.0,3.0,0.0,0.0
1940-07-01,巴布亚领地（澳大利亚）,Territory of Papua (Australian),435055.0,3.0,0.0,1.0
1940-07-01,葡属帝汶,Portuguese Timor,430959.0,5.0,0.0,0.0
1940-07-01,马斯喀特和阿曼,Muscat and Oman,415814.0,4.0,0.0,0.0
1940-07-01,英属塞浦路斯,British Cyprus,407335.0,5.0,0.0,0.0
1940-07-01,马提尼克,Martinique,398433.0,3.0,0.0,0.419
1940-07-01,留尼汪,Réunion,396445.0,5.0,0.0,0.0
1940-07-01,外约旦（英国委任统治）,Transjordan (British mandate),395183.0,5.0,0.0,0.0
1940-07-01,英属圭亚那,British Guiana,386419.0,3.0,0.0,1.0
1940-07-01,瓜德罗普,Guadeloupe,373984.0,3.0,0.0,1.0
1940-07-01,英属斐济,British Fiji,367249.0,3.0,0.0,0.06
1940-07-01,西南非洲（南非管理）,South West Africa (South African administration),348217.0,3.0,0.0,0.986
1940-07-01,桦太（日属南库页岛）,Karafuto (Japanese South Sakhalin),328423.0,3.0,0.0,1.0
1940-07-01,东亚丁保护地,East Aden Protectorate,304750.0,4.0,0.0,0.0
1940-07-01,英属冈比亚,British Gambia,285341.0,5.0,0.0,0.0
1940-07-01,贝专纳保护地,Bechuanaland Protectorate,282718.0,5.0,0.0,0.0
1940-07-01,英属马耳他,British Malta,276788.0,5.0,0.0,0.0
1940-07-01,英属多哥兰,British Togoland,273946.0,3.0,0.0,0.375
1940-07-01,卢森堡,Luxembourg,272119.0,1.0,0.143,1.0
1940-07-01,纽芬兰自治领,Dominion of Newfoundland,263435.0,3.0,0.0,0.012
1940-07-01,阿拉斯加（美国领地）,Alaska (US territory),229067.0,1.0,0.947,1.0
1940-07-01,英属巴巴多斯,British Barbados,183727.0,3.0,0.0,1.0
1940-07-01,桑给巴尔（英国保护国）,Zanzibar (British protectorate),182981.0,5.0,0.0,0.0
1940-07-01,荷属苏里南,Dutch Suriname,177108.0,4.0,0.0,0.0
1940-07-01,西属几内亚,Spanish Guinea,173516.0,5.0,0.0,0.0
1940-07-01,斯威士兰（英国保护地）,Swaziland (British protectorate),173307.0,5.0,0.0,0.0
1940-07-01,葡属佛得角,Portuguese Cape Verde,168428.0,5.0,0.0,0.0
1940-07-01,英属所罗门群岛,British Solomon Islands,166707.0,3.0,0.0,0.441
1940-07-01,不丹,Bhutan,154441.0,3.0,0.0,0.008
1940-07-01,冰岛（盟军占领）,Iceland (Allied occupation),134462.0,3.0,0.0,1.0
1940-07-01,南洋群岛（日本委任统治地）,South Seas Mandate (Japanese),130000.0,6.0,0.0,0.0
1940-07-01,意属爱琴海群岛（多德卡尼斯）,Italian Islands of the Aegean (Dodecanese),120000.0,6.0,0.0,0.0
1940-07-01,特鲁西尔诸国（休战诸国）,Trucial States,104749.0,5.0,0.0,0.0
1940-07-01,巴林（英国保护国）,Bahrain (British protectorate),90000.0,6.0,0.0,0.0
1940-07-01,马尔代夫（英国保护国）,Maldives (British protectorate),75854.0,5.0,0.0,0.0
1940-07-01,英属巴哈马,British Bahamas,72491.0,3.0,0.0,0.034
1940-07-01,圣多美和普林西比（葡属）,São Tomé and Príncipe (Portuguese),60000.0,6.0,0.0,0.0
1940-07-01,西萨摩亚（新西兰委任统治地）,Western Samoa (New Zealand mandate),60000.0,6.0,0.0,0.0
1940-07-01,法属索马里,French Somaliland,57545.0,5.0,0.0,0.0
1940-07-01,英属洪都拉斯,British Honduras,55286.0,3.0,0.0,1.0
1940-07-01,新赫布里底（英法共管地）,New Hebrides (Anglo-French condominium),45000.0,6.0,0.0,0.0
1940-07-01,法属圭亚那,French Guiana,41283.0,5.0,0.0,0.0
1940-07-01,西属西非,Spanish West Africa,40765.0,5.0,0.0,0.0
1940-07-01,吉尔伯特和埃利斯群岛（英属）,Gilbert and Ellice Islands (British),35000.0,6.0,0.0,0.0
1940-07-01,汤加（英国保护国）,Tonga (British protectorate),34000.0,6.0,0.0,0.0
1940-07-01,文莱（英国保护国）,Brunei (British protectorate),33142.0,5.0,0.0,0.0
1940-07-01,塞舌尔（英属）,Seychelles (British),32000.0,6.0,0.0,0.0
1940-07-01,卡塔尔（英国保护国）,Qatar (British protectorate),29214.0,5.0,0.0,0.0
1940-07-01,伊尼尼（法属圭亚那内陆）,Inini (French Guiana interior),4121.0,5.0,0.0,0.0
1940-07-01,瑙鲁（澳大利亚管理的委任统治地）,Nauru (Australian-administered mandate),3400.0,6.0,0.0,0.0
1940-07-01,格陵兰（丹麦殖民地）,Greenland (Danish colony),0.0,6.0,0.0,0.0
1941-12-07,中华民国,Republic of China,512939701.0,1.0,0.0,0.997
1941-12-07,英属印度,British India,370512132.0,1.0,0.051,0.744
1941-12-07,苏联,Soviet Union,180736964.0,1.0,0.023,0.777
1941-12-07,美国,United States,133770046.0,1.0,0.995,1.0
1941-12-07,大日本帝国,Empire of Japan,77406133.0,1.0,0.002,1.0
1941-12-07,纳粹德国（德意志国）,Nazi Germany (German Reich),71599473.0,1.0,0.239,0.999
1941-12-07,荷属东印度,Dutch East Indies,62134961.0,2.0,0.0,0.997
1941-12-07,英国,United Kingdom,47988473.0,1.0,0.071,1.0
1941-12-07,意大利王国,Kingdom of Italy,44998781.0,1.0,0.218,0.902
1941-12-07,巴西,Brazil,41989350.0,3.0,0.0,0.996
1941-12-07,法国,France,39661333.0,1.0,0.004,1.0
1941-12-07,波兰,Poland,28946125.0,1.0,0.021,0.881
1941-12-07,英属尼日利亚,British Nigeria,26633178.0,3.0,0.0,0.001
1941-12-07,西班牙,Spain,26077511.0,2.0,0.0,0.932
1941-12-07,日据朝鲜（朝鲜总督府）,Korea under Japanese rule (Chōsen),25837433.0,1.0,0.977,1.0
1941-12-07,法属印度支那（东京、安南、交趾支那）,French Indochina (Tonkin/Annam/Cochinchina),22829957.0,2.0,0.0,0.999
1941-12-07,墨西哥,Mexico,20845164.0,1.0,0.138,1.0
1941-12-07,埃及,Egypt,18350213.0,5.0,0.0,0.0
1941-12-07,土耳其,Turkey,17838761.0,1.0,0.026,0.026
1941-12-07,英属缅甸,British Burma,17279092.0,1.0,0.999,0.999
1941-12-07,罗马尼亚,Romania,16258896.0,2.0,0.0,0.211
1941-12-07,泰国,Thailand,15950854.0,1.0,0.012,0.053
1941-12-07,南斯拉夫,Yugoslavia,15724000.0,1.0,0.064,0.119
1941-12-07,埃塞俄比亚,Ethiopia,15545789.0,5.0,0.0,0.0
1941-12-07,美属菲律宾,US Philippines,14924517.0,1.0,0.036,1.0
1941-12-07,伊朗,Iran,14751388.0,5.0,0.0,0.0
1941-12-07,阿根廷,Argentina,14303534.0,1.0,0.0,0.562
1941-12-07,加拿大,Canada,11536611.0,1.0,0.002,0.999
1941-12-07,比属刚果,Belgian Congo,11441122.0,5.0,0.0,0.0
1941-12-07,南非联邦,Union of South Africa,10753972.0,3.0,0.0,1.0
1941-12-07,匈牙利,Hungary,10411502.0,2.0,0.0,0.725
1941-12-07,捷克斯洛伐克,Czechoslovakia,9851758.0,1.0,0.07,0.189
1941-12-07,哥伦比亚,Colombia,9198147.0,3.0,0.0,1.0
1941-12-07,荷兰,Netherlands,9093951.0,3.0,0.0,0.177
1941-12-07,英埃苏丹,Anglo-Egyptian Sudan,8278353.0,5.0,0.0,0.0
1941-12-07,法属阿尔及利亚,French Algeria,8029506.0,3.0,0.0,1.0
1941-12-07,比利时,Belgium,7989166.0,1.0,0.0,0.013
1941-12-07,葡萄牙,Portugal,7773302.0,3.0,0.0,0.038
1941-12-07,尼泊尔,Nepal,7475144.0,5.0,0.0,0.0
1941-12-07,希腊,Greece,7144689.0,5.0,0.0,0.0
1941-12-07,澳大利亚,Australia,7118692.0,3.0,0.0,0.985
1941-12-07,阿富汗,Afghanistan,7021513.0,3.0,0.0,0.026
1941-12-07,法属摩洛哥,French protectorate of Morocco,6744662.0,5.0,0.0,0.0
1941-12-07,奥地利,Austria,6717049.0,1.0,0.001,0.589
1941-12-07,秘鲁,Peru,6574671.0,1.0,0.833,0.975
1941-12-07,保加利亚,Bulgaria,6476733.0,5.0,0.0,0.0
1941-12-07,瑞典,Sweden,6402319.0,2.0,0.0,0.192
1941-12-07,坦噶尼喀领地（英国管理）,Tanganyika Territory (British),6336354.0,5.0,0.0,0.0
1941-12-07,英属锡兰,British Ceylon,6004614.0,3.0,0.0,1.0
1941-12-07,日据台湾（台湾总督府）,Taiwan under Japanese rule,5955118.0,1.0,1.0,1.0
1941-12-07,智利,Chile,5615420.0,1.0,0.204,0.825
1941-12-07,葡属莫桑比克,Portuguese Mozambique,5418092.0,5.0,0.0,0.0
1941-12-07,法属苏丹,French Sudan,5211633.0,3.0,0.0,0.863
1941-12-07,法属科特迪瓦,French Côte d'Ivoire,5198938.0,3.0,0.0,0.641
1941-12-07,乌干达保护国,Uganda Protectorate,4775060.0,3.0,0.0,0.037
1941-12-07,古巴,Cuba,4752285.0,3.0,0.0,0.991
1941-12-07,伊拉克,Iraq,4688123.0,3.0,0.0,0.0
1941-12-07,瑞士,Switzerland,4302610.0,3.0,0.0,0.513
1941-12-07,卢旺达-乌隆迪（比利时管理）,Ruanda-Urundi (Belgian),4227988.0,3.0,0.0,0.996
1941-12-07,葡属安哥拉,Portuguese Angola,4152252.0,5.0,0.0,0.0
1941-12-07,英属肯尼亚,Kenya Colony,4076544.0,5.0,0.0,0.0
1941-12-07,法属柬埔寨（保护国）,French Cambodia (protectorate),3986356.0,2.0,0.0,1.0
1941-12-07,法属马达加斯加,French Madagascar,3918182.0,5.0,0.0,0.0
1941-12-07,丹麦,Denmark,3862736.0,1.0,0.013,0.969
1941-12-07,英属黄金海岸,Gold Coast,3814374.0,3.0,0.0,0.023
1941-12-07,委内瑞拉,Venezuela,3800000.0,3.0,0.0,0.012
1941-12-07,芬兰,Finland,3712873.0,5.0,0.0,0.0
1941-12-07,法国委任统治叙利亚,French Mandate Syria,3149963.0,5.0,0.0,0.0
1941-12-07,法属突尼斯,French protectorate of Tunisia,3092877.0,5.0,0.0,0.0
1941-12-07,玻利维亚,Bolivia,3000617.0,1.0,0.0,1.0
1941-12-07,挪威,Norway,2988877.0,3.0,0.0,0.0
1941-12-07,法属尼日尔,French Niger,2981769.0,3.0,0.0,0.995
1941-12-07,爱尔兰,Ireland,2946327.0,1.0,0.987,1.0
1941-12-07,也门王国,Kingdom of Yemen,2925000.0,4.0,0.0,0.0
1941-12-07,海地,Haiti,2876883.0,5.0,0.0,0.0
1941-12-07,法属喀麦隆,French Cameroun,2783363.0,3.0,0.0,0.133
1941-12-07,法属几内亚,French Guinea,2779409.0,3.0,0.0,0.997
1941-12-07,厄瓜多尔,Ecuador,2684981.0,1.0,0.001,1.0
1941-12-07,沙特阿拉伯,Saudi Arabia,2623001.0,3.0,0.0,0.13
1941-12-07,南罗得西亚,Southern Rhodesia,2604046.0,5.0,0.0,0.0
1941-12-07,法属塞内加尔,French Senegal,2393341.0,5.0,0.0,0.0
1941-12-07,危地马拉,Guatemala,2389369.0,1.0,0.019,1.0
1941-12-07,法属达荷美,French Dahomey,2035464.0,3.0,0.0,0.993
1941-12-07,乌拉圭,Uruguay,2023376.0,3.0,0.0,1.0
1941-12-07,尼亚萨兰,Nyasaland,2008578.0,5.0,0.0,0.0
1941-12-07,马来属邦,Unfederated Malay States,1920849.0,2.0,0.0,0.008
1941-12-07,英属塞拉利昂,British Sierra Leone,1884350.0,5.0,0.0,0.0
1941-12-07,波多黎各,Puerto Rico,1852662.0,3.0,0.0,1.0
1941-12-07,法属乍得,French Chad,1835018.0,5.0,0.0,0.0
1941-12-07,北罗得西亚,Northern Rhodesia,1818413.0,5.0,0.0,0.0
1941-12-07,萨尔瓦多,El Salvador,1815110.0,2.0,0.0,1.0
1941-12-07,马来联邦,Federated Malay States,1786651.0,1.0,0.035,0.997
1941-12-07,多米尼加,Dominican Republic,1751437.0,5.0,0.0,0.0
1941-12-07,英国委任统治巴勒斯坦,Mandatory Palestine (British),1649688.0,5.0,0.0,0.0
1941-12-07,新西兰,New Zealand,1636661.0,5.0,0.0,0.0
1941-12-07,法属老挝,French Laos,1587455.0,2.0,0.0,1.0
1941-12-07,英国管理下的索马里,Somalia (British administration),1556417.0,5.0,0.0,0.0
1941-12-07,西藏,Tibet,1474970.0,3.0,0.0,0.997
1941-12-07,海峡殖民地,Straits Settlements,1339270.0,2.0,0.0,0.263
1941-12-07,法属多哥,French Togoland,1316503.0,3.0,0.0,0.996
1941-12-07,阿尔巴尼亚,Albania,1280119.0,5.0,0.0,0.0
1941-12-07,英属喀麦隆,British Cameroons,1279600.0,3.0,0.0,0.963
1941-12-07,洪都拉斯,Honduras,1243466.0,3.0,0.0,1.0
1941-12-07,英属牙买加,British Jamaica,1234341.0,5.0,0.0,0.0
1941-12-07,巴拉圭,Paraguay,1175564.0,3.0,0.0,0.874
1941-12-07,法国委任统治黎巴嫩,French Mandate Lebanon,1121748.0,5.0,0.0,0.0
1941-12-07,新几内亚领地（澳大利亚管理）,Territory of New Guinea (Australian),1111758.0,3.0,0.0,0.056
1941-12-07,法属乌班吉沙立,French Ubangi-Shari,1081402.0,5.0,0.0,0.0
1941-12-07,意属利比亚,Italian Libya,1081099.0,5.0,0.0,0.0
1941-12-07,西属摩洛哥,Spanish Morocco,1067890.0,3.0,0.0,0.0
1941-12-07,尼加拉瓜,Nicaragua,1032263.0,3.0,0.0,1.0
1941-12-07,利比里亚,Liberia,850214.0,5.0,0.0,0.0
1941-12-07,法属刚果,French Congo (Middle Congo),785029.0,5.0,0.0,0.0
1941-12-07,蒙古,Mongolia,764708.0,3.0,0.0,0.024
1941-12-07,巴拿马,Panama,731397.0,1.0,0.022,1.0
1941-12-07,哥斯达黎加,Costa Rica,721806.0,3.0,0.0,1.0
1941-12-07,意属厄立特里亚,Italian Eritrea,719304.0,5.0,0.0,0.0
1941-12-07,北婆罗洲,North Borneo,702472.0,5.0,0.0,0.0
1941-12-07,沙捞越,Sarawak,608754.0,5.0,0.0,0.0
1941-12-07,英属特立尼达和多巴哥,British Trinidad and Tobago,576464.0,3.0,0.0,0.085
1941-12-07,夏威夷（美国领地）,Territory of Hawaii,549788.0,1.0,0.97,1.0
1941-12-07,法属毛里塔尼亚,French Mauritania,526373.0,3.0,0.0,0.989
1941-12-07,巴苏陀兰,Basutoland,522620.0,5.0,0.0,0.0
1941-12-07,葡属几内亚,Portuguese Guinea,506677.0,5.0,0.0,0.0
1941-12-07,英属索马里兰,British Somaliland,501429.0,5.0,0.0,0.0
1941-12-07,法属加蓬,French Gabon,495736.0,5.0,0.0,0.0
1941-12-07,亚丁,Aden,478815.0,4.0,0.0,0.0
1941-12-07,英属毛里求斯,British Mauritius,439920.0,3.0,0.0,0.0
1941-12-07,巴布亚领地（澳大利亚）,Territory of Papua (Australian),437796.0,3.0,0.0,1.0
1941-12-07,葡属帝汶,Portuguese Timor,429260.0,5.0,0.0,0.0
1941-12-07,马斯喀特和阿曼,Muscat and Oman,416124.0,4.0,0.0,0.0
1941-12-07,英属塞浦路斯,British Cyprus,414375.0,5.0,0.0,0.0
1941-12-07,外约旦（英国委任统治）,Transjordan (British mandate),397926.0,5.0,0.0,0.0
1941-12-07,马提尼克,Martinique,395252.0,3.0,0.0,0.419
1941-12-07,英属圭亚那,British Guiana,389090.0,3.0,0.0,1.0
1941-12-07,留尼汪,Réunion,388354.0,5.0,0.0,0.0
1941-12-07,英属斐济,British Fiji,376933.0,3.0,0.0,0.06
1941-12-07,瓜德罗普,Guadeloupe,370246.0,3.0,0.0,1.0
1941-12-07,西南非洲（南非管理）,South West Africa (South African administration),354654.0,3.0,0.0,0.986
1941-12-07,桦太（日属南库页岛）,Karafuto (Japanese South Sakhalin),331456.0,3.0,0.0,1.0
1941-12-07,东亚丁保护地,East Aden Protectorate,307008.0,4.0,0.0,0.0
1941-12-07,英属冈比亚,British Gambia,287466.0,5.0,0.0,0.0
1941-12-07,贝专纳保护地,Bechuanaland Protectorate,285752.0,5.0,0.0,0.0
1941-12-07,英属多哥兰,British Togoland,280406.0,3.0,0.0,0.375
1941-12-07,英属马耳他,British Malta,278593.0,5.0,0.0,0.0
1941-12-07,卢森堡,Luxembourg,273898.0,1.0,0.14,1.0
1941-12-07,纽芬兰自治领,Dominion of Newfoundland,266418.0,3.0,0.0,0.013
1941-12-07,阿拉斯加（美国领地）,Alaska (US territory),231278.0,1.0,0.947,1.0
1941-12-07,桑给巴尔（英国保护国）,Zanzibar (British protectorate),187106.0,5.0,0.0,0.0
1941-12-07,英属巴巴多斯,British Barbados,185293.0,3.0,0.0,1.0
1941-12-07,荷属苏里南,Dutch Suriname,178438.0,4.0,0.0,0.0
1941-12-07,斯威士兰（英国保护地）,Swaziland (British protectorate),176463.0,5.0,0.0,0.0
1941-12-07,西属几内亚,Spanish Guinea,173943.0,5.0,0.0,0.0
1941-12-07,葡属佛得角,Portuguese Cape Verde,169941.0,5.0,0.0,0.0
1941-12-07,英属所罗门群岛,British Solomon Islands,167639.0,3.0,0.0,0.441
1941-12-07,不丹,Bhutan,155192.0,3.0,0.0,0.008
1941-12-07,冰岛（盟军占领）,Iceland (Allied occupation),135342.0,3.0,0.0,1.0
1941-12-07,南洋群岛（日本委任统治地）,South Seas Mandate (Japanese),130000.0,6.0,0.0,0.0
1941-12-07,意属爱琴海群岛（多德卡尼斯）,Italian Islands of the Aegean (Dodecanese),120000.0,6.0,0.0,0.0
1941-12-07,特鲁西尔诸国（休战诸国）,Trucial States,105362.0,5.0,0.0,0.0
1941-12-07,巴林（英国保护国）,Bahrain (British protectorate),90000.0,6.0,0.0,0.0
1941-12-07,马尔代夫（英国保护国）,Maldives (British protectorate),76043.0,5.0,0.0,0.0
1941-12-07,英属巴哈马,British Bahamas,73352.0,3.0,0.0,0.034
1941-12-07,圣多美和普林西比（葡属）,São Tomé and Príncipe (Portuguese),60000.0,6.0,0.0,0.0
1941-12-07,西萨摩亚（新西兰委任统治地）,Western Samoa (New Zealand mandate),60000.0,6.0,0.0,0.0
1941-12-07,法属索马里,French Somaliland,57988.0,5.0,0.0,0.0
1941-12-07,英属洪都拉斯,British Honduras,55825.0,3.0,0.0,1.0
1941-12-07,新赫布里底（英法共管地）,New Hebrides (Anglo-French condominium),45000.0,6.0,0.0,0.0
1941-12-07,西属西非,Spanish West Africa,41362.0,5.0,0.0,0.0
1941-12-07,法属圭亚那,French Guiana,40493.0,5.0,0.0,0.0
1941-12-07,吉尔伯特和埃利斯群岛（英属）,Gilbert and Ellice Islands (British),35000.0,6.0,0.0,0.0
1941-12-07,汤加（英国保护国）,Tonga (British protectorate),34000.0,6.0,0.0,0.0
1941-12-07,文莱（英国保护国）,Brunei (British protectorate),33793.0,5.0,0.0,0.0
1941-12-07,塞舌尔（英属）,Seychelles (British),32000.0,6.0,0.0,0.0
1941-12-07,卡塔尔（英国保护国）,Qatar (British protectorate),29482.0,5.0,0.0,0.0
1941-12-07,伊尼尼（法属圭亚那内陆）,Inini (French Guiana interior),4048.0,5.0,0.0,0.0
1941-12-07,瑙鲁（澳大利亚管理的委任统治地）,Nauru (Australian-administered mandate),3400.0,6.0,0.0,0.0
1941-12-07,格陵兰（丹麦殖民地）,Greenland (Danish colony),0.0,6.0,0.0,0.0
1942-11-01,中华民国,Republic of China,515578008.0,1.0,0.0,0.996
1942-11-01,英属印度,British India,374956065.0,1.0,0.051,0.744
1942-11-01,苏联,Soviet Union,182405911.0,1.0,0.023,0.799
1942-11-01,美国,United States,134579030.0,1.0,0.995,1.0
1942-11-01,大日本帝国,Empire of Japan,78465348.0,1.0,0.002,1.0
1942-11-01,纳粹德国（德意志国）,Nazi Germany (German Reich),71531032.0,1.0,0.236,0.999
1942-11-01,荷属东印度,Dutch East Indies,63046380.0,2.0,0.0,0.997
1942-11-01,英国,United Kingdom,48174767.0,1.0,0.071,1.0
1942-11-01,意大利王国,Kingdom of Italy,45276535.0,1.0,0.218,0.902
1942-11-01,巴西,Brazil,42979947.0,3.0,0.0,0.996
1942-11-01,法国,France,39011168.0,1.0,0.004,1.0
1942-11-01,波兰,Poland,28243391.0,1.0,0.021,0.893
1942-11-01,英属尼日利亚,British Nigeria,27604916.0,3.0,0.0,0.001
1942-11-01,西班牙,Spain,26286710.0,2.0,0.0,0.932
1942-11-01,日据朝鲜（朝鲜总督府）,Korea under Japanese rule (Chōsen),26257257.0,1.0,0.979,1.0
1942-11-01,法属印度支那（东京、安南、交趾支那）,French Indochina (Tonkin/Annam/Cochinchina),23065124.0,2.0,0.0,0.999
1942-11-01,墨西哥,Mexico,21419306.0,1.0,0.138,1.0
1942-11-01,埃及,Egypt,18636108.0,5.0,0.0,0.0
1942-11-01,土耳其,Turkey,18028626.0,1.0,0.026,0.026
1942-11-01,英属缅甸,British Burma,17383412.0,1.0,0.999,0.999
1942-11-01,泰国,Thailand,16269854.0,1.0,0.012,0.053
1942-11-01,罗马尼亚,Romania,16239843.0,2.0,0.0,0.211
1942-11-01,埃塞俄比亚,Ethiopia,15766451.0,5.0,0.0,0.0
1942-11-01,美属菲律宾,US Philippines,15209416.0,3.0,0.0,1.0
1942-11-01,南斯拉夫,Yugoslavia,15201474.0,1.0,0.053,0.164
1942-11-01,伊朗,Iran,14935810.0,5.0,0.0,0.0
1942-11-01,阿根廷,Argentina,14537963.0,1.0,0.0,0.562
1942-11-01,加拿大,Canada,11675478.0,1.0,0.002,0.999
1942-11-01,比属刚果,Belgian Congo,11517605.0,5.0,0.0,0.0
1942-11-01,南非联邦,Union of South Africa,10988424.0,3.0,0.0,1.0
1942-11-01,匈牙利,Hungary,10467019.0,2.0,0.0,0.725
1942-11-01,捷克斯洛伐克,Czechoslovakia,9888984.0,1.0,0.081,0.2
1942-11-01,哥伦比亚,Colombia,9444125.0,3.0,0.0,1.0
1942-11-01,荷兰,Netherlands,9169184.0,3.0,0.0,0.343
1942-11-01,英埃苏丹,Anglo-Egyptian Sudan,8315416.0,5.0,0.0,0.0
1942-11-01,法属阿尔及利亚,French Algeria,8131140.0,3.0,0.0,1.0
1942-11-01,比利时,Belgium,7956016.0,1.0,0.0,0.013
1942-11-01,葡萄牙,Portugal,7847159.0,3.0,0.0,0.038
1942-11-01,尼泊尔,Nepal,7552062.0,5.0,0.0,0.0
1942-11-01,澳大利亚,Australia,7183450.0,3.0,0.0,0.985
1942-11-01,希腊,Greece,7150270.0,5.0,0.0,0.0
1942-11-01,阿富汗,Afghanistan,7088867.0,3.0,0.0,0.026
1942-11-01,法属摩洛哥,French protectorate of Morocco,6847615.0,5.0,0.0,0.0
1942-11-01,奥地利,Austria,6751173.0,1.0,0.001,0.589
1942-11-01,秘鲁,Peru,6696689.0,1.0,0.835,0.975
1942-11-01,保加利亚,Bulgaria,6528800.0,5.0,0.0,0.0
1942-11-01,坦噶尼喀领地（英国管理）,Tanganyika Territory (British),6479142.0,5.0,0.0,0.0
1942-11-01,瑞典,Sweden,6443070.0,2.0,0.0,0.192
1942-11-01,日据台湾（台湾总督府）,Taiwan under Japanese rule,6122606.0,1.0,1.0,1.0
1942-11-01,英属锡兰,British Ceylon,6057213.0,3.0,0.0,1.0
1942-11-01,智利,Chile,5721272.0,1.0,0.204,0.825
1942-11-01,葡属莫桑比克,Portuguese Mozambique,5465204.0,5.0,0.0,0.0
1942-11-01,法属苏丹,French Sudan,5257677.0,3.0,0.0,0.863
1942-11-01,法属科特迪瓦,French Côte d'Ivoire,5235855.0,3.0,0.0,0.641
1942-11-01,乌干达保护国,Uganda Protectorate,4869783.0,3.0,0.0,0.037
1942-11-01,古巴,Cuba,4825085.0,3.0,0.0,0.991
1942-11-01,伊拉克,Iraq,4788081.0,3.0,0.0,0.0
1942-11-01,瑞士,Switzerland,4335180.0,3.0,0.0,0.513
1942-11-01,卢旺达-乌隆迪（比利时管理）,Ruanda-Urundi (Belgian),4257972.0,3.0,0.0,0.996
1942-11-01,英属肯尼亚,Kenya Colony,4208524.0,5.0,0.0,0.0
1942-11-01,葡属安哥拉,Portuguese Angola,4195684.0,5.0,0.0,0.0
1942-11-01,法属柬埔寨（保护国）,French Cambodia (protectorate),4023995.0,2.0,0.0,1.0
1942-11-01,法属马达加斯加,French Madagascar,3944695.0,5.0,0.0,0.0
1942-11-01,委内瑞拉,Venezuela,3909999.0,3.0,0.0,0.012
1942-11-01,英属黄金海岸,Gold Coast,3907339.0,3.0,0.0,0.023
1942-11-01,丹麦,Denmark,3901700.0,1.0,0.013,0.969
1942-11-01,芬兰,Finland,3720512.0,5.0,0.0,0.0
1942-11-01,法国委任统治叙利亚,French Mandate Syria,3196107.0,5.0,0.0,0.0
1942-11-01,法属突尼斯,French protectorate of Tunisia,3146321.0,5.0,0.0,0.0
1942-11-01,玻利维亚,Bolivia,3035788.0,1.0,0.0,1.0
1942-11-01,挪威,Norway,3008532.0,3.0,0.0,0.0
1942-11-01,法属尼日尔,French Niger,2999019.0,3.0,0.0,0.995
1942-11-01,也门王国,Kingdom of Yemen,2967000.0,4.0,0.0,0.0
1942-11-01,爱尔兰,Ireland,2942388.0,1.0,0.987,1.0
1942-11-01,海地,Haiti,2913288.0,5.0,0.0,0.0
1942-11-01,法属喀麦隆,French Cameroun,2847878.0,3.0,0.0,0.133
1942-11-01,法属几内亚,French Guinea,2804004.0,3.0,0.0,0.997
1942-11-01,厄瓜多尔,Ecuador,2737359.0,1.0,0.0,1.0
1942-11-01,沙特阿拉伯,Saudi Arabia,2681000.0,3.0,0.0,0.13
1942-11-01,南罗得西亚,Southern Rhodesia,2622719.0,5.0,0.0,0.0
1942-11-01,危地马拉,Guatemala,2438928.0,1.0,0.019,1.0
1942-11-01,法属塞内加尔,French Senegal,2409462.0,5.0,0.0,0.0
1942-11-01,法属达荷美,French Dahomey,2055600.0,3.0,0.0,0.993
1942-11-01,乌拉圭,Uruguay,2046630.0,3.0,0.0,1.0
1942-11-01,尼亚萨兰,Nyasaland,2043875.0,5.0,0.0,0.0
1942-11-01,马来属邦,Unfederated Malay States,1943569.0,2.0,0.0,0.008
1942-11-01,法属乍得,French Chad,1904738.0,5.0,0.0,0.0
1942-11-01,英属塞拉利昂,British Sierra Leone,1897012.0,5.0,0.0,0.0
1942-11-01,波多黎各,Puerto Rico,1882259.0,3.0,0.0,1.0
1942-11-01,北罗得西亚,Northern Rhodesia,1871427.0,5.0,0.0,0.0
1942-11-01,萨尔瓦多,El Salvador,1853696.0,2.0,0.0,1.0
1942-11-01,马来联邦,Federated Malay States,1807772.0,1.0,0.035,0.997
1942-11-01,多米尼加,Dominican Republic,1794307.0,5.0,0.0,0.0
1942-11-01,英国委任统治巴勒斯坦,Mandatory Palestine (British),1698837.0,5.0,0.0,0.0
1942-11-01,新西兰,New Zealand,1635659.0,5.0,0.0,0.0
1942-11-01,法属老挝,French Laos,1595987.0,2.0,0.0,1.0
1942-11-01,英国管理下的索马里,Somalia (British administration),1566233.0,5.0,0.0,0.0
1942-11-01,西藏,Tibet,1482768.0,3.0,0.0,0.997
1942-11-01,海峡殖民地,Straits Settlements,1369392.0,2.0,0.0,0.263
1942-11-01,法属多哥,French Togoland,1328174.0,3.0,0.0,0.996
1942-11-01,英属喀麦隆,British Cameroons,1316319.0,3.0,0.0,0.963
1942-11-01,阿尔巴尼亚,Albania,1290837.0,5.0,0.0,0.0
1942-11-01,洪都拉斯,Honduras,1264664.0,3.0,0.0,1.0
1942-11-01,英属牙买加,British Jamaica,1246698.0,5.0,0.0,0.0
1942-11-01,巴拉圭,Paraguay,1203105.0,3.0,0.0,0.874
1942-11-01,法国委任统治黎巴嫩,French Mandate Lebanon,1146268.0,5.0,0.0,0.0
1942-11-01,新几内亚领地（澳大利亚管理）,Territory of New Guinea (Australian),1118602.0,3.0,0.0,0.056
1942-11-01,法属乌班吉沙立,French Ubangi-Shari,1117606.0,5.0,0.0,0.0
1942-11-01,意属利比亚,Italian Libya,1086505.0,5.0,0.0,0.0
1942-11-01,西属摩洛哥,Spanish Morocco,1083728.0,3.0,0.0,0.0
1942-11-01,尼加拉瓜,Nicaragua,1052663.0,3.0,0.0,1.0
1942-11-01,利比里亚,Liberia,857228.0,5.0,0.0,0.0
1942-11-01,法属刚果,French Congo (Middle Congo),790742.0,5.0,0.0,0.0
1942-11-01,蒙古,Mongolia,766234.0,3.0,0.0,0.024
1942-11-01,巴拿马,Panama,764116.0,1.0,0.022,1.0
1942-11-01,哥斯达黎加,Costa Rica,742123.0,3.0,0.0,1.0
1942-11-01,英国管理下的厄立特里亚,Eritrea (British administration),728867.0,5.0,0.0,0.0
1942-11-01,北婆罗洲,North Borneo,711531.0,5.0,0.0,0.0
1942-11-01,沙捞越,Sarawak,615980.0,5.0,0.0,0.0
1942-11-01,英属特立尼达和多巴哥,British Trinidad and Tobago,593448.0,3.0,0.0,0.085
1942-11-01,夏威夷（美国领地）,Territory of Hawaii,556089.0,1.0,0.97,1.0
1942-11-01,法属毛里塔尼亚,French Mauritania,528588.0,3.0,0.0,0.989
1942-11-01,巴苏陀兰,Basutoland,526596.0,5.0,0.0,0.0
1942-11-01,葡属几内亚,Portuguese Guinea,510062.0,5.0,0.0,0.0
1942-11-01,英属索马里兰,British Somaliland,504590.0,5.0,0.0,0.0
1942-11-01,法属加蓬,French Gabon,499853.0,5.0,0.0,0.0
1942-11-01,亚丁,Aden,482364.0,4.0,0.0,0.0
1942-11-01,英属毛里求斯,British Mauritius,442094.0,3.0,0.0,0.0
1942-11-01,巴布亚领地（澳大利亚）,Territory of Papua (Australian),440554.0,3.0,0.0,1.0
1942-11-01,葡属帝汶,Portuguese Timor,427565.0,5.0,0.0,0.0
1942-11-01,英属塞浦路斯,British Cyprus,421538.0,5.0,0.0,0.0
1942-11-01,马斯喀特和阿曼,Muscat and Oman,416435.0,4.0,0.0,0.0
1942-11-01,外约旦（英国委任统治）,Transjordan (British mandate),400688.0,5.0,0.0,0.0
1942-11-01,马提尼克,Martinique,393133.0,3.0,0.0,0.419
1942-11-01,英属圭亚那,British Guiana,391781.0,3.0,0.0,1.0
1942-11-01,英属斐济,British Fiji,386876.0,3.0,0.0,0.06
1942-11-01,留尼汪,Réunion,381882.0,5.0,0.0,0.0
1942-11-01,瓜德罗普,Guadeloupe,367538.0,3.0,0.0,1.0
1942-11-01,西南非洲（南非管理）,South West Africa (South African administration),361211.0,3.0,0.0,0.986
1942-11-01,桦太（日属南库页岛）,Karafuto (Japanese South Sakhalin),334517.0,3.0,0.0,1.0
1942-11-01,东亚丁保护地,East Aden Protectorate,309282.0,4.0,0.0,0.0
1942-11-01,英属冈比亚,British Gambia,289609.0,5.0,0.0,0.0
1942-11-01,贝专纳保护地,Bechuanaland Protectorate,288819.0,5.0,0.0,0.0
1942-11-01,英属多哥兰,British Togoland,287021.0,3.0,0.0,0.375
1942-11-01,英属马耳他,British Malta,280409.0,5.0,0.0,0.0
1942-11-01,卢森堡,Luxembourg,275683.0,1.0,0.143,1.0
1942-11-01,纽芬兰自治领,Dominion of Newfoundland,269622.0,3.0,0.0,0.013
1942-11-01,阿拉斯加（美国领地）,Alaska (US territory),233946.0,1.0,0.947,1.0
1942-11-01,桑给巴尔（英国保护国）,Zanzibar (British protectorate),191324.0,5.0,0.0,0.0
1942-11-01,英属巴巴多斯,British Barbados,186873.0,3.0,0.0,1.0
1942-11-01,荷属苏里南,Dutch Suriname,179780.0,4.0,0.0,0.0
1942-11-01,斯威士兰（英国保护地）,Swaziland (British protectorate),179676.0,5.0,0.0,0.0
1942-11-01,西属几内亚,Spanish Guinea,176245.0,5.0,0.0,0.0
1942-11-01,葡属佛得角,Portuguese Cape Verde,171467.0,5.0,0.0,0.0
1942-11-01,英属所罗门群岛,British Solomon Islands,168576.0,3.0,0.0,0.441
1942-11-01,不丹,Bhutan,155948.0,3.0,0.0,0.008
1942-11-01,冰岛（盟军占领）,Iceland (Allied occupation),136231.0,3.0,0.0,1.0
1942-11-01,南洋群岛（日本委任统治地）,South Seas Mandate (Japanese),130000.0,6.0,0.0,0.0
1942-11-01,意属爱琴海群岛（多德卡尼斯）,Italian Islands of the Aegean (Dodecanese),120000.0,6.0,0.0,0.0
1942-11-01,特鲁西尔诸国（休战诸国）,Trucial States,105979.0,5.0,0.0,0.0
1942-11-01,巴林（英国保护国）,Bahrain (British protectorate),90000.0,6.0,0.0,0.0
1942-11-01,马尔代夫（英国保护国）,Maldives (British protectorate),76232.0,5.0,0.0,0.0
1942-11-01,英属巴哈马,British Bahamas,74223.0,3.0,0.0,0.034
1942-11-01,圣多美和普林西比（葡属）,São Tomé and Príncipe (Portuguese),60000.0,6.0,0.0,0.0
1942-11-01,西萨摩亚（新西兰委任统治地）,Western Samoa (New Zealand mandate),60000.0,6.0,0.0,0.0
1942-11-01,法属索马里,French Somaliland,58434.0,5.0,0.0,0.0
1942-11-01,英属洪都拉斯,British Honduras,56370.0,3.0,0.0,1.0
1942-11-01,新赫布里底（英法共管地）,New Hebrides (Anglo-French condominium),45000.0,6.0,0.0,0.0
1942-11-01,西属西非,Spanish West Africa,41967.0,5.0,0.0,0.0
1942-11-01,法属圭亚那,French Guiana,39864.0,5.0,0.0,0.0
1942-11-01,吉尔伯特和埃利斯群岛（英属）,Gilbert and Ellice Islands (British),35000.0,6.0,0.0,0.0
1942-11-01,文莱（英国保护国）,Brunei (British protectorate),34453.0,5.0,0.0,0.0
1942-11-01,汤加（英国保护国）,Tonga (British protectorate),34000.0,6.0,0.0,0.0
1942-11-01,塞舌尔（英属）,Seychelles (British),32000.0,6.0,0.0,0.0
1942-11-01,卡塔尔（英国保护国）,Qatar (British protectorate),29752.0,5.0,0.0,0.0
1942-11-01,伊尼尼（法属圭亚那内陆）,Inini (French Guiana interior),3990.0,5.0,0.0,0.0
1942-11-01,瑙鲁（澳大利亚管理的委任统治地）,Nauru (Australian-administered mandate),3400.0,6.0,0.0,0.0
1942-11-01,格陵兰（丹麦殖民地）,Greenland (Danish colony),0.0,6.0,0.0,0.0
1944-06-06,中华民国,Republic of China,520984450.0,1.0,0.0,0.996
1944-06-06,英属印度,British India,383759840.0,1.0,0.051,0.744
1944-06-06,苏联,Soviet Union,185790431.0,1.0,0.023,0.803
1944-06-06,美国,United States,133556407.0,1.0,0.995,1.0
1944-06-06,大日本帝国,Empire of Japan,79988346.0,1.0,0.002,1.0
1944-06-06,纳粹德国（德意志国）,Nazi Germany (German Reich),69830500.0,1.0,0.236,0.999
1944-06-06,荷属东印度,Dutch East Indies,63948254.0,2.0,0.0,0.997
1944-06-06,英国,United Kingdom,48698216.0,1.0,0.071,1.0
1944-06-06,意大利王国,Kingdom of Italy,45607323.0,1.0,0.218,0.902
1944-06-06,巴西,Brazil,45047583.0,3.0,0.0,1.0
1944-06-06,法国,France,38879546.0,1.0,0.004,1.0
1944-06-06,英属尼日利亚,British Nigeria,29656092.0,3.0,0.0,0.001
1944-06-06,日据朝鲜（朝鲜总督府）,Korea under Japanese rule (Chōsen),27138686.0,1.0,0.979,1.0
1944-06-06,波兰,Poland,26924800.0,1.0,0.021,0.867
1944-06-06,西班牙,Spain,26698690.0,2.0,0.0,0.932
1944-06-06,法属印度支那（东京、安南、交趾支那）,French Indochina (Tonkin/Annam/Cochinchina),23542760.0,2.0,0.0,0.999
1944-06-06,墨西哥,Mexico,22735546.0,1.0,0.138,1.0
1944-06-06,埃及,Egypt,19221377.0,5.0,0.0,0.0
1944-06-06,土耳其,Turkey,18414284.0,1.0,0.026,0.026
1944-06-06,英属缅甸,British Burma,17459717.0,1.0,0.999,0.999
1944-06-06,泰国,Thailand,17044524.0,1.0,0.012,0.062
1944-06-06,罗马尼亚,Romania,16334088.0,2.0,0.0,0.211
1944-06-06,埃塞俄比亚,Ethiopia,16217218.0,5.0,0.0,0.0
1944-06-06,美属菲律宾,US Philippines,15811629.0,1.0,0.036,1.0
1944-06-06,伊朗,Iran,15311635.0,5.0,0.0,0.0
1944-06-06,阿根廷,Argentina,15028008.0,1.0,0.0,0.562
1944-06-06,南斯拉夫,Yugoslavia,14494001.0,1.0,0.054,0.151
1944-06-06,加拿大,Canada,11963347.0,1.0,0.002,0.999
1944-06-06,比属刚果,Belgian Congo,11672141.0,5.0,0.0,0.0
1944-06-06,南非联邦,Union of South Africa,11472791.0,3.0,0.0,1.0
1944-06-06,匈牙利,Hungary,10402551.0,2.0,0.0,0.725
1944-06-06,捷克斯洛伐克,Czechoslovakia,9964343.0,1.0,0.081,0.2
1944-06-06,哥伦比亚,Colombia,9956606.0,3.0,0.0,1.0
1944-06-06,荷兰,Netherlands,9310879.0,3.0,0.0,0.343
1944-06-06,英埃苏丹,Anglo-Egyptian Sudan,8390053.0,5.0,0.0,0.0
1944-06-06,法属阿尔及利亚,French Algeria,8338285.0,3.0,0.0,1.0
1944-06-06,比利时,Belgium,7990197.0,1.0,0.0,0.013
1944-06-06,葡萄牙,Portugal,7988191.0,3.0,0.0,0.038
1944-06-06,尼泊尔,Nepal,7708228.0,5.0,0.0,0.0
1944-06-06,澳大利亚,Australia,7321644.0,3.0,0.0,0.985
1944-06-06,阿富汗,Afghanistan,7225598.0,3.0,0.0,0.026
1944-06-06,希腊,Greece,7119547.0,5.0,0.0,0.0
1944-06-06,法属摩洛哥,French protectorate of Morocco,7058259.0,5.0,0.0,0.0
1944-06-06,秘鲁,Peru,6928039.0,1.0,0.852,0.997
1944-06-06,奥地利,Austria,6785281.0,1.0,0.001,0.589
1944-06-06,坦噶尼喀领地（英国管理）,Tanganyika Territory (British),6774452.0,5.0,0.0,0.0
1944-06-06,保加利亚,Bulgaria,6638395.0,5.0,0.0,0.0
1944-06-06,瑞典,Sweden,6563263.0,2.0,0.0,0.192
1944-06-06,日据台湾（台湾总督府）,Taiwan under Japanese rule,6300073.0,1.0,1.0,1.0
1944-06-06,英属锡兰,British Ceylon,6294877.0,3.0,0.0,1.0
1944-06-06,智利,Chile,5939982.0,1.0,0.205,0.826
1944-06-06,葡属莫桑比克,Portuguese Mozambique,5560663.0,5.0,0.0,0.0
1944-06-06,法属苏丹,French Sudan,5351005.0,3.0,0.0,0.863
1944-06-06,法属科特迪瓦,French Côte d'Ivoire,5310486.0,3.0,0.0,0.641
1944-06-06,乌干达保护国,Uganda Protectorate,5064912.0,3.0,0.0,0.037
1944-06-06,伊拉克,Iraq,4994448.0,3.0,0.0,0.0
1944-06-06,古巴,Cuba,4976145.0,3.0,0.0,0.991
1944-06-06,英属肯尼亚,Kenya Colony,4485476.0,5.0,0.0,0.0
1944-06-06,瑞士,Switzerland,4414007.0,3.0,0.0,0.513
1944-06-06,卢旺达-乌隆迪（比利时管理）,Ruanda-Urundi (Belgian),4318611.0,3.0,0.0,0.996
1944-06-06,葡属安哥拉,Portuguese Angola,4283922.0,5.0,0.0,0.0
1944-06-06,委内瑞拉,Venezuela,4150000.0,3.0,0.0,0.012
1944-06-06,法属柬埔寨（保护国）,French Cambodia (protectorate),4100338.0,2.0,0.0,1.0
1944-06-06,英属黄金海岸,Gold Coast,4100117.0,3.0,0.0,0.023
1944-06-06,法属马达加斯加,French Madagascar,3999246.0,5.0,0.0,0.0
1944-06-06,丹麦,Denmark,3993931.0,1.0,0.013,0.961
1944-06-06,芬兰,Finland,3748076.0,5.0,0.0,0.0
1944-06-06,法国委任统治叙利亚,French Mandate Syria,3290476.0,5.0,0.0,0.0
1944-06-06,法属突尼斯,French protectorate of Tunisia,3255945.0,5.0,0.0,0.0
1944-06-06,玻利维亚,Bolivia,3107271.0,1.0,0.0,1.0
1944-06-06,挪威,Norway,3059169.0,3.0,0.0,0.0
1944-06-06,也门王国,Kingdom of Yemen,3053000.0,4.0,0.0,0.0
1944-06-06,法属尼日尔,French Niger,3033872.0,3.0,0.0,0.995
1944-06-06,海地,Haiti,2987505.0,5.0,0.0,0.0
1944-06-06,法属喀麦隆,French Cameroun,2981429.0,3.0,0.0,0.133
1944-06-06,爱尔兰,Ireland,2922644.0,1.0,0.987,1.0
1944-06-06,厄瓜多尔,Ecuador,2870396.0,1.0,0.0,1.0
1944-06-06,法属几内亚,French Guinea,2853846.0,3.0,0.0,0.997
1944-06-06,沙特阿拉伯,Saudi Arabia,2803000.0,3.0,0.0,0.13
1944-06-06,南罗得西亚,Southern Rhodesia,2660467.0,5.0,0.0,0.0
1944-06-06,危地马拉,Guatemala,2538040.0,1.0,0.019,1.0
1944-06-06,法属塞内加尔,French Senegal,2442029.0,5.0,0.0,0.0
1944-06-06,尼亚萨兰,Nyasaland,2116351.0,5.0,0.0,0.0
1944-06-06,法属达荷美,French Dahomey,2096490.0,3.0,0.0,0.993
1944-06-06,乌拉圭,Uruguay,2094884.0,3.0,0.0,1.0
1944-06-06,法属乍得,French Chad,2052316.0,5.0,0.0,0.0
1944-06-06,北罗得西亚,Northern Rhodesia,1982190.0,5.0,0.0,0.0
1944-06-06,马来属邦,Unfederated Malay States,1970156.0,3.0,0.0,0.636
1944-06-06,波多黎各,Puerto Rico,1940483.0,3.0,0.0,1.0
1944-06-06,萨尔瓦多,El Salvador,1933350.0,2.0,0.0,1.0
1944-06-06,英属塞拉利昂,British Sierra Leone,1922593.0,5.0,0.0,0.0
1944-06-06,多米尼加,Dominican Republic,1883106.0,5.0,0.0,0.0
1944-06-06,马来联邦,Federated Malay States,1832450.0,1.0,0.035,0.997
1944-06-06,英国委任统治巴勒斯坦,Mandatory Palestine (British),1815142.0,5.0,0.0,0.0
1944-06-06,新西兰,New Zealand,1660357.0,5.0,0.0,0.0
1944-06-06,法属老挝,French Laos,1613269.0,2.0,0.0,1.0
1944-06-06,英国管理下的索马里,Somalia (British administration),1586054.0,5.0,0.0,0.0
1944-06-06,西藏,Tibet,1498492.0,3.0,0.0,0.997
1944-06-06,海峡殖民地,Straits Settlements,1431256.0,2.0,0.0,0.27
1944-06-06,英属喀麦隆,British Cameroons,1393121.0,3.0,0.0,0.963
1944-06-06,法属多哥,French Togoland,1351831.0,3.0,0.0,0.996
1944-06-06,洪都拉斯,Honduras,1310611.0,3.0,0.0,1.0
1944-06-06,英属牙买加,British Jamaica,1260391.0,5.0,0.0,0.0
1944-06-06,巴拉圭,Paraguay,1259914.0,3.0,0.0,0.879
1944-06-06,法国委任统治黎巴嫩,French Mandate Lebanon,1196986.0,5.0,0.0,0.0
1944-06-06,法属乌班吉沙立,French Ubangi-Shari,1193711.0,5.0,0.0,0.0
1944-06-06,新几内亚领地（澳大利亚管理）,Territory of New Guinea (Australian),1132419.0,3.0,0.0,0.056
1944-06-06,西属摩洛哥,Spanish Morocco,1116087.0,3.0,0.0,0.0
1944-06-06,阿尔巴尼亚,Albania,1112000.0,5.0,0.0,0.0
1944-06-06,尼加拉瓜,Nicaragua,1101623.0,3.0,0.0,1.0
1944-06-06,英法管理下的利比亚,Libya (British/French administration),1097399.0,5.0,0.0,0.0
1944-06-06,利比里亚,Liberia,871432.0,5.0,0.0,0.0
1944-06-06,法属刚果,French Congo (Middle Congo),802293.0,5.0,0.0,0.0
1944-06-06,巴拿马,Panama,791513.0,1.0,0.022,1.0
1944-06-06,哥斯达黎加,Costa Rica,784491.0,3.0,0.0,1.0
1944-06-06,蒙古,Mongolia,769297.0,3.0,0.0,0.024
1944-06-06,英国管理下的厄立特里亚,Eritrea (British administration),748377.0,5.0,0.0,0.0
1944-06-06,北婆罗洲,North Borneo,723989.0,5.0,0.0,0.0
1944-06-06,沙捞越,Sarawak,624482.0,5.0,0.0,0.0
1944-06-06,英属特立尼达和多巴哥,British Trinidad and Tobago,621614.0,3.0,0.0,0.085
1944-06-06,夏威夷（美国领地）,Territory of Hawaii,569817.0,1.0,0.97,1.0
1944-06-06,巴苏陀兰,Basutoland,534640.0,5.0,0.0,0.0
1944-06-06,法属毛里塔尼亚,French Mauritania,533048.0,3.0,0.0,0.989
1944-06-06,葡属几内亚,Portuguese Guinea,516898.0,5.0,0.0,0.0
1944-06-06,英属索马里兰,British Somaliland,510974.0,5.0,0.0,0.0
1944-06-06,法属加蓬,French Gabon,508234.0,5.0,0.0,0.0
1944-06-06,亚丁,Aden,489542.0,4.0,0.0,0.0
1944-06-06,英属毛里求斯,British Mauritius,449840.0,3.0,0.0,0.0
1944-06-06,巴布亚领地（澳大利亚）,Territory of Papua (Australian),446124.0,3.0,0.0,1.0
1944-06-06,英属塞浦路斯,British Cyprus,436236.0,5.0,0.0,0.0
1944-06-06,葡属帝汶,Portuguese Timor,424142.0,3.0,0.0,0.078
1944-06-06,马斯喀特和阿曼,Muscat and Oman,417056.0,4.0,0.0,0.0
1944-06-06,英属斐济,British Fiji,407574.0,3.0,0.0,0.06
1944-06-06,外约旦（英国委任统治）,Transjordan (British mandate),406273.0,5.0,0.0,0.0
1944-06-06,英属圭亚那,British Guiana,397220.0,3.0,0.0,1.0
1944-06-06,马提尼克,Martinique,396408.0,3.0,0.0,0.419
1944-06-06,留尼汪,Réunion,380587.0,5.0,0.0,0.0
1944-06-06,西南非洲（南非管理）,South West Africa (South African administration),374689.0,3.0,0.0,0.986
1944-06-06,瓜德罗普,Guadeloupe,369489.0,3.0,0.0,1.0
1944-06-06,桦太（日属南库页岛）,Karafuto (Japanese South Sakhalin),340724.0,3.0,0.0,1.0
1944-06-06,东亚丁保护地,East Aden Protectorate,313882.0,4.0,0.0,0.0
1944-06-06,英属多哥兰,British Togoland,300733.0,3.0,0.0,0.375
1944-06-06,贝专纳保护地,Bechuanaland Protectorate,295052.0,5.0,0.0,0.0
1944-06-06,英属冈比亚,British Gambia,293941.0,5.0,0.0,0.0
1944-06-06,英属马耳他,British Malta,284075.0,5.0,0.0,0.0
1944-06-06,卢森堡,Luxembourg,279269.0,1.0,0.143,1.0
1944-06-06,纽芬兰自治领,Dominion of Newfoundland,276269.0,3.0,0.0,0.013
1944-06-06,阿拉斯加（美国领地）,Alaska (US territory),239759.0,1.0,0.947,1.0
1944-06-06,桑给巴尔（英国保护国）,Zanzibar (British protectorate),200048.0,5.0,0.0,0.0
1944-06-06,英属巴巴多斯,British Barbados,190069.0,3.0,0.0,1.0
1944-06-06,西属几内亚,Spanish Guinea,186766.0,5.0,0.0,0.0
1944-06-06,斯威士兰（英国保护地）,Swaziland (British protectorate),186280.0,5.0,0.0,0.0
1944-06-06,荷属苏里南,Dutch Suriname,182504.0,4.0,0.0,0.0
1944-06-06,葡属佛得角,Portuguese Cape Verde,174559.0,5.0,0.0,0.0
1944-06-06,英属所罗门群岛,British Solomon Islands,170468.0,3.0,0.0,0.441
1944-06-06,不丹,Bhutan,157469.0,3.0,0.0,0.008
1944-06-06,冰岛（盟军占领）,Iceland (Allied occupation),138027.0,3.0,0.0,1.0
1944-06-06,南洋群岛（日本委任统治地）,South Seas Mandate (Japanese),130000.0,6.0,0.0,0.0
1944-06-06,意属爱琴海群岛（多德卡尼斯）,Italian Islands of the Aegean (Dodecanese),120000.0,6.0,0.0,0.0
1944-06-06,特鲁西尔诸国（休战诸国）,Trucial States,107230.0,5.0,0.0,0.0
1944-06-06,新喀里多尼亚,New Caledonia,92641.0,3.0,0.0,1.0
1944-06-06,巴林（英国保护国）,Bahrain (British protectorate),90000.0,6.0,0.0,0.0
1944-06-06,马尔代夫（英国保护国）,Maldives (British protectorate),76611.0,5.0,0.0,0.0
1944-06-06,英属巴哈马,British Bahamas,76575.0,3.0,0.0,0.034
1944-06-06,圣多美和普林西比（葡属）,São Tomé and Príncipe (Portuguese),60000.0,6.0,0.0,0.0
1944-06-06,西萨摩亚（新西兰委任统治地）,Western Samoa (New Zealand mandate),60000.0,6.0,0.0,0.0
1944-06-06,法属索马里,French Somaliland,59337.0,5.0,0.0,0.0
1944-06-06,英属洪都拉斯,British Honduras,57477.0,3.0,0.0,1.0
1944-06-06,新赫布里底（英法共管地）,New Hebrides (Anglo-French condominium),45000.0,6.0,0.0,0.0
1944-06-06,西属西非,Spanish West Africa,43206.0,5.0,0.0,0.0
1944-06-06,法属圭亚那,French Guiana,39765.0,5.0,0.0,0.0
1944-06-06,文莱（英国保护国）,Brunei (British protectorate),35806.0,5.0,0.0,0.0
1944-06-06,吉尔伯特和埃利斯群岛（英属）,Gilbert and Ellice Islands (British),35000.0,6.0,0.0,0.0
1944-06-06,汤加（英国保护国）,Tonga (British protectorate),34000.0,6.0,0.0,0.0
1944-06-06,塞舌尔（英属）,Seychelles (British),32000.0,6.0,0.0,0.0
1944-06-06,卡塔尔（英国保护国）,Qatar (British protectorate),30298.0,5.0,0.0,0.0
1944-06-06,伊尼尼（法属圭亚那内陆）,Inini (French Guiana interior),3984.0,5.0,0.0,0.0
1944-06-06,瑙鲁（澳大利亚管理的委任统治地）,Nauru (Australian-administered mandate),3400.0,6.0,0.0,0.0
1944-06-06,格陵兰（丹麦殖民地）,Greenland (Danish colony),0.0,6.0,0.0,0.0
1945-09-02,中华民国,Republic of China,523709333.0,1.0,0.018,0.997
1945-09-02,英属印度,British India,388264236.0,1.0,0.051,0.744
1945-09-02,苏联,Soviet Union,198579570.0,1.0,0.017,0.76
1945-09-02,美国,United States,133160124.0,1.0,0.995,1.0
1945-09-02,大日本帝国,Empire of Japan,80404718.0,1.0,0.002,1.0
1945-09-02,印度尼西亚,Indonesia,64185799.0,2.0,0.0,0.997
1945-09-02,西方盟国占领区（德国）,Western occupation zones of Germany,52808701.0,1.0,0.133,0.948
1945-09-02,英国,United Kingdom,48839904.0,1.0,0.071,1.0
1945-09-02,巴西,Brazil,46118311.0,3.0,0.0,1.0
1945-09-02,意大利王国,Kingdom of Italy,45789677.0,1.0,0.218,0.884
1945-09-02,法国,France,39295198.0,1.0,0.004,1.0
1945-09-02,英属尼日利亚,British Nigeria,30738165.0,3.0,0.0,0.001
1945-09-02,西班牙,Spain,26908018.0,2.0,0.0,0.932
1945-09-02,波兰,Poland,24656091.0,1.0,0.137,0.721
1945-09-02,法属印度支那（东京、安南、交趾支那）,French Indochina (Tonkin/Annam/Cochinchina),23785266.0,2.0,0.0,0.999
1945-09-02,墨西哥,Mexico,23493456.0,1.0,0.138,1.0
1945-09-02,美军占领区（朝鲜南部）,US occupation zone of Korea,20736669.0,1.0,0.972,1.0
1945-09-02,埃及,Egypt,19520892.0,5.0,0.0,0.0
1945-09-02,土耳其,Turkey,18691197.0,1.0,0.026,0.026
1945-09-02,英属缅甸,British Burma,17498001.0,1.0,0.999,0.999
1945-09-02,泰国,Thailand,17463937.0,1.0,0.012,0.062
1945-09-02,埃塞俄比亚,Ethiopia,16447414.0,5.0,0.0,0.0
1945-09-02,罗马尼亚,Romania,16381198.0,2.0,0.0,0.211
1945-09-02,美属菲律宾,US Philippines,16171953.0,1.0,0.036,1.0
1945-09-02,苏联占领区（德国）,Soviet occupation zone of Germany,15637785.0,1.0,0.371,1.0
1945-09-02,伊朗,Iran,15503082.0,5.0,0.0,0.0
1945-09-02,阿根廷,Argentina,15285276.0,1.0,0.0,0.562
1945-09-02,南斯拉夫,Yugoslavia,14840000.0,1.0,0.005,0.03
1945-09-02,捷克斯洛伐克,Czechoslovakia,14149999.0,1.0,0.136,0.365
1945-09-02,加拿大,Canada,12132150.0,1.0,0.002,0.999
1945-09-02,比属刚果,Belgian Congo,11750202.0,5.0,0.0,0.0
1945-09-02,南非联邦,Union of South Africa,11722930.0,3.0,0.0,1.0
1945-09-02,哥伦比亚,Colombia,10223129.0,3.0,0.0,1.0
1945-09-02,苏联占领区（朝鲜北部）,Soviet occupation zone of Korea,9587756.0,1.0,0.992,1.0
1945-09-02,荷兰,Netherlands,9415743.0,3.0,0.0,0.343
1945-09-02,匈牙利,Hungary,9024002.0,2.0,0.0,0.705
1945-09-02,法属阿尔及利亚,French Algeria,8443829.0,3.0,0.0,1.0
1945-09-02,英埃苏丹,Anglo-Egyptian Sudan,8427627.0,5.0,0.0,0.0
1945-09-02,葡萄牙,Portugal,8059709.0,3.0,0.0,0.038
1945-09-02,比利时,Belgium,8029986.0,1.0,0.0,1.0
1945-09-02,尼泊尔,Nepal,7787517.0,5.0,0.0,0.0
1945-09-02,澳大利亚,Australia,7401089.0,3.0,0.0,0.985
1945-09-02,阿富汗,Afghanistan,7294957.0,3.0,0.0,0.026
1945-09-02,法属摩洛哥,French protectorate of Morocco,7165999.0,5.0,0.0,0.0
1945-09-02,希腊,Greece,7158905.0,5.0,0.0,0.0
1945-09-02,秘鲁,Peru,7046719.0,1.0,0.866,0.997
1945-09-02,坦噶尼喀领地（英国管理）,Tanganyika Territory (British),6927121.0,5.0,0.0,0.0
1945-09-02,奥地利,Austria,6847769.0,1.0,0.0,0.0
1945-09-02,保加利亚,Bulgaria,6693674.0,5.0,0.0,0.0
1945-09-02,瑞典,Sweden,6632848.0,2.0,0.0,0.192
1945-09-02,英属锡兰,British Ceylon,6476048.0,3.0,0.0,1.0
1945-09-02,智利,Chile,6052076.0,1.0,0.205,0.826
1945-09-02,葡属莫桑比克,Portuguese Mozambique,5609240.0,5.0,0.0,0.0
1945-09-02,法属科特迪瓦,French Côte d'Ivoire,5348206.0,3.0,0.0,0.641
1945-09-02,法属苏丹,French Sudan,5287699.0,3.0,0.0,0.859
1945-09-02,乌干达保护国,Uganda Protectorate,5165395.0,3.0,0.0,0.037
1945-09-02,伊拉克,Iraq,5100955.0,3.0,0.0,0.0
1945-09-02,古巴,Cuba,5064997.0,3.0,0.0,0.991
1945-09-02,英属肯尼亚,Kenya Colony,4630730.0,5.0,0.0,0.0
1945-09-02,瑞士,Switzerland,4462222.0,3.0,0.0,0.489
1945-09-02,卢旺达-乌隆迪（比利时管理）,Ruanda-Urundi (Belgian),4349267.0,3.0,0.0,0.996
1945-09-02,葡属安哥拉,Portuguese Angola,4328737.0,5.0,0.0,0.0
1945-09-02,委内瑞拉,Venezuela,4270001.0,3.0,0.0,0.012
1945-09-02,英属黄金海岸,Gold Coast,4200046.0,3.0,0.0,0.023
1945-09-02,法属柬埔寨（保护国）,French Cambodia (protectorate),4139053.0,2.0,0.0,1.0
1945-09-02,丹麦,Denmark,4044532.0,1.0,0.013,0.961
1945-09-02,法属马达加斯加,French Madagascar,4027205.0,5.0,0.0,0.0
1945-09-02,芬兰,Finland,3776301.0,5.0,0.0,0.0
1945-09-02,法国委任统治叙利亚,French Mandate Syria,3338757.0,5.0,0.0,0.0
1945-09-02,法属突尼斯,French protectorate of Tunisia,3312189.0,5.0,0.0,0.0
1945-09-02,玻利维亚,Bolivia,3143581.0,1.0,0.0,1.0
1945-09-02,也门王国,Kingdom of Yemen,3096000.0,4.0,0.0,0.0
1945-09-02,挪威,Norway,3090816.0,3.0,0.0,0.0
1945-09-02,法属尼日尔,French Niger,3051476.0,3.0,0.0,0.995
1945-09-02,法属喀麦隆,French Cameroun,3050537.0,3.0,0.0,0.133
1945-09-02,海地,Haiti,3023948.0,5.0,0.0,0.0
1945-09-02,厄瓜多尔,Ecuador,2945206.0,1.0,0.0,1.0
1945-09-02,爱尔兰,Ireland,2926286.0,1.0,0.987,1.0
1945-09-02,法属几内亚,French Guinea,2879099.0,3.0,0.0,0.997
1945-09-02,沙特阿拉伯,Saudi Arabia,2865999.0,3.0,0.0,0.13
1945-09-02,南罗得西亚,Southern Rhodesia,2679545.0,5.0,0.0,0.0
1945-09-02,危地马拉,Guatemala,2594675.0,1.0,0.019,1.0
1945-09-02,法属塞内加尔,French Senegal,2458478.0,5.0,0.0,0.0
1945-09-02,尼亚萨兰,Nyasaland,2190660.0,5.0,0.0,0.0
1945-09-02,法属乍得,French Chad,2130384.0,5.0,0.0,0.0
1945-09-02,乌拉圭,Uruguay,2120878.0,3.0,0.0,1.0
1945-09-02,法属达荷美,French Dahomey,2117250.0,3.0,0.0,0.993
1945-09-02,北罗得西亚,Northern Rhodesia,2040179.0,5.0,0.0,0.0
1945-09-02,马来属邦,Unfederated Malay States,1983625.0,3.0,0.0,1.0
1945-09-02,萨尔瓦多,El Salvador,1974476.0,2.0,0.0,1.0
1945-09-02,波多黎各,Puerto Rico,1973170.0,3.0,0.0,1.0
1945-09-02,英属塞拉利昂,British Sierra Leone,1935513.0,5.0,0.0,0.0
1945-09-02,多米尼加,Dominican Republic,1929039.0,5.0,0.0,0.0
1945-09-02,英国委任统治巴勒斯坦,Mandatory Palestine (British),1883131.0,5.0,0.0,0.0
1945-09-02,马来联邦,Federated Malay States,1844952.0,1.0,0.035,1.0
1945-09-02,新西兰,New Zealand,1702407.0,5.0,0.0,0.0
1945-09-02,法属老挝,French Laos,1622001.0,2.0,0.0,1.0
1945-09-02,英国管理下的索马里,Somalia (British administration),1596058.0,5.0,0.0,0.0
1945-09-02,西藏,Tibet,1506415.0,3.0,0.0,0.997
1945-09-02,海峡殖民地,Straits Settlements,1463609.0,2.0,0.0,0.336
1945-09-02,英属喀麦隆,British Cameroons,1433275.0,3.0,0.0,0.963
1945-09-02,法属多哥,French Togoland,1363818.0,3.0,0.0,0.996
1945-09-02,洪都拉斯,Honduras,1338880.0,3.0,0.0,1.0
1945-09-02,巴拉圭,Paraguay,1288836.0,3.0,0.0,0.942
1945-09-02,英属牙买加,British Jamaica,1276755.0,5.0,0.0,0.0
1945-09-02,法属乌班吉沙立,French Ubangi-Shari,1233697.0,5.0,0.0,0.0
1945-09-02,黎巴嫩,Lebanon,1223209.0,5.0,0.0,0.0
1945-09-02,新几内亚领地（澳大利亚管理）,Territory of New Guinea (Australian),1139394.0,3.0,0.0,0.056
1945-09-02,西属摩洛哥,Spanish Morocco,1132632.0,3.0,0.0,0.0
1945-09-02,尼加拉瓜,Nicaragua,1130185.0,3.0,0.0,1.0
1945-09-02,阿尔巴尼亚,Albania,1122000.0,5.0,0.0,0.0
1945-09-02,英法管理下的利比亚,Libya (British/French administration),1102887.0,5.0,0.0,0.0
1945-09-02,利比里亚,Liberia,878622.0,5.0,0.0,0.0
1945-09-02,法属刚果,French Congo (Middle Congo),808132.0,5.0,0.0,0.0
1945-09-02,哥斯达黎加,Costa Rica,806577.0,3.0,0.0,1.0
1945-09-02,巴拿马,Panama,789190.0,1.0,0.022,1.0
1945-09-02,蒙古,Mongolia,770833.0,3.0,0.0,0.024
1945-09-02,英国管理下的厄立特里亚,Eritrea (British administration),758326.0,5.0,0.0,0.0
1945-09-02,北婆罗洲,North Borneo,730684.0,5.0,0.0,0.0
1945-09-02,法属毛里塔尼亚,French Mauritania,645887.0,3.0,0.0,0.991
1945-09-02,英属特立尼达和多巴哥,British Trinidad and Tobago,634161.0,3.0,0.0,0.085
1945-09-02,沙捞越,Sarawak,628788.0,5.0,0.0,0.0
1945-09-02,夏威夷（美国领地）,Territory of Hawaii,576161.0,1.0,0.97,1.0
1945-09-02,巴苏陀兰,Basutoland,538709.0,5.0,0.0,0.0
1945-09-02,葡属几内亚,Portuguese Guinea,520350.0,5.0,0.0,0.0
1945-09-02,英属索马里兰,British Somaliland,514196.0,5.0,0.0,0.0
1945-09-02,法属加蓬,French Gabon,512484.0,5.0,0.0,0.0
1945-09-02,亚丁,Aden,493170.0,4.0,0.0,0.0
1945-09-02,英属毛里求斯,British Mauritius,458889.0,3.0,0.0,0.0
1945-09-02,巴布亚领地（澳大利亚）,Territory of Papua (Australian),448935.0,3.0,0.0,1.0
1945-09-02,英属塞浦路斯,British Cyprus,443776.0,5.0,0.0,0.0
1945-09-02,葡属帝汶,Portuguese Timor,422428.0,3.0,0.0,0.078
1945-09-02,英属斐济,British Fiji,418839.0,3.0,0.0,0.06
1945-09-02,马斯喀特和阿曼,Muscat and Oman,417368.0,4.0,0.0,0.0
1945-09-02,外约旦（英国委任统治）,Transjordan (British mandate),409098.0,5.0,0.0,0.0
1945-09-02,马提尼克,Martinique,401164.0,3.0,0.0,0.419
1945-09-02,英属圭亚那,British Guiana,399967.0,3.0,0.0,1.0
1945-09-02,留尼汪,Réunion,384762.0,5.0,0.0,0.0
1945-09-02,西南非洲（南非管理）,South West Africa (South African administration),381617.0,3.0,0.0,0.986
1945-09-02,瓜德罗普,Guadeloupe,373551.0,3.0,0.0,1.0
1945-09-02,东亚丁保护地,East Aden Protectorate,316207.0,4.0,0.0,0.0
1945-09-02,英属多哥兰,British Togoland,307838.0,3.0,0.0,0.375
1945-09-02,贝专纳保护地,Bechuanaland Protectorate,298219.0,5.0,0.0,0.0
1945-09-02,英属冈比亚,British Gambia,296131.0,5.0,0.0,0.0
1945-09-02,英属马耳他,British Malta,285925.0,5.0,0.0,0.0
1945-09-02,卢森堡,Luxembourg,281070.0,1.0,0.143,1.0
1945-09-02,纽芬兰自治领,Dominion of Newfoundland,280144.0,3.0,0.0,0.013
1945-09-02,阿拉斯加（美国领地）,Alaska (US territory),242445.0,1.0,0.946,1.0
1945-09-02,桑给巴尔（英国保护国）,Zanzibar (British protectorate),204558.0,5.0,0.0,0.0
1945-09-02,西属几内亚,Spanish Guinea,193257.0,5.0,0.0,0.0
1945-09-02,英属巴巴多斯,British Barbados,191689.0,3.0,0.0,1.0
1945-09-02,斯威士兰（英国保护地）,Swaziland (British protectorate),189673.0,5.0,0.0,0.0
1945-09-02,荷属苏里南,Dutch Suriname,183886.0,4.0,0.0,0.0
1945-09-02,葡属佛得角,Portuguese Cape Verde,176126.0,5.0,0.0,0.0
1945-09-02,英属所罗门群岛,British Solomon Islands,171424.0,3.0,0.0,0.441
1945-09-02,不丹,Bhutan,158235.0,3.0,0.0,0.008
1945-09-02,冰岛,Iceland,138934.0,3.0,0.0,0.194
1945-09-02,南洋群岛（日本委任统治地）,South Seas Mandate (Japanese),130000.0,6.0,0.0,0.0
1945-09-02,意属爱琴海群岛（多德卡尼斯）,Italian Islands of the Aegean (Dodecanese),120000.0,6.0,0.0,0.0
1945-09-02,特鲁西尔诸国（休战诸国）,Trucial States,107863.0,5.0,0.0,0.0
1945-09-02,新喀里多尼亚,New Caledonia,93319.0,3.0,0.0,1.0
1945-09-02,巴林（英国保护国）,Bahrain (British protectorate),90000.0,6.0,0.0,0.0
1945-09-02,英属巴哈马,British Bahamas,78074.0,3.0,0.0,0.034
1945-09-02,马尔代夫（英国保护国）,Maldives (British protectorate),76802.0,5.0,0.0,0.0
1945-09-02,圣多美和普林西比（葡属）,São Tomé and Príncipe (Portuguese),60000.0,6.0,0.0,0.0
1945-09-02,西萨摩亚（新西兰委任统治地）,Western Samoa (New Zealand mandate),60000.0,6.0,0.0,0.0
1945-09-02,法属索马里,French Somaliland,59793.0,5.0,0.0,0.0
1945-09-02,英属洪都拉斯,British Honduras,58039.0,3.0,0.0,1.0
1945-09-02,新赫布里底（英法共管地）,New Hebrides (Anglo-French condominium),45000.0,6.0,0.0,0.0
1945-09-02,西属西非,Spanish West Africa,43839.0,5.0,0.0,0.0
1945-09-02,法属圭亚那,French Guiana,40194.0,5.0,0.0,0.0
1945-09-02,文莱（英国保护国）,Brunei (British protectorate),36501.0,5.0,0.0,0.0
1945-09-02,吉尔伯特和埃利斯群岛（英属）,Gilbert and Ellice Islands (British),35000.0,6.0,0.0,0.0
1945-09-02,汤加（英国保护国）,Tonga (British protectorate),34000.0,6.0,0.0,0.0
1945-09-02,塞舌尔（英属）,Seychelles (British),32000.0,6.0,0.0,0.0
1945-09-02,卡塔尔（英国保护国）,Qatar (British protectorate),30575.0,5.0,0.0,0.0
1945-09-02,伊尼尼（法属圭亚那内陆）,Inini (French Guiana interior),4027.0,5.0,0.0,0.0
1945-09-02,瑙鲁（澳大利亚管理的委任统治地）,Nauru (Australian-administered mandate),3400.0,6.0,0.0,0.0
1945-09-02,格陵兰（丹麦殖民地）,Greenland (Danish colony),0.0,6.0,0.0,0.0
