date_asked,map_date,archive_ref,file,page_url,sheet_view,scan_px
1942-01-01,1942-01-01,"CAMO 500/12457/195, sheet 1",1942-01-01_blatt1.jpg,https://wwii.germandocsinrussia.org/de/nodes/20601,https://wwii.germandocsinrussia.org/pages/1258579/map,8527x9000
1942-01-01,1942-01-01,"CAMO 500/12457/195, sheet 2",1942-01-01_blatt2.jpg,https://wwii.germandocsinrussia.org/de/nodes/20601,https://wwii.germandocsinrussia.org/pages/1258580/map,9000x6794
1942-02-01,1942-02-01,"CAMO 500/12457/226, sheet 1",1942-02-01_blatt1.jpg,https://wwii.germandocsinrussia.org/de/nodes/20632,https://wwii.germandocsinrussia.org/pages/1436332/map,9000x7450
1942-02-01,1942-02-01,"CAMO 500/12457/226, sheet 2",1942-02-01_blatt2.jpg,https://wwii.germandocsinrussia.org/de/nodes/20632,https://wwii.germandocsinrussia.org/pages/1436333/map,9000x4940
1942-02-01,1942-02-01,"CAMO 500/12457/226, sheet 3",1942-02-01_blatt3.jpg,https://wwii.germandocsinrussia.org/de/nodes/20632,https://wwii.germandocsinrussia.org/pages/1436334/map,4987x9000
1942-03-01,1942-03-01,"CAMO 500/12457/254, sheet 1",1942-03-01_blatt1.jpg,https://wwii.germandocsinrussia.org/de/nodes/20660,https://wwii.germandocsinrussia.org/pages/1436396/map,7365x8100
1942-03-01,1942-03-01,"CAMO 500/12457/254, sheet 2",1942-03-01_blatt2.jpg,https://wwii.germandocsinrussia.org/de/nodes/20660,https://wwii.germandocsinrussia.org/pages/1436397/map,9000x6611
1942-04-01,1942-04-01,"CAMO 500/12457/285, sheet 1",1942-04-01_blatt1.jpg,https://wwii.germandocsinrussia.org/de/nodes/20691,https://wwii.germandocsinrussia.org/pages/1436734/map,7619x8100
1942-04-01,1942-04-01,"CAMO 500/12457/285, sheet 2",1942-04-01_blatt2.jpg,https://wwii.germandocsinrussia.org/de/nodes/20691,https://wwii.germandocsinrussia.org/pages/1436735/map,8100x7861
1942-05-01,1942-05-01,"CAMO 500/12457/315, sheet 1",1942-05-01_blatt1.jpg,https://wwii.germandocsinrussia.org/de/nodes/20721,https://wwii.germandocsinrussia.org/pages/1258641/map,8165x9000
1942-05-01,1942-05-01,"CAMO 500/12457/315, sheet 2",1942-05-01_blatt2.jpg,https://wwii.germandocsinrussia.org/de/nodes/20721,https://wwii.germandocsinrussia.org/pages/1258642/map,9000x6746
1942-06-01,1942-05-31,"CAMO 500/12457/345, sheet 1",1942-06-01_blatt1.jpg,https://wwii.germandocsinrussia.org/de/nodes/20751,https://wwii.germandocsinrussia.org/pages/1258667/map,8171x9000
1942-06-01,1942-05-31,"CAMO 500/12457/345, sheet 2",1942-06-01_blatt2.jpg,https://wwii.germandocsinrussia.org/de/nodes/20751,https://wwii.germandocsinrussia.org/pages/1258668/map,9000x6677
1942-07-01,1942-06-30,"CAMO 500/12457/374, sheet 1",1942-07-01_blatt1.jpg,https://wwii.germandocsinrussia.org/de/nodes/20780,https://wwii.germandocsinrussia.org/pages/1258717/map,8566x9000
1942-07-01,1942-06-30,"CAMO 500/12457/374, sheet 2",1942-07-01_blatt2.jpg,https://wwii.germandocsinrussia.org/de/nodes/20780,https://wwii.germandocsinrussia.org/pages/1258718/map,9000x6915
1942-08-01,1942-08-01,"CAMO 500/12457/405, sheet 1",1942-08-01_blatt1.jpg,https://wwii.germandocsinrussia.org/de/nodes/20811,https://wwii.germandocsinrussia.org/pages/1258725/map,8190x9000
1942-08-01,1942-08-01,"CAMO 500/12457/405, sheet 2",1942-08-01_blatt2.jpg,https://wwii.germandocsinrussia.org/de/nodes/20811,https://wwii.germandocsinrussia.org/pages/1258726/map,9000x6633
1942-09-01,1942-09-01,"CAMO 500/12457/436, sheet 1",1942-09-01_blatt1.jpg,https://wwii.germandocsinrussia.org/de/nodes/20842,https://wwii.germandocsinrussia.org/pages/1272448/map,5754x4887
1942-09-01,1942-09-01,"CAMO 500/12457/436, sheet 2",1942-09-01_blatt2.jpg,https://wwii.germandocsinrussia.org/de/nodes/20842,https://wwii.germandocsinrussia.org/pages/1272449/map,5729x4892
1942-10-01,1942-10-01,"CAMO 500/12457/466, sheet 1",1942-10-01_blatt1.jpg,https://wwii.germandocsinrussia.org/de/nodes/20872,https://wwii.germandocsinrussia.org/pages/1258787/map,9000x7823
1942-10-01,1942-10-01,"CAMO 500/12457/466, sheet 2",1942-10-01_blatt2.jpg,https://wwii.germandocsinrussia.org/de/nodes/20872,https://wwii.germandocsinrussia.org/pages/1258788/map,9000x7589
1942-11-01,1942-11-01,"CAMO 500/12457/497, sheet 1",1942-11-01_blatt1.jpg,https://wwii.germandocsinrussia.org/de/nodes/20903,https://wwii.germandocsinrussia.org/pages/1272510/map,5739x4762
1942-11-01,1942-11-01,"CAMO 500/12457/497, sheet 2",1942-11-01_blatt2.jpg,https://wwii.germandocsinrussia.org/de/nodes/20903,https://wwii.germandocsinrussia.org/pages/1272511/map,5759x4762
1942-12-01,1942-12-01,"CAMO 500/12457/527, sheet 1",1942-12-01_blatt1.jpg,https://wwii.germandocsinrussia.org/de/nodes/20933,https://wwii.germandocsinrussia.org/pages/1258857/map,9000x7735
1942-12-01,1942-12-01,"CAMO 500/12457/527, sheet 2",1942-12-01_blatt2.jpg,https://wwii.germandocsinrussia.org/de/nodes/20933,https://wwii.germandocsinrussia.org/pages/1258858/map,9000x7563
